doctor_id,doctor_name,area,disease,specialization,experience_years,rating,consultation_fee
1,Dr. Vikas Jadhav,Mumbai,Flu,General Physician,24,3.7,1133
2,Dr. Amit Jadhav,Mumbai,Flu,General Physician,34,4.3,1074
3,Dr. Priya Kulkarni,Mumbai,Flu,General Physician,16,4.4,1114
4,Dr. Anil Patil,Mumbai,Flu,General Physician,16,3.9,1297
5,Dr. Pooja Sharma,Mumbai,Flu,General Physician,3,3.5,1392
6,Dr. Pooja Jadhav,Mumbai,Flu,General Physician,18,4.8,1484
7,Dr. Sneha Gupta,Mumbai,Flu,General Physician,22,4.7,312
8,Dr. Vikas Kulkarni,Mumbai,Flu,General Physician,34,4.7,349
9,Dr. Vikas Shinde,Mumbai,Flu,General Physician,30,3.5,560
10,Dr. Priya Sharma,Mumbai,Flu,General Physician,19,3.7,446
11,Dr. Sneha Shinde,Mumbai,Cold,General Physician,7,4.8,309
12,Dr. Amit Kulkarni,Mumbai,Cold,General Physician,34,4.6,846
13,Dr. Pooja Patil,Mumbai,Cold,General Physician,5,4.1,1472
14,Dr. Amit Sharma,Mumbai,Cold,General Physician,3,4.7,390
15,Dr. Anil Patil,Mumbai,Cold,General Physician,25,4.0,1116
16,Dr. Anil Sharma,Mumbai,Cold,General Physician,6,4.4,1369
17,Dr. Sneha Joshi,Mumbai,Cold,General Physician,27,4.0,365
18,Dr. Rohit Jadhav,Mumbai,Cold,General Physician,11,3.9,1335
19,Dr. Rohit Patil,Mumbai,Cold,General Physician,25,4.5,1180
20,Dr. Anil Jadhav,Mumbai,Cold,General Physician,6,4.0,1347
21,Dr. Vikas Deshmukh,Mumbai,COVID-19,Pulmonologist,21,4.0,471
22,Dr. Neha Gupta,Mumbai,COVID-19,Pulmonologist,22,3.7,1200
23,Dr. Vikas Deshmukh,Mumbai,COVID-19,Pulmonologist,1,3.7,434
24,Dr. Priya Gupta,Mumbai,COVID-19,Pulmonologist,23,4.5,887
25,Dr. Pooja Sharma,Mumbai,COVID-19,Pulmonologist,27,3.9,835
26,Dr. Vikas Deshmukh,Mumbai,COVID-19,Pulmonologist,23,4.3,1385
27,Dr. Pooja Jadhav,Mumbai,COVID-19,Pulmonologist,26,4.5,924
28,Dr. Anil Jadhav,Mumbai,COVID-19,Pulmonologist,3,3.8,821
29,Dr. Rohit Shinde,Mumbai,COVID-19,Pulmonologist,34,5.0,1192
30,Dr. Anil Kulkarni,Mumbai,COVID-19,Pulmonologist,34,4.7,437
31,Dr. Pooja Jadhav,Mumbai,Malaria,Infectious Disease,17,4.1,1142
32,Dr. Anil Jadhav,Mumbai,Malaria,Infectious Disease,17,3.8,286
33,Dr. Neha Kulkarni,Mumbai,Malaria,Infectious Disease,11,3.7,1258
34,Dr. Rohit Joshi,Mumbai,Malaria,Infectious Disease,5,3.7,1078
35,Dr. Anil Gupta,Mumbai,Malaria,Infectious Disease,6,4.6,315
36,Dr. Amit Shinde,Mumbai,Malaria,Infectious Disease,31,4.2,1451
37,Dr. Vikas Sharma,Mumbai,Malaria,Infectious Disease,20,4.5,1481
38,Dr. Rohit Sharma,Mumbai,Malaria,Infectious Disease,14,3.8,208
39,Dr. Pooja Deshmukh,Mumbai,Malaria,Infectious Disease,1,4.6,313
40,Dr. Pooja Shinde,Mumbai,Malaria,Infectious Disease,26,4.7,800
41,Dr. Rahul Sharma,Mumbai,Dengue,Infectious Disease,1,4.2,749
42,Dr. Pooja Kulkarni,Mumbai,Dengue,Infectious Disease,27,4.8,977
43,Dr. Sneha Deshmukh,Mumbai,Dengue,Infectious Disease,2,4.9,277
44,Dr. Vikas Joshi,Mumbai,Dengue,Infectious Disease,11,4.8,717
45,Dr. Priya Kulkarni,Mumbai,Dengue,Infectious Disease,11,4.6,288
46,Dr. Vikas Shinde,Mumbai,Dengue,Infectious Disease,34,4.7,210
47,Dr. Kiran Kulkarni,Mumbai,Dengue,Infectious Disease,26,3.8,637
48,Dr. Anil Deshmukh,Mumbai,Dengue,Infectious Disease,31,4.7,1490
49,Dr. Priya Shinde,Mumbai,Dengue,Infectious Disease,11,3.9,247
50,Dr. Priya Jadhav,Mumbai,Dengue,Infectious Disease,20,4.1,1364
51,Dr. Priya Jadhav,Mumbai,Typhoid,General Physician,15,4.5,1059
52,Dr. Amit Patil,Mumbai,Typhoid,General Physician,24,4.4,311
53,Dr. Anil Joshi,Mumbai,Typhoid,General Physician,16,4.0,382
54,Dr. Amit Patil,Mumbai,Typhoid,General Physician,14,4.2,983
55,Dr. Neha Patil,Mumbai,Typhoid,General Physician,34,3.9,525
56,Dr. Amit Deshmukh,Mumbai,Typhoid,General Physician,18,3.8,1006
57,Dr. Neha Shinde,Mumbai,Typhoid,General Physician,13,4.7,1460
58,Dr. Rohit Patil,Mumbai,Typhoid,General Physician,9,4.8,1074
59,Dr. Rohit Shinde,Mumbai,Typhoid,General Physician,9,4.2,334
60,Dr. Kiran Sharma,Mumbai,Typhoid,General Physician,28,4.9,636
61,Dr. Priya Jadhav,Mumbai,Asthma,Pulmonologist,2,4.6,964
62,Dr. Amit Joshi,Mumbai,Asthma,Pulmonologist,7,4.9,683
63,Dr. Neha Sharma,Mumbai,Asthma,Pulmonologist,35,3.9,879
64,Dr. Rahul Kulkarni,Mumbai,Asthma,Pulmonologist,5,4.9,304
65,Dr. Pooja Joshi,Mumbai,Asthma,Pulmonologist,16,3.6,410
66,Dr. Rahul Joshi,Mumbai,Asthma,Pulmonologist,4,4.9,325
67,Dr. Rohit Shinde,Mumbai,Asthma,Pulmonologist,31,4.0,564
68,Dr. Rohit Shinde,Mumbai,Asthma,Pulmonologist,22,4.7,1500
69,Dr. Pooja Joshi,Mumbai,Asthma,Pulmonologist,33,4.6,355
70,Dr. Anil Jadhav,Mumbai,Asthma,Pulmonologist,19,4.8,1438
71,Dr. Vikas Gupta,Mumbai,Diabetes,Endocrinologist,9,4.9,1426
72,Dr. Anil Gupta,Mumbai,Diabetes,Endocrinologist,10,3.9,494
73,Dr. Rohit Kulkarni,Mumbai,Diabetes,Endocrinologist,31,3.6,1103
74,Dr. Rahul Sharma,Mumbai,Diabetes,Endocrinologist,7,4.0,1393
75,Dr. Rohit Joshi,Mumbai,Diabetes,Endocrinologist,27,4.5,1258
76,Dr. Vikas Patil,Mumbai,Diabetes,Endocrinologist,30,4.1,349
77,Dr. Amit Joshi,Mumbai,Diabetes,Endocrinologist,27,4.6,1334
78,Dr. Rohit Patil,Mumbai,Diabetes,Endocrinologist,33,3.6,1446
79,Dr. Rohit Deshmukh,Mumbai,Diabetes,Endocrinologist,33,4.8,467
80,Dr. Pooja Deshmukh,Mumbai,Diabetes,Endocrinologist,6,3.7,229
81,Dr. Pooja Joshi,Mumbai,Migraine,Neurologist,6,4.1,453
82,Dr. Kiran Patil,Mumbai,Migraine,Neurologist,4,3.8,1367
83,Dr. Rohit Jadhav,Mumbai,Migraine,Neurologist,9,4.0,482
84,Dr. Priya Deshmukh,Mumbai,Migraine,Neurologist,10,3.7,248
85,Dr. Neha Sharma,Mumbai,Migraine,Neurologist,9,4.5,1413
86,Dr. Vikas Deshmukh,Mumbai,Migraine,Neurologist,27,3.6,1408
87,Dr. Vikas Sharma,Mumbai,Migraine,Neurologist,23,3.7,983
88,Dr. Sneha Gupta,Mumbai,Migraine,Neurologist,19,4.2,832
89,Dr. Sneha Deshmukh,Mumbai,Migraine,Neurologist,12,3.6,285
90,Dr. Rohit Jadhav,Mumbai,Migraine,Neurologist,25,4.5,1154
91,Dr. Vikas Sharma,Mumbai,Food Poisoning,Gastroenterologist,13,3.8,369
92,Dr. Rohit Deshmukh,Mumbai,Food Poisoning,Gastroenterologist,2,3.8,1069
93,Dr. Amit Patil,Mumbai,Food Poisoning,Gastroenterologist,18,4.1,1468
94,Dr. Vikas Deshmukh,Mumbai,Food Poisoning,Gastroenterologist,22,4.3,900
95,Dr. Priya Sharma,Mumbai,Food Poisoning,Gastroenterologist,20,4.7,1068
96,Dr. Rahul Gupta,Mumbai,Food Poisoning,Gastroenterologist,12,4.6,464
97,Dr. Sneha Jadhav,Mumbai,Food Poisoning,Gastroenterologist,12,4.2,522
98,Dr. Sneha Patil,Mumbai,Food Poisoning,Gastroenterologist,19,4.4,1309
99,Dr. Vikas Shinde,Mumbai,Food Poisoning,Gastroenterologist,13,4.8,861
100,Dr. Rahul Deshmukh,Mumbai,Food Poisoning,Gastroenterologist,34,4.1,895
101,Dr. Neha Jadhav,Mumbai,Jaundice,Hepatologist,33,4.9,242
102,Dr. Rahul Kulkarni,Mumbai,Jaundice,Hepatologist,31,4.3,225
103,Dr. Vikas Gupta,Mumbai,Jaundice,Hepatologist,31,3.7,1147
104,Dr. Rahul Gupta,Mumbai,Jaundice,Hepatologist,15,4.5,1267
105,Dr. Anil Jadhav,Mumbai,Jaundice,Hepatologist,32,4.0,995
106,Dr. Sneha Kulkarni,Mumbai,Jaundice,Hepatologist,25,4.3,473
107,Dr. Kiran Sharma,Mumbai,Jaundice,Hepatologist,3,4.9,1490
108,Dr. Sneha Patil,Mumbai,Jaundice,Hepatologist,25,4.8,801
109,Dr. Amit Joshi,Mumbai,Jaundice,Hepatologist,4,4.5,670
110,Dr. Vikas Kulkarni,Mumbai,Jaundice,Hepatologist,22,3.8,235
111,Dr. Kiran Sharma,Mumbai,Chickenpox,Dermatologist,16,3.5,278
112,Dr. Rahul Jadhav,Mumbai,Chickenpox,Dermatologist,21,4.7,897
113,Dr. Vikas Patil,Mumbai,Chickenpox,Dermatologist,29,3.7,306
114,Dr. Rohit Shinde,Mumbai,Chickenpox,Dermatologist,26,5.0,1086
115,Dr. Vikas Joshi,Mumbai,Chickenpox,Dermatologist,3,4.5,603
116,Dr. Sneha Sharma,Mumbai,Chickenpox,Dermatologist,15,4.7,237
117,Dr. Anil Kulkarni,Mumbai,Chickenpox,Dermatologist,34,4.7,1276
118,Dr. Kiran Sharma,Mumbai,Chickenpox,Dermatologist,21,5.0,1220
119,Dr. Rahul Joshi,Mumbai,Chickenpox,Dermatologist,35,4.5,307
120,Dr. Neha Sharma,Mumbai,Chickenpox,Dermatologist,1,4.3,932
121,Dr. Neha Sharma,Mumbai,Measles,Pediatrician,14,4.5,399
122,Dr. Pooja Shinde,Mumbai,Measles,Pediatrician,14,4.6,513
123,Dr. Kiran Gupta,Mumbai,Measles,Pediatrician,3,3.7,526
124,Dr. Kiran Sharma,Mumbai,Measles,Pediatrician,9,4.0,496
125,Dr. Anil Joshi,Mumbai,Measles,Pediatrician,5,3.7,1030
126,Dr. Amit Sharma,Mumbai,Measles,Pediatrician,8,5.0,1297
127,Dr. Sneha Joshi,Mumbai,Measles,Pediatrician,27,4.7,1317
128,Dr. Sneha Deshmukh,Mumbai,Measles,Pediatrician,5,3.9,1113
129,Dr. Amit Sharma,Mumbai,Measles,Pediatrician,22,3.9,821
130,Dr. Amit Kulkarni,Mumbai,Measles,Pediatrician,6,4.3,324
131,Dr. Rohit Gupta,Mumbai,Arthritis,Orthopedic,19,4.2,233
132,Dr. Anil Jadhav,Mumbai,Arthritis,Orthopedic,27,3.6,342
133,Dr. Rahul Gupta,Mumbai,Arthritis,Orthopedic,4,4.2,1315
134,Dr. Kiran Deshmukh,Mumbai,Arthritis,Orthopedic,7,3.9,1052
135,Dr. Neha Joshi,Mumbai,Arthritis,Orthopedic,6,4.8,1111
136,Dr. Priya Deshmukh,Mumbai,Arthritis,Orthopedic,20,3.5,1143
137,Dr. Sneha Patil,Mumbai,Arthritis,Orthopedic,32,4.2,1465
138,Dr. Sneha Shinde,Mumbai,Arthritis,Orthopedic,10,4.2,405
139,Dr. Kiran Shinde,Mumbai,Arthritis,Orthopedic,9,3.7,725
140,Dr. Amit Sharma,Mumbai,Arthritis,Orthopedic,14,4.1,1072
141,Dr. Sneha Joshi,Pune,Flu,General Physician,30,4.8,303
142,Dr. Vikas Joshi,Pune,Flu,General Physician,34,4.8,672
143,Dr. Amit Jadhav,Pune,Flu,General Physician,5,4.5,437
144,Dr. Anil Sharma,Pune,Flu,General Physician,26,4.9,1107
145,Dr. Anil Jadhav,Pune,Flu,General Physician,20,3.7,888
146,Dr. Priya Shinde,Pune,Flu,General Physician,33,4.3,914
147,Dr. Rahul Sharma,Pune,Flu,General Physician,7,4.0,625
148,Dr. Neha Jadhav,Pune,Flu,General Physician,34,4.6,745
149,Dr. Priya Kulkarni,Pune,Flu,General Physician,9,4.3,756
150,Dr. Amit Jadhav,Pune,Flu,General Physician,30,3.5,994
151,Dr. Vikas Patil,Pune,Cold,General Physician,18,4.6,671
152,Dr. Sneha Patil,Pune,Cold,General Physician,9,3.8,565
153,Dr. Vikas Deshmukh,Pune,Cold,General Physician,8,4.0,1093
154,Dr. Anil Jadhav,Pune,Cold,General Physician,25,3.6,1238
155,Dr. Amit Patil,Pune,Cold,General Physician,13,4.0,885
156,Dr. Pooja Sharma,Pune,Cold,General Physician,5,4.6,214
157,Dr. Vikas Kulkarni,Pune,Cold,General Physician,32,4.6,1269
158,Dr. Amit Joshi,Pune,Cold,General Physician,26,4.1,923
159,Dr. Rahul Jadhav,Pune,Cold,General Physician,31,4.7,1023
160,Dr. Kiran Kulkarni,Pune,Cold,General Physician,31,4.4,739
161,Dr. Amit Kulkarni,Pune,COVID-19,Pulmonologist,26,3.8,887
162,Dr. Anil Kulkarni,Pune,COVID-19,Pulmonologist,6,4.5,281
163,Dr. Amit Patil,Pune,COVID-19,Pulmonologist,30,3.7,1372
164,Dr. Pooja Patil,Pune,COVID-19,Pulmonologist,13,4.1,857
165,Dr. Neha Deshmukh,Pune,COVID-19,Pulmonologist,19,3.7,1203
166,Dr. Kiran Gupta,Pune,COVID-19,Pulmonologist,2,3.8,1117
167,Dr. Amit Jadhav,Pune,COVID-19,Pulmonologist,8,3.5,645
168,Dr. Vikas Sharma,Pune,COVID-19,Pulmonologist,4,4.4,1218
169,Dr. Amit Jadhav,Pune,COVID-19,Pulmonologist,3,4.7,1332
170,Dr. Sneha Patil,Pune,COVID-19,Pulmonologist,34,3.7,1338
171,Dr. Anil Deshmukh,Pune,Malaria,Infectious Disease,27,4.1,1194
172,Dr. Anil Kulkarni,Pune,Malaria,Infectious Disease,2,4.1,891
173,Dr. Sneha Patil,Pune,Malaria,Infectious Disease,6,4.7,200
174,Dr. Pooja Joshi,Pune,Malaria,Infectious Disease,13,4.8,1317
175,Dr. Sneha Gupta,Pune,Malaria,Infectious Disease,19,4.1,533
176,Dr. Priya Sharma,Pune,Malaria,Infectious Disease,18,4.9,1135
177,Dr. Anil Shinde,Pune,Malaria,Infectious Disease,19,3.6,1475
178,Dr. Priya Shinde,Pune,Malaria,Infectious Disease,19,4.6,464
179,Dr. Vikas Shinde,Pune,Malaria,Infectious Disease,11,4.7,453
180,Dr. Priya Jadhav,Pune,Malaria,Infectious Disease,12,4.7,208
181,Dr. Sneha Deshmukh,Pune,Dengue,Infectious Disease,4,3.6,342
182,Dr. Pooja Jadhav,Pune,Dengue,Infectious Disease,12,3.6,730
183,Dr. Amit Sharma,Pune,Dengue,Infectious Disease,19,4.0,295
184,Dr. Anil Shinde,Pune,Dengue,Infectious Disease,7,4.4,316
185,Dr. Kiran Deshmukh,Pune,Dengue,Infectious Disease,14,4.8,1193
186,Dr. Neha Sharma,Pune,Dengue,Infectious Disease,32,4.8,657
187,Dr. Amit Jadhav,Pune,Dengue,Infectious Disease,2,3.7,428
188,Dr. Pooja Sharma,Pune,Dengue,Infectious Disease,23,4.5,1453
189,Dr. Anil Deshmukh,Pune,Dengue,Infectious Disease,22,3.6,1153
190,Dr. Amit Shinde,Pune,Dengue,Infectious Disease,24,3.7,625
191,Dr. Sneha Gupta,Pune,Typhoid,General Physician,3,4.3,551
192,Dr. Vikas Sharma,Pune,Typhoid,General Physician,30,3.9,865
193,Dr. Anil Kulkarni,Pune,Typhoid,General Physician,25,4.7,569
194,Dr. Sneha Deshmukh,Pune,Typhoid,General Physician,9,3.5,1493
195,Dr. Kiran Shinde,Pune,Typhoid,General Physician,23,3.7,543
196,Dr. Anil Jadhav,Pune,Typhoid,General Physician,15,4.6,913
197,Dr. Amit Gupta,Pune,Typhoid,General Physician,31,4.5,898
198,Dr. Priya Kulkarni,Pune,Typhoid,General Physician,29,3.9,1309
199,Dr. Rahul Patil,Pune,Typhoid,General Physician,29,4.7,650
200,Dr. Sneha Shinde,Pune,Typhoid,General Physician,21,4.7,901
201,Dr. Amit Sharma,Pune,Asthma,Pulmonologist,32,4.0,928
202,Dr. Vikas Joshi,Pune,Asthma,Pulmonologist,32,4.6,372
203,Dr. Anil Gupta,Pune,Asthma,Pulmonologist,5,3.8,1095
204,Dr. Rohit Joshi,Pune,Asthma,Pulmonologist,7,3.6,728
205,Dr. Amit Sharma,Pune,Asthma,Pulmonologist,12,3.9,809
206,Dr. Neha Jadhav,Pune,Asthma,Pulmonologist,21,3.7,470
207,Dr. Amit Patil,Pune,Asthma,Pulmonologist,18,3.9,333
208,Dr. Priya Gupta,Pune,Asthma,Pulmonologist,23,3.7,484
209,Dr. Anil Gupta,Pune,Asthma,Pulmonologist,29,3.9,1253
210,Dr. Amit Gupta,Pune,Asthma,Pulmonologist,19,4.7,1492
211,Dr. Rohit Patil,Pune,Diabetes,Endocrinologist,18,4.3,565
212,Dr. Rahul Patil,Pune,Diabetes,Endocrinologist,24,4.5,639
213,Dr. Sneha Shinde,Pune,Diabetes,Endocrinologist,10,3.7,1069
214,Dr. Anil Kulkarni,Pune,Diabetes,Endocrinologist,22,4.4,1320
215,Dr. Kiran Joshi,Pune,Diabetes,Endocrinologist,18,4.6,1166
216,Dr. Sneha Joshi,Pune,Diabetes,Endocrinologist,24,4.0,618
217,Dr. Neha Deshmukh,Pune,Diabetes,Endocrinologist,2,4.9,286
218,Dr. Sneha Jadhav,Pune,Diabetes,Endocrinologist,31,4.1,1420
219,Dr. Amit Sharma,Pune,Diabetes,Endocrinologist,15,4.7,1113
220,Dr. Pooja Patil,Pune,Diabetes,Endocrinologist,15,4.6,1397
221,Dr. Rohit Patil,Pune,Migraine,Neurologist,10,4.2,1218
222,Dr. Rohit Gupta,Pune,Migraine,Neurologist,16,4.2,784
223,Dr. Kiran Deshmukh,Pune,Migraine,Neurologist,18,4.9,1310
224,Dr. Rohit Sharma,Pune,Migraine,Neurologist,6,4.1,1436
225,Dr. Sneha Kulkarni,Pune,Migraine,Neurologist,30,4.8,853
226,Dr. Amit Patil,Pune,Migraine,Neurologist,20,3.9,1184
227,Dr. Sneha Jadhav,Pune,Migraine,Neurologist,15,4.8,669
228,Dr. Rahul Deshmukh,Pune,Migraine,Neurologist,24,4.4,1014
229,Dr. Amit Gupta,Pune,Migraine,Neurologist,12,4.3,226
230,Dr. Rohit Jadhav,Pune,Migraine,Neurologist,29,4.5,718
231,Dr. Neha Kulkarni,Pune,Food Poisoning,Gastroenterologist,30,4.1,852
232,Dr. Rohit Deshmukh,Pune,Food Poisoning,Gastroenterologist,3,3.6,1100
233,Dr. Rahul Shinde,Pune,Food Poisoning,Gastroenterologist,12,3.8,1051
234,Dr. Sneha Shinde,Pune,Food Poisoning,Gastroenterologist,17,4.7,894
235,Dr. Priya Kulkarni,Pune,Food Poisoning,Gastroenterologist,28,4.1,1162
236,Dr. Amit Deshmukh,Pune,Food Poisoning,Gastroenterologist,26,4.9,661
237,Dr. Pooja Sharma,Pune,Food Poisoning,Gastroenterologist,32,4.1,1423
238,Dr. Rahul Shinde,Pune,Food Poisoning,Gastroenterologist,7,3.6,1440
239,Dr. Sneha Patil,Pune,Food Poisoning,Gastroenterologist,20,4.9,777
240,Dr. Kiran Gupta,Pune,Food Poisoning,Gastroenterologist,20,4.1,1442
241,Dr. Kiran Joshi,Pune,Jaundice,Hepatologist,6,4.4,574
242,Dr. Rahul Jadhav,Pune,Jaundice,Hepatologist,5,4.7,784
243,Dr. Priya Patil,Pune,Jaundice,Hepatologist,31,3.9,724
244,Dr. Rahul Patil,Pune,Jaundice,Hepatologist,32,4.7,515
245,Dr. Anil Deshmukh,Pune,Jaundice,Hepatologist,33,4.5,1488
246,Dr. Rahul Joshi,Pune,Jaundice,Hepatologist,14,3.5,1419
247,Dr. Sneha Kulkarni,Pune,Jaundice,Hepatologist,12,4.4,788
248,Dr. Amit Joshi,Pune,Jaundice,Hepatologist,32,3.9,1297
249,Dr. Priya Patil,Pune,Jaundice,Hepatologist,12,5.0,912
250,Dr. Anil Deshmukh,Pune,Jaundice,Hepatologist,11,3.6,755
251,Dr. Sneha Shinde,Pune,Chickenpox,Dermatologist,11,3.9,1262
252,Dr. Rahul Joshi,Pune,Chickenpox,Dermatologist,28,4.4,1254
253,Dr. Vikas Patil,Pune,Chickenpox,Dermatologist,6,3.9,933
254,Dr. Anil Patil,Pune,Chickenpox,Dermatologist,8,3.9,1082
255,Dr. Priya Kulkarni,Pune,Chickenpox,Dermatologist,20,4.9,716
256,Dr. Kiran Jadhav,Pune,Chickenpox,Dermatologist,2,4.0,492
257,Dr. Anil Patil,Pune,Chickenpox,Dermatologist,10,3.6,1468
258,Dr. Sneha Deshmukh,Pune,Chickenpox,Dermatologist,19,3.9,546
259,Dr. Rahul Joshi,Pune,Chickenpox,Dermatologist,21,4.6,349
260,Dr. Rohit Deshmukh,Pune,Chickenpox,Dermatologist,32,3.5,429
261,Dr. Priya Kulkarni,Pune,Measles,Pediatrician,20,4.4,1446
262,Dr. Amit Jadhav,Pune,Measles,Pediatrician,25,4.8,1359
263,Dr. Vikas Gupta,Pune,Measles,Pediatrician,8,4.3,1033
264,Dr. Vikas Deshmukh,Pune,Measles,Pediatrician,4,4.1,417
265,Dr. Anil Gupta,Pune,Measles,Pediatrician,27,4.3,1093
266,Dr. Vikas Deshmukh,Pune,Measles,Pediatrician,19,4.7,286
267,Dr. Neha Shinde,Pune,Measles,Pediatrician,15,3.6,893
268,Dr. Amit Jadhav,Pune,Measles,Pediatrician,24,4.1,955
269,Dr. Rohit Shinde,Pune,Measles,Pediatrician,1,3.6,483
270,Dr. Vikas Shinde,Pune,Measles,Pediatrician,5,3.9,541
271,Dr. Vikas Jadhav,Pune,Arthritis,Orthopedic,29,3.8,511
272,Dr. Vikas Shinde,Pune,Arthritis,Orthopedic,12,3.8,252
273,Dr. Neha Jadhav,Pune,Arthritis,Orthopedic,12,4.3,1114
274,Dr. Vikas Jadhav,Pune,Arthritis,Orthopedic,13,4.0,266
275,Dr. Kiran Deshmukh,Pune,Arthritis,Orthopedic,27,4.5,849
276,Dr. Kiran Gupta,Pune,Arthritis,Orthopedic,9,4.1,1371
277,Dr. Amit Patil,Pune,Arthritis,Orthopedic,7,3.6,757
278,Dr. Sneha Patil,Pune,Arthritis,Orthopedic,31,5.0,916
279,Dr. Priya Jadhav,Pune,Arthritis,Orthopedic,10,3.9,942
280,Dr. Rohit Patil,Pune,Arthritis,Orthopedic,24,3.8,1118
281,Dr. Vikas Jadhav,Nagpur,Flu,General Physician,1,4.0,1352
282,Dr. Kiran Gupta,Nagpur,Flu,General Physician,34,4.7,1404
283,Dr. Priya Deshmukh,Nagpur,Flu,General Physician,4,3.6,695
284,Dr. Neha Patil,Nagpur,Flu,General Physician,22,5.0,402
285,Dr. Vikas Gupta,Nagpur,Flu,General Physician,18,4.2,315
286,Dr. Rohit Kulkarni,Nagpur,Flu,General Physician,23,4.0,400
287,Dr. Amit Sharma,Nagpur,Flu,General Physician,18,4.0,655
288,Dr. Amit Patil,Nagpur,Flu,General Physician,29,4.0,796
289,Dr. Kiran Gupta,Nagpur,Flu,General Physician,32,4.8,1305
290,Dr. Vikas Shinde,Nagpur,Flu,General Physician,21,4.8,699
291,Dr. Rahul Jadhav,Nagpur,Cold,General Physician,4,3.8,967
292,Dr. Kiran Gupta,Nagpur,Cold,General Physician,18,4.3,802
293,Dr. Neha Joshi,Nagpur,Cold,General Physician,33,5.0,630
294,Dr. Amit Gupta,Nagpur,Cold,General Physician,11,3.6,341
295,Dr. Priya Kulkarni,Nagpur,Cold,General Physician,3,4.7,708
296,Dr. Sneha Joshi,Nagpur,Cold,General Physician,33,4.4,1002
297,Dr. Sneha Deshmukh,Nagpur,Cold,General Physician,18,3.6,651
298,Dr. Pooja Shinde,Nagpur,Cold,General Physician,27,4.3,760
299,Dr. Kiran Deshmukh,Nagpur,Cold,General Physician,29,4.3,1363
300,Dr. Pooja Joshi,Nagpur,Cold,General Physician,33,4.2,235
301,Dr. Rohit Kulkarni,Nagpur,COVID-19,Pulmonologist,17,4.0,1319
302,Dr. Neha Deshmukh,Nagpur,COVID-19,Pulmonologist,12,3.6,203
303,Dr. Amit Sharma,Nagpur,COVID-19,Pulmonologist,24,4.0,736
304,Dr. Neha Kulkarni,Nagpur,COVID-19,Pulmonologist,34,3.5,656
305,Dr. Priya Jadhav,Nagpur,COVID-19,Pulmonologist,4,3.7,472
306,Dr. Rohit Patil,Nagpur,COVID-19,Pulmonologist,24,3.6,1258
307,Dr. Rahul Jadhav,Nagpur,COVID-19,Pulmonologist,35,4.4,1391
308,Dr. Anil Joshi,Nagpur,COVID-19,Pulmonologist,7,4.9,777
309,Dr. Sneha Patil,Nagpur,COVID-19,Pulmonologist,29,4.9,878
310,Dr. Rohit Joshi,Nagpur,COVID-19,Pulmonologist,3,4.2,730
311,Dr. Kiran Shinde,Nagpur,Malaria,Infectious Disease,6,3.8,745
312,Dr. Priya Deshmukh,Nagpur,Malaria,Infectious Disease,26,4.3,444
313,Dr. Anil Deshmukh,Nagpur,Malaria,Infectious Disease,26,3.6,927
314,Dr. Anil Sharma,Nagpur,Malaria,Infectious Disease,27,4.3,706
315,Dr. Rahul Jadhav,Nagpur,Malaria,Infectious Disease,5,4.0,991
316,Dr. Amit Gupta,Nagpur,Malaria,Infectious Disease,35,3.5,482
317,Dr. Kiran Kulkarni,Nagpur,Malaria,Infectious Disease,14,4.7,561
318,Dr. Anil Deshmukh,Nagpur,Malaria,Infectious Disease,10,4.3,469
319,Dr. Sneha Joshi,Nagpur,Malaria,Infectious Disease,25,4.4,407
320,Dr. Pooja Joshi,Nagpur,Malaria,Infectious Disease,26,4.3,1279
321,Dr. Sneha Joshi,Nagpur,Dengue,Infectious Disease,7,4.5,1078
322,Dr. Amit Deshmukh,Nagpur,Dengue,Infectious Disease,7,3.9,342
323,Dr. Vikas Gupta,Nagpur,Dengue,Infectious Disease,20,4.3,946
324,Dr. Neha Shinde,Nagpur,Dengue,Infectious Disease,28,3.7,725
325,Dr. Vikas Kulkarni,Nagpur,Dengue,Infectious Disease,13,4.1,765
326,Dr. Amit Sharma,Nagpur,Dengue,Infectious Disease,19,4.4,343
327,Dr. Rohit Shinde,Nagpur,Dengue,Infectious Disease,16,4.5,551
328,Dr. Amit Shinde,Nagpur,Dengue,Infectious Disease,33,3.5,615
329,Dr. Vikas Joshi,Nagpur,Dengue,Infectious Disease,2,4.9,675
330,Dr. Anil Shinde,Nagpur,Dengue,Infectious Disease,19,4.3,721
331,Dr. Vikas Deshmukh,Nagpur,Typhoid,General Physician,28,4.4,441
332,Dr. Neha Jadhav,Nagpur,Typhoid,General Physician,27,3.9,1079
333,Dr. Anil Shinde,Nagpur,Typhoid,General Physician,30,4.0,1219
334,Dr. Sneha Patil,Nagpur,Typhoid,General Physician,8,3.5,581
335,Dr. Rohit Jadhav,Nagpur,Typhoid,General Physician,34,3.6,337
336,Dr. Pooja Gupta,Nagpur,Typhoid,General Physician,2,4.7,816
337,Dr. Rahul Joshi,Nagpur,Typhoid,General Physician,10,3.6,1039
338,Dr. Rohit Deshmukh,Nagpur,Typhoid,General Physician,22,4.6,825
339,Dr. Neha Shinde,Nagpur,Typhoid,General Physician,1,4.3,368
340,Dr. Kiran Gupta,Nagpur,Typhoid,General Physician,6,4.2,1225
341,Dr. Priya Jadhav,Nagpur,Asthma,Pulmonologist,24,3.8,1145
342,Dr. Anil Deshmukh,Nagpur,Asthma,Pulmonologist,14,4.4,1426
343,Dr. Amit Deshmukh,Nagpur,Asthma,Pulmonologist,3,4.2,265
344,Dr. Kiran Sharma,Nagpur,Asthma,Pulmonologist,2,4.8,792
345,Dr. Sneha Shinde,Nagpur,Asthma,Pulmonologist,18,4.7,674
346,Dr. Anil Joshi,Nagpur,Asthma,Pulmonologist,34,4.2,367
347,Dr. Neha Sharma,Nagpur,Asthma,Pulmonologist,29,4.3,399
348,Dr. Rohit Kulkarni,Nagpur,Asthma,Pulmonologist,14,3.8,503
349,Dr. Priya Joshi,Nagpur,Asthma,Pulmonologist,16,4.7,1221
350,Dr. Anil Gupta,Nagpur,Asthma,Pulmonologist,35,4.3,938
351,Dr. Kiran Shinde,Nagpur,Diabetes,Endocrinologist,16,4.4,520
352,Dr. Vikas Kulkarni,Nagpur,Diabetes,Endocrinologist,27,4.6,1458
353,Dr. Vikas Gupta,Nagpur,Diabetes,Endocrinologist,34,4.7,1101
354,Dr. Sneha Gupta,Nagpur,Diabetes,Endocrinologist,29,4.1,577
355,Dr. Kiran Kulkarni,Nagpur,Diabetes,Endocrinologist,34,4.4,211
356,Dr. Priya Sharma,Nagpur,Diabetes,Endocrinologist,20,3.5,1413
357,Dr. Vikas Deshmukh,Nagpur,Diabetes,Endocrinologist,25,4.0,215
358,Dr. Rahul Patil,Nagpur,Diabetes,Endocrinologist,8,4.6,809
359,Dr. Rahul Joshi,Nagpur,Diabetes,Endocrinologist,33,3.6,1463
360,Dr. Priya Joshi,Nagpur,Diabetes,Endocrinologist,16,4.7,456
361,Dr. Priya Shinde,Nagpur,Migraine,Neurologist,2,3.7,451
362,Dr. Sneha Deshmukh,Nagpur,Migraine,Neurologist,3,4.9,342
363,Dr. Kiran Kulkarni,Nagpur,Migraine,Neurologist,7,4.9,836
364,Dr. Kiran Gupta,Nagpur,Migraine,Neurologist,18,4.0,376
365,Dr. Anil Jadhav,Nagpur,Migraine,Neurologist,29,3.8,706
366,Dr. Pooja Gupta,Nagpur,Migraine,Neurologist,33,3.7,913
367,Dr. Pooja Deshmukh,Nagpur,Migraine,Neurologist,26,4.7,1202
368,Dr. Neha Shinde,Nagpur,Migraine,Neurologist,6,4.2,803
369,Dr. Rohit Sharma,Nagpur,Migraine,Neurologist,5,4.2,738
370,Dr. Kiran Kulkarni,Nagpur,Migraine,Neurologist,30,4.1,813
371,Dr. Kiran Patil,Nagpur,Food Poisoning,Gastroenterologist,24,4.9,794
372,Dr. Rohit Shinde,Nagpur,Food Poisoning,Gastroenterologist,16,4.9,209
373,Dr. Rohit Shinde,Nagpur,Food Poisoning,Gastroenterologist,15,4.1,799
374,Dr. Pooja Gupta,Nagpur,Food Poisoning,Gastroenterologist,31,4.2,443
375,Dr. Neha Deshmukh,Nagpur,Food Poisoning,Gastroenterologist,24,4.7,438
376,Dr. Neha Sharma,Nagpur,Food Poisoning,Gastroenterologist,30,3.9,1030
377,Dr. Rahul Kulkarni,Nagpur,Food Poisoning,Gastroenterologist,12,4.5,1059
378,Dr. Sneha Sharma,Nagpur,Food Poisoning,Gastroenterologist,3,3.5,553
379,Dr. Sneha Deshmukh,Nagpur,Food Poisoning,Gastroenterologist,6,3.8,1331
380,Dr. Anil Jadhav,Nagpur,Food Poisoning,Gastroenterologist,27,4.4,377
381,Dr. Kiran Patil,Nagpur,Jaundice,Hepatologist,21,4.2,378
382,Dr. Rohit Joshi,Nagpur,Jaundice,Hepatologist,5,4.4,679
383,Dr. Priya Kulkarni,Nagpur,Jaundice,Hepatologist,22,4.5,1294
384,Dr. Rahul Gupta,Nagpur,Jaundice,Hepatologist,16,4.7,481
385,Dr. Kiran Joshi,Nagpur,Jaundice,Hepatologist,12,4.3,490
386,Dr. Rohit Jadhav,Nagpur,Jaundice,Hepatologist,27,4.9,1071
387,Dr. Vikas Patil,Nagpur,Jaundice,Hepatologist,20,4.0,495
388,Dr. Rohit Jadhav,Nagpur,Jaundice,Hepatologist,24,4.7,1199
389,Dr. Rahul Joshi,Nagpur,Jaundice,Hepatologist,26,4.2,398
390,Dr. Anil Patil,Nagpur,Jaundice,Hepatologist,8,4.0,564
391,Dr. Kiran Jadhav,Nagpur,Chickenpox,Dermatologist,28,4.5,657
392,Dr. Kiran Jadhav,Nagpur,Chickenpox,Dermatologist,29,3.7,1036
393,Dr. Vikas Gupta,Nagpur,Chickenpox,Dermatologist,30,3.6,775
394,Dr. Rohit Patil,Nagpur,Chickenpox,Dermatologist,12,4.2,501
395,Dr. Anil Deshmukh,Nagpur,Chickenpox,Dermatologist,4,4.8,1303
396,Dr. Anil Gupta,Nagpur,Chickenpox,Dermatologist,3,4.9,408
397,Dr. Rohit Patil,Nagpur,Chickenpox,Dermatologist,21,3.8,1182
398,Dr. Amit Gupta,Nagpur,Chickenpox,Dermatologist,7,3.5,1270
399,Dr. Amit Jadhav,Nagpur,Chickenpox,Dermatologist,7,4.8,546
400,Dr. Amit Deshmukh,Nagpur,Chickenpox,Dermatologist,5,4.7,860
401,Dr. Sneha Sharma,Nagpur,Measles,Pediatrician,10,4.9,888
402,Dr. Neha Patil,Nagpur,Measles,Pediatrician,24,3.8,416
403,Dr. Priya Kulkarni,Nagpur,Measles,Pediatrician,33,3.8,540
404,Dr. Anil Joshi,Nagpur,Measles,Pediatrician,33,4.9,907
405,Dr. Neha Joshi,Nagpur,Measles,Pediatrician,29,4.1,358
406,Dr. Priya Shinde,Nagpur,Measles,Pediatrician,21,3.9,667
407,Dr. Anil Kulkarni,Nagpur,Measles,Pediatrician,31,4.0,1062
408,Dr. Pooja Joshi,Nagpur,Measles,Pediatrician,13,3.7,623
409,Dr. Amit Jadhav,Nagpur,Measles,Pediatrician,3,5.0,1076
410,Dr. Anil Gupta,Nagpur,Measles,Pediatrician,9,4.2,1121
411,Dr. Sneha Sharma,Nagpur,Arthritis,Orthopedic,7,4.2,663
412,Dr. Rahul Patil,Nagpur,Arthritis,Orthopedic,35,4.6,1018
413,Dr. Sneha Sharma,Nagpur,Arthritis,Orthopedic,6,4.1,1099
414,Dr. Rohit Kulkarni,Nagpur,Arthritis,Orthopedic,12,4.5,616
415,Dr. Priya Shinde,Nagpur,Arthritis,Orthopedic,5,3.8,1337
416,Dr. Rohit Joshi,Nagpur,Arthritis,Orthopedic,4,4.7,1083
417,Dr. Priya Gupta,Nagpur,Arthritis,Orthopedic,9,4.1,329
418,Dr. Pooja Sharma,Nagpur,Arthritis,Orthopedic,21,4.4,1074
419,Dr. Sneha Jadhav,Nagpur,Arthritis,Orthopedic,21,4.9,492
420,Dr. Sneha Sharma,Nagpur,Arthritis,Orthopedic,30,4.3,1310
421,Dr. Rahul Deshmukh,Nashik,Flu,General Physician,33,3.6,672
422,Dr. Vikas Joshi,Nashik,Flu,General Physician,2,4.5,1444
423,Dr. Anil Kulkarni,Nashik,Flu,General Physician,22,4.7,1345
424,Dr. Rohit Shinde,Nashik,Flu,General Physician,13,4.6,1090
425,Dr. Rohit Jadhav,Nashik,Flu,General Physician,13,4.3,941
426,Dr. Amit Gupta,Nashik,Flu,General Physician,14,4.8,1122
427,Dr. Priya Sharma,Nashik,Flu,General Physician,9,4.8,977
428,Dr. Amit Deshmukh,Nashik,Flu,General Physician,31,4.2,791
429,Dr. Neha Sharma,Nashik,Flu,General Physician,29,3.8,1329
430,Dr. Rahul Joshi,Nashik,Flu,General Physician,29,3.7,1357
431,Dr. Neha Sharma,Nashik,Cold,General Physician,1,3.9,969
432,Dr. Rahul Patil,Nashik,Cold,General Physician,35,4.4,1460
433,Dr. Sneha Patil,Nashik,Cold,General Physician,29,3.9,1272
434,Dr. Pooja Shinde,Nashik,Cold,General Physician,3,4.0,375
435,Dr. Kiran Shinde,Nashik,Cold,General Physician,15,3.6,952
436,Dr. Priya Shinde,Nashik,Cold,General Physician,13,3.9,350
437,Dr. Kiran Kulkarni,Nashik,Cold,General Physician,35,3.7,1180
438,Dr. Priya Jadhav,Nashik,Cold,General Physician,18,3.6,1125
439,Dr. Sneha Shinde,Nashik,Cold,General Physician,30,4.7,1058
440,Dr. Rohit Sharma,Nashik,Cold,General Physician,30,4.2,450
441,Dr. Neha Deshmukh,Nashik,COVID-19,Pulmonologist,2,3.6,914
442,Dr. Vikas Kulkarni,Nashik,COVID-19,Pulmonologist,22,4.6,1190
443,Dr. Sneha Deshmukh,Nashik,COVID-19,Pulmonologist,21,4.7,1150
444,Dr. Anil Gupta,Nashik,COVID-19,Pulmonologist,11,4.2,1388
445,Dr. Amit Joshi,Nashik,COVID-19,Pulmonologist,26,4.2,945
446,Dr. Kiran Jadhav,Nashik,COVID-19,Pulmonologist,25,4.1,716
447,Dr. Sneha Shinde,Nashik,COVID-19,Pulmonologist,35,5.0,445
448,Dr. Rahul Jadhav,Nashik,COVID-19,Pulmonologist,24,4.5,1335
449,Dr. Anil Sharma,Nashik,COVID-19,Pulmonologist,22,4.6,722
450,Dr. Priya Shinde,Nashik,COVID-19,Pulmonologist,19,4.6,951
451,Dr. Vikas Jadhav,Nashik,Malaria,Infectious Disease,15,4.5,892
452,Dr. Anil Patil,Nashik,Malaria,Infectious Disease,2,4.0,805
453,Dr. Rohit Shinde,Nashik,Malaria,Infectious Disease,28,3.8,1254
454,Dr. Neha Joshi,Nashik,Malaria,Infectious Disease,22,3.6,311
455,Dr. Anil Gupta,Nashik,Malaria,Infectious Disease,20,4.6,800
456,Dr. Kiran Shinde,Nashik,Malaria,Infectious Disease,34,3.8,1131
457,Dr. Rahul Shinde,Nashik,Malaria,Infectious Disease,20,3.6,1441
458,Dr. Kiran Jadhav,Nashik,Malaria,Infectious Disease,16,3.7,997
459,Dr. Vikas Patil,Nashik,Malaria,Infectious Disease,5,4.2,1351
460,Dr. Pooja Patil,Nashik,Malaria,Infectious Disease,27,5.0,928
461,Dr. Sneha Deshmukh,Nashik,Dengue,Infectious Disease,24,3.8,270
462,Dr. Neha Jadhav,Nashik,Dengue,Infectious Disease,24,4.3,1307
463,Dr. Vikas Gupta,Nashik,Dengue,Infectious Disease,3,4.7,1352
464,Dr. Anil Joshi,Nashik,Dengue,Infectious Disease,1,4.8,777
465,Dr. Neha Gupta,Nashik,Dengue,Infectious Disease,29,3.9,323
466,Dr. Anil Shinde,Nashik,Dengue,Infectious Disease,19,4.6,983
467,Dr. Rahul Deshmukh,Nashik,Dengue,Infectious Disease,35,3.8,731
468,Dr. Kiran Shinde,Nashik,Dengue,Infectious Disease,16,4.3,1413
469,Dr. Priya Gupta,Nashik,Dengue,Infectious Disease,25,4.9,247
470,Dr. Anil Sharma,Nashik,Dengue,Infectious Disease,9,4.7,534
471,Dr. Vikas Kulkarni,Nashik,Typhoid,General Physician,30,4.0,1254
472,Dr. Sneha Joshi,Nashik,Typhoid,General Physician,17,3.8,331
473,Dr. Amit Joshi,Nashik,Typhoid,General Physician,1,4.3,610
474,Dr. Neha Sharma,Nashik,Typhoid,General Physician,25,4.3,404
475,Dr. Sneha Joshi,Nashik,Typhoid,General Physician,27,4.8,771
476,Dr. Neha Gupta,Nashik,Typhoid,General Physician,14,4.7,1171
477,Dr. Neha Gupta,Nashik,Typhoid,General Physician,4,4.9,319
478,Dr. Vikas Joshi,Nashik,Typhoid,General Physician,10,4.5,314
479,Dr. Amit Shinde,Nashik,Typhoid,General Physician,26,4.5,1415
480,Dr. Priya Jadhav,Nashik,Typhoid,General Physician,5,3.8,1017
481,Dr. Amit Joshi,Nashik,Asthma,Pulmonologist,13,4.8,1171
482,Dr. Rohit Patil,Nashik,Asthma,Pulmonologist,15,3.5,1295
483,Dr. Vikas Kulkarni,Nashik,Asthma,Pulmonologist,11,4.8,714
484,Dr. Priya Joshi,Nashik,Asthma,Pulmonologist,16,4.9,923
485,Dr. Rahul Sharma,Nashik,Asthma,Pulmonologist,25,4.2,695
486,Dr. Anil Gupta,Nashik,Asthma,Pulmonologist,34,4.3,1459
487,Dr. Vikas Shinde,Nashik,Asthma,Pulmonologist,27,4.0,1048
488,Dr. Anil Shinde,Nashik,Asthma,Pulmonologist,10,4.7,996
489,Dr. Rohit Joshi,Nashik,Asthma,Pulmonologist,9,4.5,869
490,Dr. Priya Deshmukh,Nashik,Asthma,Pulmonologist,13,4.5,1349
491,Dr. Sneha Shinde,Nashik,Diabetes,Endocrinologist,8,5.0,1137
492,Dr. Priya Shinde,Nashik,Diabetes,Endocrinologist,1,4.5,1317
493,Dr. Vikas Patil,Nashik,Diabetes,Endocrinologist,3,4.5,699
494,Dr. Rohit Sharma,Nashik,Diabetes,Endocrinologist,26,4.7,1007
495,Dr. Anil Sharma,Nashik,Diabetes,Endocrinologist,30,4.5,1422
496,Dr. Vikas Jadhav,Nashik,Diabetes,Endocrinologist,27,4.6,576
497,Dr. Sneha Deshmukh,Nashik,Diabetes,Endocrinologist,35,4.5,1201
498,Dr. Amit Jadhav,Nashik,Diabetes,Endocrinologist,23,3.9,335
499,Dr. Vikas Kulkarni,Nashik,Diabetes,Endocrinologist,12,4.1,1484
500,Dr. Pooja Kulkarni,Nashik,Diabetes,Endocrinologist,13,4.1,984
501,Dr. Priya Patil,Nashik,Migraine,Neurologist,3,4.5,344
502,Dr. Amit Sharma,Nashik,Migraine,Neurologist,20,4.1,773
503,Dr. Rahul Patil,Nashik,Migraine,Neurologist,13,4.4,1090
504,Dr. Amit Patil,Nashik,Migraine,Neurologist,11,4.0,490
505,Dr. Anil Patil,Nashik,Migraine,Neurologist,3,5.0,1245
506,Dr. Kiran Jadhav,Nashik,Migraine,Neurologist,32,3.6,1071
507,Dr. Rahul Kulkarni,Nashik,Migraine,Neurologist,20,4.6,205
508,Dr. Rahul Shinde,Nashik,Migraine,Neurologist,19,4.2,788
509,Dr. Neha Gupta,Nashik,Migraine,Neurologist,17,4.1,683
510,Dr. Pooja Joshi,Nashik,Migraine,Neurologist,30,4.3,730
511,Dr. Pooja Patil,Nashik,Food Poisoning,Gastroenterologist,25,5.0,498
512,Dr. Pooja Joshi,Nashik,Food Poisoning,Gastroenterologist,24,4.7,546
513,Dr. Vikas Kulkarni,Nashik,Food Poisoning,Gastroenterologist,26,4.0,527
514,Dr. Amit Shinde,Nashik,Food Poisoning,Gastroenterologist,31,3.9,663
515,Dr. Rahul Patil,Nashik,Food Poisoning,Gastroenterologist,9,3.9,1200
516,Dr. Vikas Jadhav,Nashik,Food Poisoning,Gastroenterologist,22,3.9,1175
517,Dr. Priya Sharma,Nashik,Food Poisoning,Gastroenterologist,10,4.9,1197
518,Dr. Neha Gupta,Nashik,Food Poisoning,Gastroenterologist,13,4.4,1343
519,Dr. Pooja Joshi,Nashik,Food Poisoning,Gastroenterologist,26,3.7,1172
520,Dr. Priya Sharma,Nashik,Food Poisoning,Gastroenterologist,19,5.0,706
521,Dr. Amit Jadhav,Nashik,Jaundice,Hepatologist,14,4.2,1415
522,Dr. Neha Joshi,Nashik,Jaundice,Hepatologist,8,4.8,733
523,Dr. Rohit Joshi,Nashik,Jaundice,Hepatologist,9,3.9,682
524,Dr. Vikas Kulkarni,Nashik,Jaundice,Hepatologist,16,4.2,723
525,Dr. Pooja Jadhav,Nashik,Jaundice,Hepatologist,5,4.1,855
526,Dr. Neha Deshmukh,Nashik,Jaundice,Hepatologist,14,3.9,701
527,Dr. Rohit Joshi,Nashik,Jaundice,Hepatologist,28,4.2,245
528,Dr. Sneha Shinde,Nashik,Jaundice,Hepatologist,21,4.7,718
529,Dr. Rohit Patil,Nashik,Jaundice,Hepatologist,11,4.1,1451
530,Dr. Neha Deshmukh,Nashik,Jaundice,Hepatologist,23,4.4,670
531,Dr. Amit Deshmukh,Nashik,Chickenpox,Dermatologist,1,4.2,951
532,Dr. Sneha Sharma,Nashik,Chickenpox,Dermatologist,18,4.5,386
533,Dr. Kiran Gupta,Nashik,Chickenpox,Dermatologist,26,3.5,846
534,Dr. Neha Shinde,Nashik,Chickenpox,Dermatologist,23,4.8,1223
535,Dr. Priya Deshmukh,Nashik,Chickenpox,Dermatologist,19,4.3,1484
536,Dr. Rahul Sharma,Nashik,Chickenpox,Dermatologist,1,4.9,1357
537,Dr. Sneha Sharma,Nashik,Chickenpox,Dermatologist,26,4.7,1194
538,Dr. Priya Gupta,Nashik,Chickenpox,Dermatologist,33,4.3,842
539,Dr. Pooja Deshmukh,Nashik,Chickenpox,Dermatologist,20,4.7,792
540,Dr. Rahul Patil,Nashik,Chickenpox,Dermatologist,35,4.2,1262
541,Dr. Rahul Joshi,Nashik,Measles,Pediatrician,31,4.5,465
542,Dr. Priya Sharma,Nashik,Measles,Pediatrician,25,3.8,875
543,Dr. Neha Shinde,Nashik,Measles,Pediatrician,8,4.1,571
544,Dr. Rohit Deshmukh,Nashik,Measles,Pediatrician,24,3.7,823
545,Dr. Anil Patil,Nashik,Measles,Pediatrician,30,3.9,717
546,Dr. Rohit Jadhav,Nashik,Measles,Pediatrician,12,4.1,667
547,Dr. Amit Sharma,Nashik,Measles,Pediatrician,27,3.5,1288
548,Dr. Rohit Patil,Nashik,Measles,Pediatrician,35,4.4,1355
549,Dr. Amit Deshmukh,Nashik,Measles,Pediatrician,25,4.9,1271
550,Dr. Priya Sharma,Nashik,Measles,Pediatrician,33,3.8,755
551,Dr. Amit Deshmukh,Nashik,Arthritis,Orthopedic,17,4.5,203
552,Dr. Rohit Jadhav,Nashik,Arthritis,Orthopedic,18,4.5,741
553,Dr. Vikas Kulkarni,Nashik,Arthritis,Orthopedic,13,4.0,1263
554,Dr. Rohit Deshmukh,Nashik,Arthritis,Orthopedic,23,3.8,990
555,Dr. Rahul Patil,Nashik,Arthritis,Orthopedic,21,3.8,1451
556,Dr. Vikas Deshmukh,Nashik,Arthritis,Orthopedic,17,3.8,921
557,Dr. Priya Sharma,Nashik,Arthritis,Orthopedic,10,3.8,448
558,Dr. Amit Patil,Nashik,Arthritis,Orthopedic,33,3.8,1166
559,Dr. Sneha Shinde,Nashik,Arthritis,Orthopedic,29,4.7,1162
560,Dr. Rahul Shinde,Nashik,Arthritis,Orthopedic,34,4.0,1236
561,Dr. Anil Joshi,Thane,Flu,General Physician,32,5.0,1152
562,Dr. Priya Gupta,Thane,Flu,General Physician,23,3.9,1328
563,Dr. Priya Joshi,Thane,Flu,General Physician,15,4.2,1428
564,Dr. Anil Deshmukh,Thane,Flu,General Physician,22,4.5,732
565,Dr. Vikas Gupta,Thane,Flu,General Physician,9,4.6,414
566,Dr. Rahul Shinde,Thane,Flu,General Physician,17,4.5,257
567,Dr. Amit Joshi,Thane,Flu,General Physician,17,4.8,1247
568,Dr. Neha Sharma,Thane,Flu,General Physician,10,3.6,1391
569,Dr. Kiran Patil,Thane,Flu,General Physician,26,3.9,1408
570,Dr. Sneha Sharma,Thane,Flu,General Physician,35,4.1,465
571,Dr. Neha Deshmukh,Thane,Cold,General Physician,21,3.8,711
572,Dr. Rahul Sharma,Thane,Cold,General Physician,4,3.8,1421
573,Dr. Priya Jadhav,Thane,Cold,General Physician,33,4.7,660
574,Dr. Priya Patil,Thane,Cold,General Physician,35,4.2,284
575,Dr. Rahul Kulkarni,Thane,Cold,General Physician,25,4.3,1449
576,Dr. Anil Joshi,Thane,Cold,General Physician,3,3.7,216
577,Dr. Sneha Patil,Thane,Cold,General Physician,6,4.0,322
578,Dr. Amit Deshmukh,Thane,Cold,General Physician,29,4.0,374
579,Dr. Vikas Sharma,Thane,Cold,General Physician,18,3.8,1253
580,Dr. Rohit Patil,Thane,Cold,General Physician,28,4.8,544
581,Dr. Neha Shinde,Thane,COVID-19,Pulmonologist,6,4.5,861
582,Dr. Anil Patil,Thane,COVID-19,Pulmonologist,9,4.0,1253
583,Dr. Amit Kulkarni,Thane,COVID-19,Pulmonologist,12,4.6,670
584,Dr. Sneha Jadhav,Thane,COVID-19,Pulmonologist,14,4.5,1302
585,Dr. Amit Gupta,Thane,COVID-19,Pulmonologist,9,4.9,865
586,Dr. Neha Deshmukh,Thane,COVID-19,Pulmonologist,15,3.8,1072
587,Dr. Anil Jadhav,Thane,COVID-19,Pulmonologist,10,3.7,354
588,Dr. Pooja Jadhav,Thane,COVID-19,Pulmonologist,6,4.4,591
589,Dr. Sneha Joshi,Thane,COVID-19,Pulmonologist,7,4.8,1079
590,Dr. Vikas Deshmukh,Thane,COVID-19,Pulmonologist,11,4.9,1490
591,Dr. Amit Kulkarni,Thane,Malaria,Infectious Disease,27,3.7,1461
592,Dr. Pooja Kulkarni,Thane,Malaria,Infectious Disease,22,3.6,1434
593,Dr. Amit Gupta,Thane,Malaria,Infectious Disease,31,3.7,649
594,Dr. Neha Deshmukh,Thane,Malaria,Infectious Disease,1,3.6,549
595,Dr. Anil Joshi,Thane,Malaria,Infectious Disease,34,4.3,1015
596,Dr. Kiran Kulkarni,Thane,Malaria,Infectious Disease,2,4.0,389
597,Dr. Priya Sharma,Thane,Malaria,Infectious Disease,10,4.7,878
598,Dr. Vikas Patil,Thane,Malaria,Infectious Disease,19,4.7,1061
599,Dr. Sneha Jadhav,Thane,Malaria,Infectious Disease,12,4.6,912
600,Dr. Rohit Sharma,Thane,Malaria,Infectious Disease,4,4.3,1289
601,Dr. Rahul Patil,Thane,Dengue,Infectious Disease,1,3.9,698
602,Dr. Vikas Kulkarni,Thane,Dengue,Infectious Disease,33,4.5,1288
603,Dr. Anil Gupta,Thane,Dengue,Infectious Disease,2,3.7,303
604,Dr. Sneha Joshi,Thane,Dengue,Infectious Disease,13,4.3,1439
605,Dr. Rahul Joshi,Thane,Dengue,Infectious Disease,28,3.9,488
606,Dr. Priya Joshi,Thane,Dengue,Infectious Disease,19,4.3,847
607,Dr. Neha Shinde,Thane,Dengue,Infectious Disease,2,4.6,543
608,Dr. Rohit Patil,Thane,Dengue,Infectious Disease,28,4.9,1320
609,Dr. Rohit Gupta,Thane,Dengue,Infectious Disease,26,3.8,300
610,Dr. Neha Kulkarni,Thane,Dengue,Infectious Disease,12,3.8,495
611,Dr. Vikas Patil,Thane,Typhoid,General Physician,33,4.4,421
612,Dr. Vikas Jadhav,Thane,Typhoid,General Physician,15,4.1,543
613,Dr. Vikas Kulkarni,Thane,Typhoid,General Physician,20,4.2,1207
614,Dr. Anil Deshmukh,Thane,Typhoid,General Physician,2,4.3,1275
615,Dr. Kiran Jadhav,Thane,Typhoid,General Physician,29,4.6,643
616,Dr. Pooja Jadhav,Thane,Typhoid,General Physician,34,4.6,963
617,Dr. Neha Joshi,Thane,Typhoid,General Physician,29,4.4,1292
618,Dr. Rohit Jadhav,Thane,Typhoid,General Physician,5,3.7,1045
619,Dr. Rohit Gupta,Thane,Typhoid,General Physician,11,3.7,698
620,Dr. Priya Jadhav,Thane,Typhoid,General Physician,18,4.5,281
621,Dr. Vikas Deshmukh,Thane,Asthma,Pulmonologist,21,4.4,885
622,Dr. Pooja Joshi,Thane,Asthma,Pulmonologist,3,3.7,973
623,Dr. Sneha Gupta,Thane,Asthma,Pulmonologist,13,4.5,1265
624,Dr. Pooja Jadhav,Thane,Asthma,Pulmonologist,14,4.0,600
625,Dr. Vikas Kulkarni,Thane,Asthma,Pulmonologist,3,5.0,1013
626,Dr. Vikas Deshmukh,Thane,Asthma,Pulmonologist,14,4.3,415
627,Dr. Neha Patil,Thane,Asthma,Pulmonologist,27,4.2,1297
628,Dr. Kiran Gupta,Thane,Asthma,Pulmonologist,1,4.6,1179
629,Dr. Neha Deshmukh,Thane,Asthma,Pulmonologist,34,4.0,774
630,Dr. Sneha Deshmukh,Thane,Asthma,Pulmonologist,25,4.7,969
631,Dr. Rahul Patil,Thane,Diabetes,Endocrinologist,30,4.4,204
632,Dr. Anil Jadhav,Thane,Diabetes,Endocrinologist,3,4.5,215
633,Dr. Priya Shinde,Thane,Diabetes,Endocrinologist,5,4.9,1114
634,Dr. Anil Jadhav,Thane,Diabetes,Endocrinologist,19,4.3,1235
635,Dr. Rahul Sharma,Thane,Diabetes,Endocrinologist,7,4.4,1014
636,Dr. Rohit Gupta,Thane,Diabetes,Endocrinologist,15,3.5,375
637,Dr. Vikas Patil,Thane,Diabetes,Endocrinologist,2,4.0,876
638,Dr. Priya Jadhav,Thane,Diabetes,Endocrinologist,7,4.2,1123
639,Dr. Rahul Sharma,Thane,Diabetes,Endocrinologist,30,4.4,1301
640,Dr. Neha Kulkarni,Thane,Diabetes,Endocrinologist,19,4.3,1335
641,Dr. Priya Jadhav,Thane,Migraine,Neurologist,11,4.4,949
642,Dr. Priya Kulkarni,Thane,Migraine,Neurologist,26,3.7,977
643,Dr. Kiran Kulkarni,Thane,Migraine,Neurologist,33,4.5,1101
644,Dr. Pooja Sharma,Thane,Migraine,Neurologist,5,4.4,643
645,Dr. Amit Sharma,Thane,Migraine,Neurologist,22,5.0,1399
646,Dr. Vikas Patil,Thane,Migraine,Neurologist,28,4.7,1167
647,Dr. Sneha Joshi,Thane,Migraine,Neurologist,16,3.8,1237
648,Dr. Rohit Shinde,Thane,Migraine,Neurologist,1,4.8,575
649,Dr. Pooja Kulkarni,Thane,Migraine,Neurologist,17,4.0,1093
650,Dr. Amit Gupta,Thane,Migraine,Neurologist,28,3.8,771
651,Dr. Neha Kulkarni,Thane,Food Poisoning,Gastroenterologist,27,4.6,875
652,Dr. Rohit Gupta,Thane,Food Poisoning,Gastroenterologist,15,3.9,1451
653,Dr. Sneha Kulkarni,Thane,Food Poisoning,Gastroenterologist,20,4.3,573
654,Dr. Anil Kulkarni,Thane,Food Poisoning,Gastroenterologist,10,4.6,861
655,Dr. Pooja Joshi,Thane,Food Poisoning,Gastroenterologist,22,3.6,573
656,Dr. Rahul Sharma,Thane,Food Poisoning,Gastroenterologist,16,5.0,1224
657,Dr. Priya Gupta,Thane,Food Poisoning,Gastroenterologist,31,4.9,1168
658,Dr. Kiran Shinde,Thane,Food Poisoning,Gastroenterologist,21,4.1,558
659,Dr. Sneha Jadhav,Thane,Food Poisoning,Gastroenterologist,23,3.6,1166
660,Dr. Kiran Kulkarni,Thane,Food Poisoning,Gastroenterologist,14,4.1,444
661,Dr. Amit Patil,Thane,Jaundice,Hepatologist,35,3.7,855
662,Dr. Kiran Jadhav,Thane,Jaundice,Hepatologist,33,3.7,1466
663,Dr. Anil Deshmukh,Thane,Jaundice,Hepatologist,24,4.7,976
664,Dr. Vikas Jadhav,Thane,Jaundice,Hepatologist,10,3.7,717
665,Dr. Amit Joshi,Thane,Jaundice,Hepatologist,8,4.8,1388
666,Dr. Rahul Gupta,Thane,Jaundice,Hepatologist,15,5.0,1442
667,Dr. Sneha Kulkarni,Thane,Jaundice,Hepatologist,9,4.6,1239
668,Dr. Kiran Jadhav,Thane,Jaundice,Hepatologist,26,4.9,739
669,Dr. Rahul Patil,Thane,Jaundice,Hepatologist,27,4.9,1485
670,Dr. Kiran Sharma,Thane,Jaundice,Hepatologist,32,4.7,420
671,Dr. Pooja Patil,Thane,Chickenpox,Dermatologist,1,4.4,1331
672,Dr. Anil Jadhav,Thane,Chickenpox,Dermatologist,5,3.6,1262
673,Dr. Anil Joshi,Thane,Chickenpox,Dermatologist,7,3.9,1017
674,Dr. Neha Patil,Thane,Chickenpox,Dermatologist,5,4.2,1266
675,Dr. Kiran Kulkarni,Thane,Chickenpox,Dermatologist,31,4.8,865
676,Dr. Sneha Deshmukh,Thane,Chickenpox,Dermatologist,16,3.8,285
677,Dr. Kiran Sharma,Thane,Chickenpox,Dermatologist,14,4.7,732
678,Dr. Sneha Deshmukh,Thane,Chickenpox,Dermatologist,7,3.9,537
679,Dr. Priya Deshmukh,Thane,Chickenpox,Dermatologist,25,4.9,1050
680,Dr. Vikas Jadhav,Thane,Chickenpox,Dermatologist,27,4.0,1309
681,Dr. Neha Sharma,Thane,Measles,Pediatrician,14,3.9,463
682,Dr. Rahul Kulkarni,Thane,Measles,Pediatrician,33,4.4,813
683,Dr. Pooja Patil,Thane,Measles,Pediatrician,25,4.3,756
684,Dr. Priya Kulkarni,Thane,Measles,Pediatrician,13,4.6,1401
685,Dr. Neha Sharma,Thane,Measles,Pediatrician,23,4.4,346
686,Dr. Vikas Gupta,Thane,Measles,Pediatrician,20,4.5,1009
687,Dr. Pooja Gupta,Thane,Measles,Pediatrician,33,5.0,1183
688,Dr. Anil Gupta,Thane,Measles,Pediatrician,5,4.7,551
689,Dr. Kiran Patil,Thane,Measles,Pediatrician,20,4.2,940
690,Dr. Amit Jadhav,Thane,Measles,Pediatrician,2,4.6,698
691,Dr. Vikas Sharma,Thane,Arthritis,Orthopedic,23,4.1,957
692,Dr. Priya Sharma,Thane,Arthritis,Orthopedic,16,3.9,957
693,Dr. Vikas Kulkarni,Thane,Arthritis,Orthopedic,33,4.5,279
694,Dr. Sneha Deshmukh,Thane,Arthritis,Orthopedic,28,3.9,1080
695,Dr. Priya Kulkarni,Thane,Arthritis,Orthopedic,6,4.5,524
696,Dr. Rahul Jadhav,Thane,Arthritis,Orthopedic,28,3.7,889
697,Dr. Kiran Shinde,Thane,Arthritis,Orthopedic,20,4.5,1056
698,Dr. Vikas Shinde,Thane,Arthritis,Orthopedic,18,4.9,245
699,Dr. Rahul Jadhav,Thane,Arthritis,Orthopedic,24,4.0,539
700,Dr. Vikas Shinde,Thane,Arthritis,Orthopedic,8,4.8,1217
701,Dr. Priya Kulkarni,Aurangabad,Flu,General Physician,21,3.5,889
702,Dr. Pooja Jadhav,Aurangabad,Flu,General Physician,32,4.3,1273
703,Dr. Rahul Sharma,Aurangabad,Flu,General Physician,13,4.8,1366
704,Dr. Kiran Jadhav,Aurangabad,Flu,General Physician,17,4.2,529
705,Dr. Pooja Joshi,Aurangabad,Flu,General Physician,4,4.7,1040
706,Dr. Rahul Kulkarni,Aurangabad,Flu,General Physician,4,3.9,793
707,Dr. Rohit Kulkarni,Aurangabad,Flu,General Physician,18,3.7,1324
708,Dr. Amit Jadhav,Aurangabad,Flu,General Physician,16,4.5,1295
709,Dr. Vikas Jadhav,Aurangabad,Flu,General Physician,8,4.1,977
710,Dr. Kiran Sharma,Aurangabad,Flu,General Physician,10,4.0,532
711,Dr. Amit Jadhav,Aurangabad,Cold,General Physician,25,4.5,549
712,Dr. Pooja Gupta,Aurangabad,Cold,General Physician,31,4.7,366
713,Dr. Rohit Deshmukh,Aurangabad,Cold,General Physician,23,3.8,1324
714,Dr. Rahul Kulkarni,Aurangabad,Cold,General Physician,7,3.7,1197
715,Dr. Priya Sharma,Aurangabad,Cold,General Physician,19,3.6,1122
716,Dr. Amit Jadhav,Aurangabad,Cold,General Physician,24,4.7,1043
717,Dr. Kiran Gupta,Aurangabad,Cold,General Physician,20,4.9,1475
718,Dr. Pooja Sharma,Aurangabad,Cold,General Physician,7,4.2,1175
719,Dr. Neha Kulkarni,Aurangabad,Cold,General Physician,1,4.1,462
720,Dr. Anil Shinde,Aurangabad,Cold,General Physician,8,4.4,744
721,Dr. Pooja Jadhav,Aurangabad,COVID-19,Pulmonologist,14,4.0,1274
722,Dr. Neha Patil,Aurangabad,COVID-19,Pulmonologist,16,4.9,1402
723,Dr. Vikas Patil,Aurangabad,COVID-19,Pulmonologist,10,4.4,1046
724,Dr. Amit Sharma,Aurangabad,COVID-19,Pulmonologist,26,3.9,281
725,Dr. Neha Jadhav,Aurangabad,COVID-19,Pulmonologist,13,4.4,385
726,Dr. Sneha Joshi,Aurangabad,COVID-19,Pulmonologist,35,4.1,1291
727,Dr. Amit Jadhav,Aurangabad,COVID-19,Pulmonologist,19,4.6,910
728,Dr. Rahul Patil,Aurangabad,COVID-19,Pulmonologist,7,3.7,1487
729,Dr. Anil Jadhav,Aurangabad,COVID-19,Pulmonologist,29,4.5,284
730,Dr. Sneha Joshi,Aurangabad,COVID-19,Pulmonologist,10,4.9,917
731,Dr. Amit Kulkarni,Aurangabad,Malaria,Infectious Disease,28,3.9,241
732,Dr. Rahul Jadhav,Aurangabad,Malaria,Infectious Disease,21,4.9,1112
733,Dr. Rahul Joshi,Aurangabad,Malaria,Infectious Disease,16,4.8,1079
734,Dr. Anil Sharma,Aurangabad,Malaria,Infectious Disease,32,4.7,755
735,Dr. Priya Shinde,Aurangabad,Malaria,Infectious Disease,30,4.0,671
736,Dr. Priya Kulkarni,Aurangabad,Malaria,Infectious Disease,34,3.8,589
737,Dr. Neha Sharma,Aurangabad,Malaria,Infectious Disease,31,4.5,794
738,Dr. Rohit Joshi,Aurangabad,Malaria,Infectious Disease,17,4.5,1195
739,Dr. Vikas Shinde,Aurangabad,Malaria,Infectious Disease,18,3.6,294
740,Dr. Vikas Patil,Aurangabad,Malaria,Infectious Disease,10,4.1,988
741,Dr. Anil Joshi,Aurangabad,Dengue,Infectious Disease,28,5.0,1145
742,Dr. Pooja Joshi,Aurangabad,Dengue,Infectious Disease,29,4.8,747
743,Dr. Kiran Patil,Aurangabad,Dengue,Infectious Disease,20,3.6,1195
744,Dr. Anil Sharma,Aurangabad,Dengue,Infectious Disease,32,3.6,1493
745,Dr. Rahul Deshmukh,Aurangabad,Dengue,Infectious Disease,5,4.8,698
746,Dr. Rohit Jadhav,Aurangabad,Dengue,Infectious Disease,17,4.6,732
747,Dr. Rohit Kulkarni,Aurangabad,Dengue,Infectious Disease,13,4.0,901
748,Dr. Priya Kulkarni,Aurangabad,Dengue,Infectious Disease,15,4.7,1311
749,Dr. Sneha Gupta,Aurangabad,Dengue,Infectious Disease,19,4.2,1390
750,Dr. Priya Kulkarni,Aurangabad,Dengue,Infectious Disease,9,4.5,289
751,Dr. Priya Gupta,Aurangabad,Typhoid,General Physician,34,4.9,605
752,Dr. Rahul Joshi,Aurangabad,Typhoid,General Physician,12,4.7,611
753,Dr. Pooja Jadhav,Aurangabad,Typhoid,General Physician,34,4.1,1138
754,Dr. Vikas Kulkarni,Aurangabad,Typhoid,General Physician,4,4.0,1069
755,Dr. Vikas Joshi,Aurangabad,Typhoid,General Physician,27,4.2,1034
756,Dr. Amit Gupta,Aurangabad,Typhoid,General Physician,5,4.4,1175
757,Dr. Rohit Deshmukh,Aurangabad,Typhoid,General Physician,32,3.6,570
758,Dr. Neha Shinde,Aurangabad,Typhoid,General Physician,29,4.5,1484
759,Dr. Pooja Deshmukh,Aurangabad,Typhoid,General Physician,12,4.3,1437
760,Dr. Sneha Patil,Aurangabad,Typhoid,General Physician,15,3.7,1059
761,Dr. Neha Shinde,Aurangabad,Asthma,Pulmonologist,24,4.5,1105
762,Dr. Priya Deshmukh,Aurangabad,Asthma,Pulmonologist,1,3.6,384
763,Dr. Anil Sharma,Aurangabad,Asthma,Pulmonologist,20,4.8,655
764,Dr. Pooja Jadhav,Aurangabad,Asthma,Pulmonologist,16,4.3,408
765,Dr. Rohit Kulkarni,Aurangabad,Asthma,Pulmonologist,13,4.1,507
766,Dr. Amit Jadhav,Aurangabad,Asthma,Pulmonologist,35,4.1,340
767,Dr. Rohit Deshmukh,Aurangabad,Asthma,Pulmonologist,24,3.6,527
768,Dr. Anil Deshmukh,Aurangabad,Asthma,Pulmonologist,30,4.8,809
769,Dr. Kiran Shinde,Aurangabad,Asthma,Pulmonologist,18,4.3,459
770,Dr. Rohit Sharma,Aurangabad,Asthma,Pulmonologist,12,4.5,1253
771,Dr. Priya Sharma,Aurangabad,Diabetes,Endocrinologist,33,3.8,1316
772,Dr. Neha Shinde,Aurangabad,Diabetes,Endocrinologist,33,3.9,1250
773,Dr. Rahul Patil,Aurangabad,Diabetes,Endocrinologist,14,4.2,1325
774,Dr. Vikas Sharma,Aurangabad,Diabetes,Endocrinologist,24,4.6,658
775,Dr. Neha Gupta,Aurangabad,Diabetes,Endocrinologist,4,4.4,1254
776,Dr. Kiran Shinde,Aurangabad,Diabetes,Endocrinologist,1,4.2,552
777,Dr. Rohit Gupta,Aurangabad,Diabetes,Endocrinologist,15,4.3,546
778,Dr. Amit Patil,Aurangabad,Diabetes,Endocrinologist,13,3.8,223
779,Dr. Neha Gupta,Aurangabad,Diabetes,Endocrinologist,12,3.5,1202
780,Dr. Vikas Kulkarni,Aurangabad,Diabetes,Endocrinologist,32,3.5,1081
781,Dr. Neha Patil,Aurangabad,Migraine,Neurologist,28,4.8,1237
782,Dr. Neha Patil,Aurangabad,Migraine,Neurologist,16,4.0,526
783,Dr. Priya Sharma,Aurangabad,Migraine,Neurologist,30,3.7,395
784,Dr. Vikas Gupta,Aurangabad,Migraine,Neurologist,21,4.6,619
785,Dr. Pooja Kulkarni,Aurangabad,Migraine,Neurologist,7,4.7,441
786,Dr. Sneha Patil,Aurangabad,Migraine,Neurologist,14,4.6,777
787,Dr. Sneha Shinde,Aurangabad,Migraine,Neurologist,10,4.4,249
788,Dr. Pooja Kulkarni,Aurangabad,Migraine,Neurologist,12,4.2,342
789,Dr. Sneha Kulkarni,Aurangabad,Migraine,Neurologist,12,4.6,701
790,Dr. Rohit Jadhav,Aurangabad,Migraine,Neurologist,21,4.1,774
791,Dr. Priya Sharma,Aurangabad,Food Poisoning,Gastroenterologist,2,3.9,1012
792,Dr. Rahul Patil,Aurangabad,Food Poisoning,Gastroenterologist,15,3.9,930
793,Dr. Rohit Patil,Aurangabad,Food Poisoning,Gastroenterologist,11,4.9,1400
794,Dr. Amit Gupta,Aurangabad,Food Poisoning,Gastroenterologist,34,4.8,802
795,Dr. Rahul Shinde,Aurangabad,Food Poisoning,Gastroenterologist,34,5.0,808
796,Dr. Priya Patil,Aurangabad,Food Poisoning,Gastroenterologist,11,3.9,677
797,Dr. Rahul Kulkarni,Aurangabad,Food Poisoning,Gastroenterologist,23,4.6,1407
798,Dr. Pooja Jadhav,Aurangabad,Food Poisoning,Gastroenterologist,17,5.0,814
799,Dr. Kiran Patil,Aurangabad,Food Poisoning,Gastroenterologist,16,4.5,1178
800,Dr. Rahul Shinde,Aurangabad,Food Poisoning,Gastroenterologist,34,4.4,1050
801,Dr. Priya Jadhav,Aurangabad,Jaundice,Hepatologist,35,4.1,591
802,Dr. Vikas Gupta,Aurangabad,Jaundice,Hepatologist,9,4.4,930
803,Dr. Amit Joshi,Aurangabad,Jaundice,Hepatologist,27,3.7,435
804,Dr. Rohit Patil,Aurangabad,Jaundice,Hepatologist,14,4.4,385
805,Dr. Sneha Joshi,Aurangabad,Jaundice,Hepatologist,30,4.8,565
806,Dr. Neha Gupta,Aurangabad,Jaundice,Hepatologist,19,3.7,862
807,Dr. Neha Joshi,Aurangabad,Jaundice,Hepatologist,29,4.7,1140
808,Dr. Kiran Kulkarni,Aurangabad,Jaundice,Hepatologist,18,3.9,1412
809,Dr. Amit Patil,Aurangabad,Jaundice,Hepatologist,26,4.3,418
810,Dr. Sneha Joshi,Aurangabad,Jaundice,Hepatologist,10,3.9,674
811,Dr. Rahul Kulkarni,Aurangabad,Chickenpox,Dermatologist,12,4.4,1059
812,Dr. Rohit Shinde,Aurangabad,Chickenpox,Dermatologist,15,4.6,995
813,Dr. Rohit Jadhav,Aurangabad,Chickenpox,Dermatologist,7,4.3,1480
814,Dr. Vikas Sharma,Aurangabad,Chickenpox,Dermatologist,27,4.2,1384
815,Dr. Kiran Shinde,Aurangabad,Chickenpox,Dermatologist,25,3.7,1363
816,Dr. Neha Sharma,Aurangabad,Chickenpox,Dermatologist,29,3.9,554
817,Dr. Vikas Joshi,Aurangabad,Chickenpox,Dermatologist,4,3.8,1314
818,Dr. Sneha Shinde,Aurangabad,Chickenpox,Dermatologist,21,3.7,1127
819,Dr. Priya Sharma,Aurangabad,Chickenpox,Dermatologist,2,4.9,283
820,Dr. Anil Jadhav,Aurangabad,Chickenpox,Dermatologist,8,4.4,1164
821,Dr. Vikas Patil,Aurangabad,Measles,Pediatrician,6,3.8,1153
822,Dr. Priya Jadhav,Aurangabad,Measles,Pediatrician,4,3.8,683
823,Dr. Rahul Sharma,Aurangabad,Measles,Pediatrician,33,4.3,493
824,Dr. Priya Joshi,Aurangabad,Measles,Pediatrician,7,3.9,941
825,Dr. Amit Kulkarni,Aurangabad,Measles,Pediatrician,6,3.9,319
826,Dr. Rohit Kulkarni,Aurangabad,Measles,Pediatrician,5,4.3,1023
827,Dr. Sneha Joshi,Aurangabad,Measles,Pediatrician,9,4.8,1009
828,Dr. Pooja Patil,Aurangabad,Measles,Pediatrician,1,4.1,559
829,Dr. Neha Sharma,Aurangabad,Measles,Pediatrician,28,4.6,861
830,Dr. Rahul Deshmukh,Aurangabad,Measles,Pediatrician,35,4.9,949
831,Dr. Sneha Jadhav,Aurangabad,Arthritis,Orthopedic,17,3.8,922
832,Dr. Rohit Kulkarni,Aurangabad,Arthritis,Orthopedic,26,4.5,615
833,Dr. Anil Shinde,Aurangabad,Arthritis,Orthopedic,24,4.8,1162
834,Dr. Rohit Gupta,Aurangabad,Arthritis,Orthopedic,12,4.1,703
835,Dr. Vikas Patil,Aurangabad,Arthritis,Orthopedic,18,4.3,1069
836,Dr. Vikas Patil,Aurangabad,Arthritis,Orthopedic,4,4.5,1372
837,Dr. Kiran Deshmukh,Aurangabad,Arthritis,Orthopedic,26,4.1,761
838,Dr. Pooja Kulkarni,Aurangabad,Arthritis,Orthopedic,3,4.7,280
839,Dr. Rohit Shinde,Aurangabad,Arthritis,Orthopedic,14,4.9,542
840,Dr. Rahul Sharma,Aurangabad,Arthritis,Orthopedic,33,3.9,406
841,Dr. Vikas Sharma,Solapur,Flu,General Physician,18,4.0,1472
842,Dr. Amit Jadhav,Solapur,Flu,General Physician,12,4.7,1152
843,Dr. Sneha Shinde,Solapur,Flu,General Physician,2,4.1,697
844,Dr. Priya Kulkarni,Solapur,Flu,General Physician,29,4.8,201
845,Dr. Rohit Shinde,Solapur,Flu,General Physician,10,3.6,607
846,Dr. Rohit Sharma,Solapur,Flu,General Physician,35,4.7,559
847,Dr. Amit Patil,Solapur,Flu,General Physician,27,4.7,1475
848,Dr. Sneha Gupta,Solapur,Flu,General Physician,4,3.6,538
849,Dr. Rohit Sharma,Solapur,Flu,General Physician,4,5.0,392
850,Dr. Neha Gupta,Solapur,Flu,General Physician,23,4.3,553
851,Dr. Neha Patil,Solapur,Cold,General Physician,6,4.4,332
852,Dr. Vikas Patil,Solapur,Cold,General Physician,26,4.9,401
853,Dr. Rohit Sharma,Solapur,Cold,General Physician,13,4.1,923
854,Dr. Kiran Gupta,Solapur,Cold,General Physician,32,4.3,729
855,Dr. Pooja Gupta,Solapur,Cold,General Physician,31,4.0,289
856,Dr. Kiran Deshmukh,Solapur,Cold,General Physician,6,4.6,1013
857,Dr. Pooja Jadhav,Solapur,Cold,General Physician,26,3.7,739
858,Dr. Amit Gupta,Solapur,Cold,General Physician,4,4.6,1236
859,Dr. Priya Jadhav,Solapur,Cold,General Physician,22,4.7,245
860,Dr. Anil Kulkarni,Solapur,Cold,General Physician,17,4.9,345
861,Dr. Rahul Deshmukh,Solapur,COVID-19,Pulmonologist,3,4.1,888
862,Dr. Sneha Kulkarni,Solapur,COVID-19,Pulmonologist,30,3.9,220
863,Dr. Amit Deshmukh,Solapur,COVID-19,Pulmonologist,25,4.7,1043
864,Dr. Priya Jadhav,Solapur,COVID-19,Pulmonologist,26,4.1,295
865,Dr. Rohit Gupta,Solapur,COVID-19,Pulmonologist,15,4.2,731
866,Dr. Vikas Gupta,Solapur,COVID-19,Pulmonologist,18,4.8,1414
867,Dr. Vikas Deshmukh,Solapur,COVID-19,Pulmonologist,15,4.5,1301
868,Dr. Neha Joshi,Solapur,COVID-19,Pulmonologist,3,3.9,913
869,Dr. Sneha Shinde,Solapur,COVID-19,Pulmonologist,22,4.5,452
870,Dr. Rohit Joshi,Solapur,COVID-19,Pulmonologist,2,3.6,745
871,Dr. Anil Sharma,Solapur,Malaria,Infectious Disease,20,4.0,872
872,Dr. Sneha Gupta,Solapur,Malaria,Infectious Disease,20,4.6,843
873,Dr. Priya Sharma,Solapur,Malaria,Infectious Disease,4,4.2,1452
874,Dr. Rohit Joshi,Solapur,Malaria,Infectious Disease,31,4.7,318
875,Dr. Rahul Joshi,Solapur,Malaria,Infectious Disease,8,4.3,1297
876,Dr. Amit Joshi,Solapur,Malaria,Infectious Disease,28,3.8,1111
877,Dr. Anil Kulkarni,Solapur,Malaria,Infectious Disease,15,4.7,392
878,Dr. Amit Gupta,Solapur,Malaria,Infectious Disease,5,3.6,872
879,Dr. Priya Deshmukh,Solapur,Malaria,Infectious Disease,4,3.9,1166
880,Dr. Vikas Patil,Solapur,Malaria,Infectious Disease,1,4.9,492
881,Dr. Amit Sharma,Solapur,Dengue,Infectious Disease,12,4.3,1171
882,Dr. Pooja Gupta,Solapur,Dengue,Infectious Disease,13,4.4,1401
883,Dr. Anil Deshmukh,Solapur,Dengue,Infectious Disease,29,4.0,1479
884,Dr. Sneha Deshmukh,Solapur,Dengue,Infectious Disease,6,3.6,229
885,Dr. Neha Deshmukh,Solapur,Dengue,Infectious Disease,32,3.8,220
886,Dr. Amit Joshi,Solapur,Dengue,Infectious Disease,25,4.4,764
887,Dr. Rahul Gupta,Solapur,Dengue,Infectious Disease,9,3.8,1023
888,Dr. Anil Deshmukh,Solapur,Dengue,Infectious Disease,17,4.3,249
889,Dr. Rahul Kulkarni,Solapur,Dengue,Infectious Disease,16,4.2,901
890,Dr. Sneha Kulkarni,Solapur,Dengue,Infectious Disease,11,4.6,706
891,Dr. Anil Joshi,Solapur,Typhoid,General Physician,20,3.9,953
892,Dr. Priya Joshi,Solapur,Typhoid,General Physician,1,4.6,1258
893,Dr. Neha Jadhav,Solapur,Typhoid,General Physician,14,3.6,569
894,Dr. Priya Joshi,Solapur,Typhoid,General Physician,28,3.8,1458
895,Dr. Amit Deshmukh,Solapur,Typhoid,General Physician,23,3.8,1330
896,Dr. Amit Deshmukh,Solapur,Typhoid,General Physician,23,4.0,579
897,Dr. Vikas Shinde,Solapur,Typhoid,General Physician,22,4.5,906
898,Dr. Pooja Gupta,Solapur,Typhoid,General Physician,24,3.8,1136
899,Dr. Priya Jadhav,Solapur,Typhoid,General Physician,7,4.0,624
900,Dr. Anil Patil,Solapur,Typhoid,General Physician,21,4.6,633
901,Dr. Anil Gupta,Solapur,Asthma,Pulmonologist,15,4.4,1353
902,Dr. Anil Patil,Solapur,Asthma,Pulmonologist,15,4.2,1364
903,Dr. Priya Patil,Solapur,Asthma,Pulmonologist,24,4.1,320
904,Dr. Sneha Kulkarni,Solapur,Asthma,Pulmonologist,20,4.1,1419
905,Dr. Rahul Kulkarni,Solapur,Asthma,Pulmonologist,27,3.7,938
906,Dr. Vikas Jadhav,Solapur,Asthma,Pulmonologist,30,3.9,457
907,Dr. Neha Kulkarni,Solapur,Asthma,Pulmonologist,28,4.2,771
908,Dr. Rohit Sharma,Solapur,Asthma,Pulmonologist,25,4.6,1129
909,Dr. Rohit Deshmukh,Solapur,Asthma,Pulmonologist,18,4.6,733
910,Dr. Sneha Sharma,Solapur,Asthma,Pulmonologist,21,4.9,368
911,Dr. Rahul Deshmukh,Solapur,Diabetes,Endocrinologist,15,4.7,321
912,Dr. Priya Shinde,Solapur,Diabetes,Endocrinologist,24,4.2,867
913,Dr. Priya Deshmukh,Solapur,Diabetes,Endocrinologist,28,4.7,556
914,Dr. Kiran Deshmukh,Solapur,Diabetes,Endocrinologist,10,4.4,1165
915,Dr. Sneha Sharma,Solapur,Diabetes,Endocrinologist,12,3.9,1024
916,Dr. Amit Sharma,Solapur,Diabetes,Endocrinologist,34,4.9,1121
917,Dr. Sneha Jadhav,Solapur,Diabetes,Endocrinologist,8,3.9,421
918,Dr. Rohit Jadhav,Solapur,Diabetes,Endocrinologist,27,4.4,248
919,Dr. Pooja Gupta,Solapur,Diabetes,Endocrinologist,9,3.6,1166
920,Dr. Priya Patil,Solapur,Diabetes,Endocrinologist,12,4.9,1129
921,Dr. Sneha Jadhav,Solapur,Migraine,Neurologist,15,4.0,828
922,Dr. Sneha Kulkarni,Solapur,Migraine,Neurologist,35,4.5,1077
923,Dr. Vikas Gupta,Solapur,Migraine,Neurologist,29,4.3,398
924,Dr. Pooja Jadhav,Solapur,Migraine,Neurologist,25,4.3,1487
925,Dr. Anil Gupta,Solapur,Migraine,Neurologist,19,4.0,828
926,Dr. Neha Patil,Solapur,Migraine,Neurologist,23,4.0,488
927,Dr. Vikas Joshi,Solapur,Migraine,Neurologist,34,4.3,830
928,Dr. Rahul Joshi,Solapur,Migraine,Neurologist,28,4.5,228
929,Dr. Rohit Sharma,Solapur,Migraine,Neurologist,4,4.9,1223
930,Dr. Amit Patil,Solapur,Migraine,Neurologist,17,4.0,404
931,Dr. Anil Jadhav,Solapur,Food Poisoning,Gastroenterologist,34,3.5,408
932,Dr. Vikas Deshmukh,Solapur,Food Poisoning,Gastroenterologist,19,3.7,569
933,Dr. Rahul Jadhav,Solapur,Food Poisoning,Gastroenterologist,14,4.7,678
934,Dr. Kiran Shinde,Solapur,Food Poisoning,Gastroenterologist,20,3.6,1421
935,Dr. Anil Patil,Solapur,Food Poisoning,Gastroenterologist,6,4.4,372
936,Dr. Neha Joshi,Solapur,Food Poisoning,Gastroenterologist,26,4.0,541
937,Dr. Rohit Deshmukh,Solapur,Food Poisoning,Gastroenterologist,14,4.4,885
938,Dr. Pooja Shinde,Solapur,Food Poisoning,Gastroenterologist,26,4.0,294
939,Dr. Pooja Deshmukh,Solapur,Food Poisoning,Gastroenterologist,25,3.8,994
940,Dr. Priya Joshi,Solapur,Food Poisoning,Gastroenterologist,2,4.3,897
941,Dr. Neha Kulkarni,Solapur,Jaundice,Hepatologist,10,4.1,773
942,Dr. Rohit Jadhav,Solapur,Jaundice,Hepatologist,28,3.7,1113
943,Dr. Priya Patil,Solapur,Jaundice,Hepatologist,18,3.7,1201
944,Dr. Amit Jadhav,Solapur,Jaundice,Hepatologist,24,4.9,1322
945,Dr. Kiran Shinde,Solapur,Jaundice,Hepatologist,9,4.8,676
946,Dr. Neha Jadhav,Solapur,Jaundice,Hepatologist,32,4.1,864
947,Dr. Vikas Jadhav,Solapur,Jaundice,Hepatologist,2,3.7,995
948,Dr. Kiran Joshi,Solapur,Jaundice,Hepatologist,32,4.0,1302
949,Dr. Rahul Patil,Solapur,Jaundice,Hepatologist,33,4.1,804
950,Dr. Rohit Sharma,Solapur,Jaundice,Hepatologist,19,4.3,867
951,Dr. Sneha Shinde,Solapur,Chickenpox,Dermatologist,5,4.0,1104
952,Dr. Pooja Shinde,Solapur,Chickenpox,Dermatologist,7,4.2,367
953,Dr. Priya Kulkarni,Solapur,Chickenpox,Dermatologist,30,4.8,1233
954,Dr. Neha Kulkarni,Solapur,Chickenpox,Dermatologist,9,4.0,227
955,Dr. Rahul Sharma,Solapur,Chickenpox,Dermatologist,11,3.9,1483
956,Dr. Rahul Joshi,Solapur,Chickenpox,Dermatologist,18,4.6,489
957,Dr. Vikas Joshi,Solapur,Chickenpox,Dermatologist,2,3.8,202
958,Dr. Kiran Deshmukh,Solapur,Chickenpox,Dermatologist,13,3.5,1235
959,Dr. Rahul Gupta,Solapur,Chickenpox,Dermatologist,20,3.6,1212
960,Dr. Rohit Shinde,Solapur,Chickenpox,Dermatologist,10,4.3,957
961,Dr. Rohit Sharma,Solapur,Measles,Pediatrician,23,4.4,609
962,Dr. Rohit Shinde,Solapur,Measles,Pediatrician,33,4.8,1392
963,Dr. Vikas Kulkarni,Solapur,Measles,Pediatrician,31,3.7,1265
964,Dr. Pooja Shinde,Solapur,Measles,Pediatrician,18,4.6,716
965,Dr. Amit Jadhav,Solapur,Measles,Pediatrician,12,4.4,1479
966,Dr. Kiran Sharma,Solapur,Measles,Pediatrician,21,4.7,1280
967,Dr. Amit Deshmukh,Solapur,Measles,Pediatrician,9,3.6,346
968,Dr. Anil Sharma,Solapur,Measles,Pediatrician,30,3.5,849
969,Dr. Neha Jadhav,Solapur,Measles,Pediatrician,16,4.7,484
970,Dr. Amit Sharma,Solapur,Measles,Pediatrician,7,4.0,941
971,Dr. Pooja Gupta,Solapur,Arthritis,Orthopedic,19,4.8,1463
972,Dr. Kiran Kulkarni,Solapur,Arthritis,Orthopedic,33,4.8,899
973,Dr. Neha Kulkarni,Solapur,Arthritis,Orthopedic,25,4.0,526
974,Dr. Amit Jadhav,Solapur,Arthritis,Orthopedic,15,4.3,588
975,Dr. Vikas Jadhav,Solapur,Arthritis,Orthopedic,28,3.5,1073
976,Dr. Rohit Jadhav,Solapur,Arthritis,Orthopedic,3,4.7,1454
977,Dr. Rohit Joshi,Solapur,Arthritis,Orthopedic,21,4.2,1214
978,Dr. Kiran Patil,Solapur,Arthritis,Orthopedic,21,4.6,1417
979,Dr. Sneha Sharma,Solapur,Arthritis,Orthopedic,4,4.9,1497
980,Dr. Priya Kulkarni,Solapur,Arthritis,Orthopedic,35,3.8,906
981,Dr. Pooja Deshmukh,Kolhapur,Flu,General Physician,30,3.8,1069
982,Dr. Rohit Deshmukh,Kolhapur,Flu,General Physician,19,3.8,705
983,Dr. Kiran Shinde,Kolhapur,Flu,General Physician,27,4.6,852
984,Dr. Sneha Jadhav,Kolhapur,Flu,General Physician,3,3.9,1370
985,Dr. Priya Deshmukh,Kolhapur,Flu,General Physician,24,4.6,1232
986,Dr. Priya Deshmukh,Kolhapur,Flu,General Physician,15,4.2,561
987,Dr. Rahul Deshmukh,Kolhapur,Flu,General Physician,23,4.2,343
988,Dr. Pooja Gupta,Kolhapur,Flu,General Physician,15,4.3,441
989,Dr. Kiran Kulkarni,Kolhapur,Flu,General Physician,23,4.9,1468
990,Dr. Pooja Kulkarni,Kolhapur,Flu,General Physician,13,4.4,629
991,Dr. Pooja Sharma,Kolhapur,Cold,General Physician,16,3.8,560
992,Dr. Rahul Gupta,Kolhapur,Cold,General Physician,16,4.8,970
993,Dr. Amit Kulkarni,Kolhapur,Cold,General Physician,10,3.9,751
994,Dr. Priya Sharma,Kolhapur,Cold,General Physician,27,4.8,1135
995,Dr. Rahul Shinde,Kolhapur,Cold,General Physician,20,4.7,1156
996,Dr. Pooja Joshi,Kolhapur,Cold,General Physician,17,3.9,1298
997,Dr. Priya Jadhav,Kolhapur,Cold,General Physician,29,3.7,316
998,Dr. Vikas Joshi,Kolhapur,Cold,General Physician,19,4.2,1294
999,Dr. Pooja Kulkarni,Kolhapur,Cold,General Physician,8,3.5,397
1000,Dr. Sneha Jadhav,Kolhapur,Cold,General Physician,2,4.0,1236
1001,Dr. Vikas Patil,Kolhapur,COVID-19,Pulmonologist,32,3.8,1318
1002,Dr. Rahul Joshi,Kolhapur,COVID-19,Pulmonologist,16,5.0,799
1003,Dr. Rahul Patil,Kolhapur,COVID-19,Pulmonologist,27,4.9,1407
1004,Dr. Rahul Patil,Kolhapur,COVID-19,Pulmonologist,10,4.6,276
1005,Dr. Rahul Jadhav,Kolhapur,COVID-19,Pulmonologist,24,3.9,887
1006,Dr. Vikas Deshmukh,Kolhapur,COVID-19,Pulmonologist,8,3.9,992
1007,Dr. Vikas Shinde,Kolhapur,COVID-19,Pulmonologist,21,4.5,1045
1008,Dr. Kiran Kulkarni,Kolhapur,COVID-19,Pulmonologist,24,4.0,956
1009,Dr. Rohit Joshi,Kolhapur,COVID-19,Pulmonologist,8,4.4,1340
1010,Dr. Pooja Gupta,Kolhapur,COVID-19,Pulmonologist,14,4.5,1016
1011,Dr. Rahul Jadhav,Kolhapur,Malaria,Infectious Disease,2,4.2,699
1012,Dr. Pooja Kulkarni,Kolhapur,Malaria,Infectious Disease,23,4.1,950
1013,Dr. Kiran Patil,Kolhapur,Malaria,Infectious Disease,35,3.6,1322
1014,Dr. Anil Kulkarni,Kolhapur,Malaria,Infectious Disease,22,5.0,391
1015,Dr. Rahul Kulkarni,Kolhapur,Malaria,Infectious Disease,12,3.7,1462
1016,Dr. Pooja Patil,Kolhapur,Malaria,Infectious Disease,13,4.6,689
1017,Dr. Sneha Deshmukh,Kolhapur,Malaria,Infectious Disease,32,3.9,1044
1018,Dr. Neha Shinde,Kolhapur,Malaria,Infectious Disease,35,3.8,763
1019,Dr. Sneha Shinde,Kolhapur,Malaria,Infectious Disease,9,3.8,1378
1020,Dr. Rohit Joshi,Kolhapur,Malaria,Infectious Disease,13,4.4,1423
1021,Dr. Rohit Joshi,Kolhapur,Dengue,Infectious Disease,21,4.9,1239
1022,Dr. Rohit Patil,Kolhapur,Dengue,Infectious Disease,12,5.0,1081
1023,Dr. Priya Gupta,Kolhapur,Dengue,Infectious Disease,12,4.7,999
1024,Dr. Priya Sharma,Kolhapur,Dengue,Infectious Disease,15,3.6,297
1025,Dr. Vikas Gupta,Kolhapur,Dengue,Infectious Disease,12,3.6,1230
1026,Dr. Sneha Deshmukh,Kolhapur,Dengue,Infectious Disease,15,4.3,476
1027,Dr. Rahul Joshi,Kolhapur,Dengue,Infectious Disease,26,4.6,1163
1028,Dr. Rahul Patil,Kolhapur,Dengue,Infectious Disease,18,4.4,554
1029,Dr. Vikas Kulkarni,Kolhapur,Dengue,Infectious Disease,22,4.5,1050
1030,Dr. Rohit Kulkarni,Kolhapur,Dengue,Infectious Disease,19,4.3,638
1031,Dr. Kiran Kulkarni,Kolhapur,Typhoid,General Physician,13,4.6,1365
1032,Dr. Rohit Patil,Kolhapur,Typhoid,General Physician,35,4.0,237
1033,Dr. Rohit Gupta,Kolhapur,Typhoid,General Physician,3,4.6,862
1034,Dr. Kiran Kulkarni,Kolhapur,Typhoid,General Physician,30,4.4,1332
1035,Dr. Anil Gupta,Kolhapur,Typhoid,General Physician,7,4.6,717
1036,Dr. Pooja Sharma,Kolhapur,Typhoid,General Physician,13,4.6,1393
1037,Dr. Priya Gupta,Kolhapur,Typhoid,General Physician,31,3.8,590
1038,Dr. Sneha Patil,Kolhapur,Typhoid,General Physician,8,4.8,420
1039,Dr. Priya Shinde,Kolhapur,Typhoid,General Physician,31,3.6,1267
1040,Dr. Vikas Jadhav,Kolhapur,Typhoid,General Physician,24,3.6,845
1041,Dr. Anil Sharma,Kolhapur,Asthma,Pulmonologist,26,4.8,330
1042,Dr. Vikas Deshmukh,Kolhapur,Asthma,Pulmonologist,31,4.0,867
1043,Dr. Sneha Sharma,Kolhapur,Asthma,Pulmonologist,20,4.8,808
1044,Dr. Rahul Deshmukh,Kolhapur,Asthma,Pulmonologist,15,4.7,1051
1045,Dr. Rohit Jadhav,Kolhapur,Asthma,Pulmonologist,20,4.7,1318
1046,Dr. Neha Shinde,Kolhapur,Asthma,Pulmonologist,22,3.9,926
1047,Dr. Pooja Kulkarni,Kolhapur,Asthma,Pulmonologist,28,4.2,1152
1048,Dr. Sneha Sharma,Kolhapur,Asthma,Pulmonologist,2,4.2,1397
1049,Dr. Priya Joshi,Kolhapur,Asthma,Pulmonologist,10,3.9,663
1050,Dr. Vikas Joshi,Kolhapur,Asthma,Pulmonologist,14,4.3,1466
1051,Dr. Kiran Deshmukh,Kolhapur,Diabetes,Endocrinologist,20,4.7,493
1052,Dr. Rahul Sharma,Kolhapur,Diabetes,Endocrinologist,7,4.9,1290
1053,Dr. Kiran Joshi,Kolhapur,Diabetes,Endocrinologist,3,3.9,754
1054,Dr. Rohit Patil,Kolhapur,Diabetes,Endocrinologist,1,4.0,1151
1055,Dr. Vikas Kulkarni,Kolhapur,Diabetes,Endocrinologist,26,4.8,1113
1056,Dr. Neha Jadhav,Kolhapur,Diabetes,Endocrinologist,6,5.0,479
1057,Dr. Rahul Kulkarni,Kolhapur,Diabetes,Endocrinologist,24,4.6,1058
1058,Dr. Rohit Gupta,Kolhapur,Diabetes,Endocrinologist,10,4.7,363
1059,Dr. Anil Gupta,Kolhapur,Diabetes,Endocrinologist,12,4.3,809
1060,Dr. Pooja Shinde,Kolhapur,Diabetes,Endocrinologist,3,4.1,1201
1061,Dr. Anil Deshmukh,Kolhapur,Migraine,Neurologist,20,4.4,1455
1062,Dr. Neha Patil,Kolhapur,Migraine,Neurologist,26,3.9,1369
1063,Dr. Rahul Deshmukh,Kolhapur,Migraine,Neurologist,26,4.1,723
1064,Dr. Sneha Sharma,Kolhapur,Migraine,Neurologist,34,4.7,1092
1065,Dr. Vikas Joshi,Kolhapur,Migraine,Neurologist,21,4.4,748
1066,Dr. Amit Kulkarni,Kolhapur,Migraine,Neurologist,13,4.5,1137
1067,Dr. Kiran Gupta,Kolhapur,Migraine,Neurologist,31,4.6,1258
1068,Dr. Rahul Shinde,Kolhapur,Migraine,Neurologist,24,4.2,1339
1069,Dr. Rohit Joshi,Kolhapur,Migraine,Neurologist,13,4.0,1417
1070,Dr. Pooja Gupta,Kolhapur,Migraine,Neurologist,13,4.6,337
1071,Dr. Priya Gupta,Kolhapur,Food Poisoning,Gastroenterologist,4,4.5,1089
1072,Dr. Sneha Sharma,Kolhapur,Food Poisoning,Gastroenterologist,14,4.4,1214
1073,Dr. Anil Patil,Kolhapur,Food Poisoning,Gastroenterologist,18,4.7,1494
1074,Dr. Pooja Patil,Kolhapur,Food Poisoning,Gastroenterologist,29,4.6,831
1075,Dr. Rohit Joshi,Kolhapur,Food Poisoning,Gastroenterologist,26,3.7,478
1076,Dr. Sneha Shinde,Kolhapur,Food Poisoning,Gastroenterologist,18,4.2,529
1077,Dr. Priya Sharma,Kolhapur,Food Poisoning,Gastroenterologist,21,4.5,570
1078,Dr. Sneha Shinde,Kolhapur,Food Poisoning,Gastroenterologist,30,4.6,1015
1079,Dr. Amit Jadhav,Kolhapur,Food Poisoning,Gastroenterologist,34,4.2,764
1080,Dr. Amit Jadhav,Kolhapur,Food Poisoning,Gastroenterologist,10,3.6,1068
1081,Dr. Rohit Gupta,Kolhapur,Jaundice,Hepatologist,20,4.1,1195
1082,Dr. Neha Jadhav,Kolhapur,Jaundice,Hepatologist,11,4.4,890
1083,Dr. Pooja Gupta,Kolhapur,Jaundice,Hepatologist,22,3.9,987
1084,Dr. Sneha Joshi,Kolhapur,Jaundice,Hepatologist,24,3.6,334
1085,Dr. Pooja Kulkarni,Kolhapur,Jaundice,Hepatologist,33,4.0,634
1086,Dr. Vikas Shinde,Kolhapur,Jaundice,Hepatologist,26,4.6,1187
1087,Dr. Rohit Patil,Kolhapur,Jaundice,Hepatologist,32,4.2,654
1088,Dr. Amit Patil,Kolhapur,Jaundice,Hepatologist,12,4.6,1287
1089,Dr. Neha Kulkarni,Kolhapur,Jaundice,Hepatologist,15,4.9,1238
1090,Dr. Sneha Sharma,Kolhapur,Jaundice,Hepatologist,35,4.2,294
1091,Dr. Anil Joshi,Kolhapur,Chickenpox,Dermatologist,34,3.8,979
1092,Dr. Sneha Kulkarni,Kolhapur,Chickenpox,Dermatologist,29,4.6,1165
1093,Dr. Rohit Jadhav,Kolhapur,Chickenpox,Dermatologist,21,3.7,954
1094,Dr. Rahul Gupta,Kolhapur,Chickenpox,Dermatologist,15,4.6,627
1095,Dr. Rahul Kulkarni,Kolhapur,Chickenpox,Dermatologist,20,4.1,580
1096,Dr. Kiran Deshmukh,Kolhapur,Chickenpox,Dermatologist,26,4.0,708
1097,Dr. Rohit Deshmukh,Kolhapur,Chickenpox,Dermatologist,18,4.9,1366
1098,Dr. Rohit Joshi,Kolhapur,Chickenpox,Dermatologist,31,4.8,820
1099,Dr. Priya Sharma,Kolhapur,Chickenpox,Dermatologist,3,3.8,1009
1100,Dr. Neha Joshi,Kolhapur,Chickenpox,Dermatologist,28,4.4,1217
1101,Dr. Neha Jadhav,Kolhapur,Measles,Pediatrician,23,3.8,1232
1102,Dr. Amit Patil,Kolhapur,Measles,Pediatrician,14,4.3,279
1103,Dr. Kiran Kulkarni,Kolhapur,Measles,Pediatrician,35,3.5,464
1104,Dr. Sneha Gupta,Kolhapur,Measles,Pediatrician,17,4.9,1187
1105,Dr. Priya Deshmukh,Kolhapur,Measles,Pediatrician,2,4.7,254
1106,Dr. Vikas Shinde,Kolhapur,Measles,Pediatrician,5,4.8,1175
1107,Dr. Rahul Joshi,Kolhapur,Measles,Pediatrician,19,4.1,647
1108,Dr. Sneha Deshmukh,Kolhapur,Measles,Pediatrician,27,4.5,438
1109,Dr. Kiran Sharma,Kolhapur,Measles,Pediatrician,16,4.0,754
1110,Dr. Priya Deshmukh,Kolhapur,Measles,Pediatrician,22,4.7,1253
1111,Dr. Anil Joshi,Kolhapur,Arthritis,Orthopedic,24,4.4,425
1112,Dr. Priya Joshi,Kolhapur,Arthritis,Orthopedic,13,4.9,1208
1113,Dr. Rahul Shinde,Kolhapur,Arthritis,Orthopedic,28,4.1,239
1114,Dr. Pooja Patil,Kolhapur,Arthritis,Orthopedic,30,4.3,248
1115,Dr. Vikas Gupta,Kolhapur,Arthritis,Orthopedic,5,4.1,1481
1116,Dr. Kiran Deshmukh,Kolhapur,Arthritis,Orthopedic,5,4.8,1490
1117,Dr. Vikas Patil,Kolhapur,Arthritis,Orthopedic,29,4.5,544
1118,Dr. Amit Deshmukh,Kolhapur,Arthritis,Orthopedic,16,5.0,573
1119,Dr. Pooja Gupta,Kolhapur,Arthritis,Orthopedic,19,4.7,1050
1120,Dr. Sneha Patil,Kolhapur,Arthritis,Orthopedic,23,4.0,395
1121,Dr. Kiran Kulkarni,Amravati,Flu,General Physician,12,4.5,1186
1122,Dr. Neha Deshmukh,Amravati,Flu,General Physician,20,3.8,1319
1123,Dr. Priya Gupta,Amravati,Flu,General Physician,8,3.8,1118
1124,Dr. Rahul Gupta,Amravati,Flu,General Physician,31,4.0,555
1125,Dr. Anil Jadhav,Amravati,Flu,General Physician,3,5.0,241
1126,Dr. Sneha Kulkarni,Amravati,Flu,General Physician,22,4.3,757
1127,Dr. Pooja Shinde,Amravati,Flu,General Physician,30,4.5,593
1128,Dr. Pooja Sharma,Amravati,Flu,General Physician,30,4.7,1198
1129,Dr. Amit Joshi,Amravati,Flu,General Physician,24,4.2,834
1130,Dr. Rahul Gupta,Amravati,Flu,General Physician,32,4.8,1166
1131,Dr. Priya Sharma,Amravati,Cold,General Physician,3,4.3,1055
1132,Dr. Priya Shinde,Amravati,Cold,General Physician,35,3.5,482
1133,Dr. Rahul Gupta,Amravati,Cold,General Physician,16,3.9,763
1134,Dr. Rahul Jadhav,Amravati,Cold,General Physician,18,4.9,526
1135,Dr. Amit Shinde,Amravati,Cold,General Physician,18,4.5,268
1136,Dr. Anil Jadhav,Amravati,Cold,General Physician,35,4.5,648
1137,Dr. Sneha Shinde,Amravati,Cold,General Physician,1,3.7,1454
1138,Dr. Neha Deshmukh,Amravati,Cold,General Physician,22,3.9,908
1139,Dr. Rahul Sharma,Amravati,Cold,General Physician,15,4.1,1118
1140,Dr. Vikas Deshmukh,Amravati,Cold,General Physician,2,4.2,831
1141,Dr. Sneha Jadhav,Amravati,COVID-19,Pulmonologist,22,3.8,510
1142,Dr. Rohit Joshi,Amravati,COVID-19,Pulmonologist,10,4.4,1413
1143,Dr. Sneha Joshi,Amravati,COVID-19,Pulmonologist,32,3.9,1228
1144,Dr. Priya Gupta,Amravati,COVID-19,Pulmonologist,32,4.0,303
1145,Dr. Priya Joshi,Amravati,COVID-19,Pulmonologist,17,4.6,547
1146,Dr. Rohit Jadhav,Amravati,COVID-19,Pulmonologist,3,4.0,1057
1147,Dr. Rahul Gupta,Amravati,COVID-19,Pulmonologist,28,3.9,1133
1148,Dr. Vikas Shinde,Amravati,COVID-19,Pulmonologist,3,3.9,941
1149,Dr. Rohit Sharma,Amravati,COVID-19,Pulmonologist,4,4.8,335
1150,Dr. Rahul Shinde,Amravati,COVID-19,Pulmonologist,9,3.9,915
1151,Dr. Pooja Kulkarni,Amravati,Malaria,Infectious Disease,28,3.7,840
1152,Dr. Kiran Deshmukh,Amravati,Malaria,Infectious Disease,5,3.9,465
1153,Dr. Priya Deshmukh,Amravati,Malaria,Infectious Disease,3,4.6,259
1154,Dr. Rahul Kulkarni,Amravati,Malaria,Infectious Disease,12,4.0,1150
1155,Dr. Vikas Deshmukh,Amravati,Malaria,Infectious Disease,2,4.4,1354
1156,Dr. Neha Deshmukh,Amravati,Malaria,Infectious Disease,7,4.1,567
1157,Dr. Sneha Gupta,Amravati,Malaria,Infectious Disease,15,4.4,739
1158,Dr. Kiran Jadhav,Amravati,Malaria,Infectious Disease,23,3.7,563
1159,Dr. Rahul Shinde,Amravati,Malaria,Infectious Disease,8,4.5,366
1160,Dr. Pooja Joshi,Amravati,Malaria,Infectious Disease,1,4.2,1234
1161,Dr. Vikas Kulkarni,Amravati,Dengue,Infectious Disease,4,3.8,376
1162,Dr. Anil Sharma,Amravati,Dengue,Infectious Disease,29,3.5,488
1163,Dr. Kiran Joshi,Amravati,Dengue,Infectious Disease,33,4.2,300
1164,Dr. Pooja Jadhav,Amravati,Dengue,Infectious Disease,26,3.8,398
1165,Dr. Pooja Sharma,Amravati,Dengue,Infectious Disease,1,4.4,440
1166,Dr. Rohit Jadhav,Amravati,Dengue,Infectious Disease,14,4.1,911
1167,Dr. Neha Sharma,Amravati,Dengue,Infectious Disease,25,3.9,1271
1168,Dr. Pooja Kulkarni,Amravati,Dengue,Infectious Disease,12,3.9,440
1169,Dr. Priya Jadhav,Amravati,Dengue,Infectious Disease,17,4.8,814
1170,Dr. Rahul Gupta,Amravati,Dengue,Infectious Disease,31,3.7,626
1171,Dr. Amit Jadhav,Amravati,Typhoid,General Physician,23,5.0,635
1172,Dr. Kiran Patil,Amravati,Typhoid,General Physician,13,4.3,1042
1173,Dr. Anil Patil,Amravati,Typhoid,General Physician,22,4.9,713
1174,Dr. Anil Shinde,Amravati,Typhoid,General Physician,28,3.8,296
1175,Dr. Rohit Kulkarni,Amravati,Typhoid,General Physician,2,4.4,579
1176,Dr. Rohit Joshi,Amravati,Typhoid,General Physician,33,4.1,650
1177,Dr. Pooja Sharma,Amravati,Typhoid,General Physician,31,3.6,538
1178,Dr. Kiran Joshi,Amravati,Typhoid,General Physician,33,4.4,498
1179,Dr. Anil Kulkarni,Amravati,Typhoid,General Physician,4,3.7,989
1180,Dr. Rohit Joshi,Amravati,Typhoid,General Physician,22,3.8,268
1181,Dr. Neha Deshmukh,Amravati,Asthma,Pulmonologist,15,4.3,436
1182,Dr. Rohit Deshmukh,Amravati,Asthma,Pulmonologist,7,4.7,1357
1183,Dr. Sneha Patil,Amravati,Asthma,Pulmonologist,8,4.4,403
1184,Dr. Pooja Jadhav,Amravati,Asthma,Pulmonologist,13,3.8,690
1185,Dr. Neha Sharma,Amravati,Asthma,Pulmonologist,17,3.8,402
1186,Dr. Amit Patil,Amravati,Asthma,Pulmonologist,24,4.0,728
1187,Dr. Kiran Joshi,Amravati,Asthma,Pulmonologist,20,3.6,521
1188,Dr. Priya Joshi,Amravati,Asthma,Pulmonologist,27,4.4,742
1189,Dr. Anil Sharma,Amravati,Asthma,Pulmonologist,21,4.5,1499
1190,Dr. Neha Patil,Amravati,Asthma,Pulmonologist,15,4.3,408
1191,Dr. Rahul Kulkarni,Amravati,Diabetes,Endocrinologist,25,4.7,839
1192,Dr. Kiran Sharma,Amravati,Diabetes,Endocrinologist,18,4.0,1132
1193,Dr. Anil Deshmukh,Amravati,Diabetes,Endocrinologist,21,4.0,431
1194,Dr. Amit Sharma,Amravati,Diabetes,Endocrinologist,28,4.4,1361
1195,Dr. Priya Patil,Amravati,Diabetes,Endocrinologist,6,4.8,1419
1196,Dr. Anil Shinde,Amravati,Diabetes,Endocrinologist,2,4.2,884
1197,Dr. Neha Sharma,Amravati,Diabetes,Endocrinologist,30,4.8,1129
1198,Dr. Priya Joshi,Amravati,Diabetes,Endocrinologist,7,4.0,760
1199,Dr. Anil Kulkarni,Amravati,Diabetes,Endocrinologist,6,4.9,225
1200,Dr. Pooja Deshmukh,Amravati,Diabetes,Endocrinologist,25,4.3,1410
1201,Dr. Rohit Patil,Amravati,Migraine,Neurologist,7,3.8,966
1202,Dr. Anil Jadhav,Amravati,Migraine,Neurologist,24,4.3,505
1203,Dr. Amit Patil,Amravati,Migraine,Neurologist,10,4.4,1480
1204,Dr. Pooja Deshmukh,Amravati,Migraine,Neurologist,28,5.0,1318
1205,Dr. Amit Deshmukh,Amravati,Migraine,Neurologist,18,4.1,537
1206,Dr. Pooja Gupta,Amravati,Migraine,Neurologist,27,4.3,627
1207,Dr. Rohit Joshi,Amravati,Migraine,Neurologist,23,4.5,866
1208,Dr. Priya Gupta,Amravati,Migraine,Neurologist,22,4.7,1001
1209,Dr. Rahul Jadhav,Amravati,Migraine,Neurologist,32,4.4,602
1210,Dr. Sneha Shinde,Amravati,Migraine,Neurologist,7,4.4,1478
1211,Dr. Kiran Kulkarni,Amravati,Food Poisoning,Gastroenterologist,22,4.8,437
1212,Dr. Pooja Joshi,Amravati,Food Poisoning,Gastroenterologist,16,4.5,1052
1213,Dr. Kiran Shinde,Amravati,Food Poisoning,Gastroenterologist,17,4.9,1401
1214,Dr. Sneha Joshi,Amravati,Food Poisoning,Gastroenterologist,3,4.9,947
1215,Dr. Anil Sharma,Amravati,Food Poisoning,Gastroenterologist,20,3.6,919
1216,Dr. Priya Kulkarni,Amravati,Food Poisoning,Gastroenterologist,27,3.8,650
1217,Dr. Rahul Patil,Amravati,Food Poisoning,Gastroenterologist,5,4.2,1472
1218,Dr. Neha Patil,Amravati,Food Poisoning,Gastroenterologist,28,4.1,657
1219,Dr. Rohit Jadhav,Amravati,Food Poisoning,Gastroenterologist,20,3.6,617
1220,Dr. Sneha Deshmukh,Amravati,Food Poisoning,Gastroenterologist,8,3.5,905
1221,Dr. Priya Jadhav,Amravati,Jaundice,Hepatologist,25,3.8,727
1222,Dr. Rohit Jadhav,Amravati,Jaundice,Hepatologist,5,4.5,1481
1223,Dr. Kiran Joshi,Amravati,Jaundice,Hepatologist,32,3.5,1199
1224,Dr. Vikas Shinde,Amravati,Jaundice,Hepatologist,20,3.5,1035
1225,Dr. Vikas Jadhav,Amravati,Jaundice,Hepatologist,34,4.7,968
1226,Dr. Vikas Kulkarni,Amravati,Jaundice,Hepatologist,5,3.7,917
1227,Dr. Rahul Patil,Amravati,Jaundice,Hepatologist,28,3.9,371
1228,Dr. Amit Joshi,Amravati,Jaundice,Hepatologist,4,4.2,1249
1229,Dr. Rohit Kulkarni,Amravati,Jaundice,Hepatologist,23,4.7,828
1230,Dr. Sneha Sharma,Amravati,Jaundice,Hepatologist,32,3.6,559
1231,Dr. Amit Gupta,Amravati,Chickenpox,Dermatologist,9,3.7,761
1232,Dr. Rahul Joshi,Amravati,Chickenpox,Dermatologist,14,4.0,956
1233,Dr. Anil Deshmukh,Amravati,Chickenpox,Dermatologist,7,4.4,1048
1234,Dr. Anil Deshmukh,Amravati,Chickenpox,Dermatologist,18,4.6,315
1235,Dr. Rahul Sharma,Amravati,Chickenpox,Dermatologist,25,4.8,587
1236,Dr. Sneha Deshmukh,Amravati,Chickenpox,Dermatologist,17,4.1,1390
1237,Dr. Pooja Deshmukh,Amravati,Chickenpox,Dermatologist,9,5.0,896
1238,Dr. Rohit Joshi,Amravati,Chickenpox,Dermatologist,22,3.6,908
1239,Dr. Rahul Patil,Amravati,Chickenpox,Dermatologist,28,3.7,820
1240,Dr. Kiran Kulkarni,Amravati,Chickenpox,Dermatologist,7,4.4,885
1241,Dr. Neha Kulkarni,Amravati,Measles,Pediatrician,14,3.5,304
1242,Dr. Vikas Patil,Amravati,Measles,Pediatrician,21,4.1,628
1243,Dr. Kiran Kulkarni,Amravati,Measles,Pediatrician,12,4.2,544
1244,Dr. Sneha Patil,Amravati,Measles,Pediatrician,35,3.7,1445
1245,Dr. Neha Deshmukh,Amravati,Measles,Pediatrician,6,4.2,1078
1246,Dr. Neha Gupta,Amravati,Measles,Pediatrician,8,3.8,663
1247,Dr. Anil Patil,Amravati,Measles,Pediatrician,7,4.4,1324
1248,Dr. Vikas Kulkarni,Amravati,Measles,Pediatrician,10,4.5,1130
1249,Dr. Neha Shinde,Amravati,Measles,Pediatrician,35,4.0,754
1250,Dr. Priya Joshi,Amravati,Measles,Pediatrician,34,4.0,1038
1251,Dr. Kiran Deshmukh,Amravati,Arthritis,Orthopedic,26,4.2,891
1252,Dr. Vikas Kulkarni,Amravati,Arthritis,Orthopedic,7,4.6,1235
1253,Dr. Anil Kulkarni,Amravati,Arthritis,Orthopedic,8,4.2,964
1254,Dr. Amit Gupta,Amravati,Arthritis,Orthopedic,3,4.5,774
1255,Dr. Anil Jadhav,Amravati,Arthritis,Orthopedic,14,4.9,266
1256,Dr. Priya Gupta,Amravati,Arthritis,Orthopedic,33,4.6,790
1257,Dr. Neha Gupta,Amravati,Arthritis,Orthopedic,9,5.0,1390
1258,Dr. Pooja Patil,Amravati,Arthritis,Orthopedic,28,4.1,1415
1259,Dr. Rahul Jadhav,Amravati,Arthritis,Orthopedic,1,4.6,1482
1260,Dr. Pooja Deshmukh,Amravati,Arthritis,Orthopedic,11,4.9,519
1261,Dr. Kiran Kulkarni,Nanded,Flu,General Physician,14,4.1,524
1262,Dr. Anil Gupta,Nanded,Flu,General Physician,8,4.9,868
1263,Dr. Rahul Gupta,Nanded,Flu,General Physician,31,4.0,605
1264,Dr. Pooja Patil,Nanded,Flu,General Physician,11,4.2,1443
1265,Dr. Pooja Joshi,Nanded,Flu,General Physician,16,5.0,1307
1266,Dr. Vikas Joshi,Nanded,Flu,General Physician,24,4.2,874
1267,Dr. Sneha Deshmukh,Nanded,Flu,General Physician,16,3.6,950
1268,Dr. Vikas Sharma,Nanded,Flu,General Physician,28,4.4,1015
1269,Dr. Amit Patil,Nanded,Flu,General Physician,10,4.5,688
1270,Dr. Anil Gupta,Nanded,Flu,General Physician,22,3.7,355
1271,Dr. Rahul Kulkarni,Nanded,Cold,General Physician,16,4.9,782
1272,Dr. Anil Patil,Nanded,Cold,General Physician,4,4.4,1168
1273,Dr. Vikas Gupta,Nanded,Cold,General Physician,26,3.6,922
1274,Dr. Pooja Deshmukh,Nanded,Cold,General Physician,20,4.7,334
1275,Dr. Neha Joshi,Nanded,Cold,General Physician,13,4.3,615
1276,Dr. Pooja Sharma,Nanded,Cold,General Physician,29,4.5,1441
1277,Dr. Vikas Gupta,Nanded,Cold,General Physician,9,4.8,616
1278,Dr. Amit Jadhav,Nanded,Cold,General Physician,16,4.4,454
1279,Dr. Amit Kulkarni,Nanded,Cold,General Physician,19,3.5,964
1280,Dr. Anil Sharma,Nanded,Cold,General Physician,13,4.5,655
1281,Dr. Kiran Gupta,Nanded,COVID-19,Pulmonologist,3,3.7,1164
1282,Dr. Amit Jadhav,Nanded,COVID-19,Pulmonologist,10,3.9,789
1283,Dr. Amit Gupta,Nanded,COVID-19,Pulmonologist,3,3.8,1043
1284,Dr. Sneha Shinde,Nanded,COVID-19,Pulmonologist,11,4.9,331
1285,Dr. Amit Gupta,Nanded,COVID-19,Pulmonologist,19,4.0,620
1286,Dr. Anil Joshi,Nanded,COVID-19,Pulmonologist,5,4.9,219
1287,Dr. Rahul Gupta,Nanded,COVID-19,Pulmonologist,35,4.4,907
1288,Dr. Priya Deshmukh,Nanded,COVID-19,Pulmonologist,32,4.4,1492
1289,Dr. Vikas Patil,Nanded,COVID-19,Pulmonologist,10,3.8,1322
1290,Dr. Kiran Gupta,Nanded,COVID-19,Pulmonologist,2,4.1,501
1291,Dr. Rohit Jadhav,Nanded,Malaria,Infectious Disease,24,4.0,510
1292,Dr. Anil Gupta,Nanded,Malaria,Infectious Disease,9,3.7,1433
1293,Dr. Anil Sharma,Nanded,Malaria,Infectious Disease,23,4.9,1452
1294,Dr. Rahul Shinde,Nanded,Malaria,Infectious Disease,4,3.6,942
1295,Dr. Anil Shinde,Nanded,Malaria,Infectious Disease,12,3.9,809
1296,Dr. Kiran Gupta,Nanded,Malaria,Infectious Disease,9,3.7,772
1297,Dr. Pooja Joshi,Nanded,Malaria,Infectious Disease,24,4.9,744
1298,Dr. Neha Sharma,Nanded,Malaria,Infectious Disease,29,4.8,1427
1299,Dr. Sneha Gupta,Nanded,Malaria,Infectious Disease,12,4.7,1491
1300,Dr. Priya Kulkarni,Nanded,Malaria,Infectious Disease,15,3.6,886
1301,Dr. Priya Jadhav,Nanded,Dengue,Infectious Disease,3,3.7,1261
1302,Dr. Pooja Deshmukh,Nanded,Dengue,Infectious Disease,29,4.0,443
1303,Dr. Kiran Shinde,Nanded,Dengue,Infectious Disease,17,3.7,839
1304,Dr. Rohit Joshi,Nanded,Dengue,Infectious Disease,12,4.7,848
1305,Dr. Vikas Jadhav,Nanded,Dengue,Infectious Disease,6,4.0,1152
1306,Dr. Vikas Gupta,Nanded,Dengue,Infectious Disease,3,4.2,565
1307,Dr. Rahul Patil,Nanded,Dengue,Infectious Disease,33,4.2,380
1308,Dr. Pooja Sharma,Nanded,Dengue,Infectious Disease,13,4.3,746
1309,Dr. Rohit Shinde,Nanded,Dengue,Infectious Disease,4,4.2,610
1310,Dr. Vikas Jadhav,Nanded,Dengue,Infectious Disease,28,4.1,945
1311,Dr. Vikas Joshi,Nanded,Typhoid,General Physician,27,4.3,1346
1312,Dr. Sneha Gupta,Nanded,Typhoid,General Physician,26,4.1,1210
1313,Dr. Vikas Patil,Nanded,Typhoid,General Physician,3,4.4,808
1314,Dr. Amit Joshi,Nanded,Typhoid,General Physician,31,4.9,803
1315,Dr. Priya Kulkarni,Nanded,Typhoid,General Physician,20,4.5,724
1316,Dr. Priya Joshi,Nanded,Typhoid,General Physician,3,4.5,335
1317,Dr. Sneha Kulkarni,Nanded,Typhoid,General Physician,31,4.1,395
1318,Dr. Vikas Jadhav,Nanded,Typhoid,General Physician,8,4.3,879
1319,Dr. Amit Jadhav,Nanded,Typhoid,General Physician,25,4.8,1197
1320,Dr. Priya Gupta,Nanded,Typhoid,General Physician,34,5.0,1176
1321,Dr. Kiran Joshi,Nanded,Asthma,Pulmonologist,29,4.6,916
1322,Dr. Pooja Joshi,Nanded,Asthma,Pulmonologist,25,5.0,1132
1323,Dr. Vikas Patil,Nanded,Asthma,Pulmonologist,27,4.1,1098
1324,Dr. Pooja Deshmukh,Nanded,Asthma,Pulmonologist,8,4.0,326
1325,Dr. Neha Gupta,Nanded,Asthma,Pulmonologist,25,4.5,258
1326,Dr. Neha Deshmukh,Nanded,Asthma,Pulmonologist,9,4.0,761
1327,Dr. Rohit Sharma,Nanded,Asthma,Pulmonologist,23,3.9,589
1328,Dr. Rohit Deshmukh,Nanded,Asthma,Pulmonologist,14,3.9,418
1329,Dr. Neha Sharma,Nanded,Asthma,Pulmonologist,27,3.6,253
1330,Dr. Anil Joshi,Nanded,Asthma,Pulmonologist,7,4.3,1268
1331,Dr. Priya Deshmukh,Nanded,Diabetes,Endocrinologist,27,4.2,820
1332,Dr. Vikas Deshmukh,Nanded,Diabetes,Endocrinologist,7,4.9,273
1333,Dr. Vikas Gupta,Nanded,Diabetes,Endocrinologist,31,4.9,1237
1334,Dr. Anil Joshi,Nanded,Diabetes,Endocrinologist,23,4.0,355
1335,Dr. Kiran Patil,Nanded,Diabetes,Endocrinologist,31,3.7,635
1336,Dr. Vikas Shinde,Nanded,Diabetes,Endocrinologist,2,4.2,1304
1337,Dr. Pooja Joshi,Nanded,Diabetes,Endocrinologist,23,4.7,949
1338,Dr. Neha Kulkarni,Nanded,Diabetes,Endocrinologist,20,3.7,395
1339,Dr. Neha Kulkarni,Nanded,Diabetes,Endocrinologist,18,4.5,1297
1340,Dr. Kiran Patil,Nanded,Diabetes,Endocrinologist,31,4.9,246
1341,Dr. Sneha Gupta,Nanded,Migraine,Neurologist,24,4.7,1455
1342,Dr. Kiran Joshi,Nanded,Migraine,Neurologist,1,5.0,758
1343,Dr. Sneha Sharma,Nanded,Migraine,Neurologist,23,3.6,574
1344,Dr. Vikas Patil,Nanded,Migraine,Neurologist,9,4.4,840
1345,Dr. Rohit Deshmukh,Nanded,Migraine,Neurologist,26,4.4,698
1346,Dr. Rahul Joshi,Nanded,Migraine,Neurologist,6,4.8,1245
1347,Dr. Pooja Sharma,Nanded,Migraine,Neurologist,16,4.9,456
1348,Dr. Sneha Gupta,Nanded,Migraine,Neurologist,24,4.7,922
1349,Dr. Amit Sharma,Nanded,Migraine,Neurologist,27,3.7,320
1350,Dr. Priya Sharma,Nanded,Migraine,Neurologist,10,4.6,1292
1351,Dr. Rohit Jadhav,Nanded,Food Poisoning,Gastroenterologist,6,4.0,541
1352,Dr. Pooja Joshi,Nanded,Food Poisoning,Gastroenterologist,4,3.9,1015
1353,Dr. Vikas Jadhav,Nanded,Food Poisoning,Gastroenterologist,25,4.2,1488
1354,Dr. Sneha Gupta,Nanded,Food Poisoning,Gastroenterologist,27,3.6,669
1355,Dr. Rohit Jadhav,Nanded,Food Poisoning,Gastroenterologist,16,3.6,293
1356,Dr. Priya Gupta,Nanded,Food Poisoning,Gastroenterologist,14,3.5,791
1357,Dr. Neha Joshi,Nanded,Food Poisoning,Gastroenterologist,27,4.4,463
1358,Dr. Pooja Jadhav,Nanded,Food Poisoning,Gastroenterologist,2,4.5,599
1359,Dr. Sneha Shinde,Nanded,Food Poisoning,Gastroenterologist,7,4.1,1170
1360,Dr. Amit Shinde,Nanded,Food Poisoning,Gastroenterologist,18,4.4,670
1361,Dr. Anil Sharma,Nanded,Jaundice,Hepatologist,28,4.2,1467
1362,Dr. Amit Shinde,Nanded,Jaundice,Hepatologist,23,4.9,832
1363,Dr. Pooja Deshmukh,Nanded,Jaundice,Hepatologist,20,3.8,579
1364,Dr. Sneha Joshi,Nanded,Jaundice,Hepatologist,3,4.4,805
1365,Dr. Anil Jadhav,Nanded,Jaundice,Hepatologist,24,3.6,221
1366,Dr. Pooja Shinde,Nanded,Jaundice,Hepatologist,8,4.6,1305
1367,Dr. Pooja Patil,Nanded,Jaundice,Hepatologist,4,4.3,568
1368,Dr. Vikas Gupta,Nanded,Jaundice,Hepatologist,9,3.7,925
1369,Dr. Sneha Kulkarni,Nanded,Jaundice,Hepatologist,22,4.8,1414
1370,Dr. Rahul Joshi,Nanded,Jaundice,Hepatologist,5,4.5,708
1371,Dr. Neha Sharma,Nanded,Chickenpox,Dermatologist,10,3.7,1104
1372,Dr. Anil Sharma,Nanded,Chickenpox,Dermatologist,26,5.0,486
1373,Dr. Kiran Shinde,Nanded,Chickenpox,Dermatologist,23,4.3,494
1374,Dr. Anil Jadhav,Nanded,Chickenpox,Dermatologist,15,4.1,991
1375,Dr. Pooja Gupta,Nanded,Chickenpox,Dermatologist,30,4.4,877
1376,Dr. Anil Shinde,Nanded,Chickenpox,Dermatologist,4,4.4,933
1377,Dr. Anil Sharma,Nanded,Chickenpox,Dermatologist,27,3.5,344
1378,Dr. Vikas Patil,Nanded,Chickenpox,Dermatologist,27,4.5,279
1379,Dr. Pooja Jadhav,Nanded,Chickenpox,Dermatologist,15,4.1,413
1380,Dr. Anil Deshmukh,Nanded,Chickenpox,Dermatologist,6,4.5,463
1381,Dr. Priya Joshi,Nanded,Measles,Pediatrician,18,3.6,1362
1382,Dr. Priya Joshi,Nanded,Measles,Pediatrician,23,4.8,1307
1383,Dr. Priya Sharma,Nanded,Measles,Pediatrician,26,4.7,623
1384,Dr. Neha Patil,Nanded,Measles,Pediatrician,12,4.1,875
1385,Dr. Kiran Joshi,Nanded,Measles,Pediatrician,35,4.3,778
1386,Dr. Amit Sharma,Nanded,Measles,Pediatrician,31,4.8,523
1387,Dr. Anil Sharma,Nanded,Measles,Pediatrician,7,4.0,521
1388,Dr. Pooja Deshmukh,Nanded,Measles,Pediatrician,24,4.7,1461
1389,Dr. Priya Patil,Nanded,Measles,Pediatrician,22,3.7,315
1390,Dr. Rohit Jadhav,Nanded,Measles,Pediatrician,1,3.6,1271
1391,Dr. Vikas Patil,Nanded,Arthritis,Orthopedic,16,4.4,902
1392,Dr. Anil Jadhav,Nanded,Arthritis,Orthopedic,10,4.0,987
1393,Dr. Priya Sharma,Nanded,Arthritis,Orthopedic,35,4.7,1093
1394,Dr. Vikas Jadhav,Nanded,Arthritis,Orthopedic,26,4.3,965
1395,Dr. Pooja Kulkarni,Nanded,Arthritis,Orthopedic,26,4.0,943
1396,Dr. Amit Sharma,Nanded,Arthritis,Orthopedic,30,4.7,727
1397,Dr. Amit Sharma,Nanded,Arthritis,Orthopedic,4,4.4,1463
1398,Dr. Vikas Sharma,Nanded,Arthritis,Orthopedic,33,3.6,1392
1399,Dr. Pooja Sharma,Nanded,Arthritis,Orthopedic,18,3.6,246
1400,Dr. Rahul Joshi,Nanded,Arthritis,Orthopedic,16,5.0,1231
1401,Dr. Sneha Sharma,Sangli,Flu,General Physician,2,3.5,926
1402,Dr. Rahul Sharma,Sangli,Flu,General Physician,28,4.9,540
1403,Dr. Priya Patil,Sangli,Flu,General Physician,8,4.5,416
1404,Dr. Priya Patil,Sangli,Flu,General Physician,14,4.5,1342
1405,Dr. Anil Deshmukh,Sangli,Flu,General Physician,31,5.0,511
1406,Dr. Kiran Gupta,Sangli,Flu,General Physician,29,4.3,1141
1407,Dr. Anil Joshi,Sangli,Flu,General Physician,31,4.9,778
1408,Dr. Pooja Shinde,Sangli,Flu,General Physician,16,4.4,1130
1409,Dr. Amit Patil,Sangli,Flu,General Physician,27,4.8,1374
1410,Dr. Vikas Kulkarni,Sangli,Flu,General Physician,2,3.9,240
1411,Dr. Vikas Sharma,Sangli,Cold,General Physician,27,3.8,798
1412,Dr. Rahul Jadhav,Sangli,Cold,General Physician,2,3.5,490
1413,Dr. Priya Jadhav,Sangli,Cold,General Physician,28,4.5,1259
1414,Dr. Sneha Gupta,Sangli,Cold,General Physician,20,4.8,764
1415,Dr. Anil Deshmukh,Sangli,Cold,General Physician,16,4.4,783
1416,Dr. Anil Jadhav,Sangli,Cold,General Physician,18,4.3,420
1417,Dr. Kiran Kulkarni,Sangli,Cold,General Physician,20,5.0,523
1418,Dr. Kiran Kulkarni,Sangli,Cold,General Physician,25,4.5,1447
1419,Dr. Pooja Patil,Sangli,Cold,General Physician,34,4.6,310
1420,Dr. Pooja Shinde,Sangli,Cold,General Physician,12,4.0,1443
1421,Dr. Sneha Joshi,Sangli,COVID-19,Pulmonologist,23,3.8,1049
1422,Dr. Rohit Kulkarni,Sangli,COVID-19,Pulmonologist,21,4.1,1345
1423,Dr. Pooja Gupta,Sangli,COVID-19,Pulmonologist,24,4.1,1265
1424,Dr. Neha Gupta,Sangli,COVID-19,Pulmonologist,34,3.7,1093
1425,Dr. Vikas Jadhav,Sangli,COVID-19,Pulmonologist,23,4.1,553
1426,Dr. Anil Sharma,Sangli,COVID-19,Pulmonologist,15,3.6,1400
1427,Dr. Pooja Shinde,Sangli,COVID-19,Pulmonologist,24,4.7,958
1428,Dr. Kiran Patil,Sangli,COVID-19,Pulmonologist,14,4.8,1054
1429,Dr. Rahul Kulkarni,Sangli,COVID-19,Pulmonologist,34,4.9,1490
1430,Dr. Sneha Gupta,Sangli,COVID-19,Pulmonologist,27,3.9,764
1431,Dr. Neha Shinde,Sangli,Malaria,Infectious Disease,2,4.9,747
1432,Dr. Amit Jadhav,Sangli,Malaria,Infectious Disease,32,4.4,1184
1433,Dr. Priya Shinde,Sangli,Malaria,Infectious Disease,1,3.6,824
1434,Dr. Pooja Deshmukh,Sangli,Malaria,Infectious Disease,22,4.5,469
1435,Dr. Amit Patil,Sangli,Malaria,Infectious Disease,17,4.0,1498
1436,Dr. Amit Deshmukh,Sangli,Malaria,Infectious Disease,9,4.1,1252
1437,Dr. Sneha Joshi,Sangli,Malaria,Infectious Disease,33,4.8,1082
1438,Dr. Kiran Deshmukh,Sangli,Malaria,Infectious Disease,25,4.0,1076
1439,Dr. Neha Shinde,Sangli,Malaria,Infectious Disease,15,3.9,771
1440,Dr. Sneha Shinde,Sangli,Malaria,Infectious Disease,26,3.6,1156
1441,Dr. Pooja Kulkarni,Sangli,Dengue,Infectious Disease,23,4.8,971
1442,Dr. Kiran Sharma,Sangli,Dengue,Infectious Disease,35,4.2,917
1443,Dr. Rohit Shinde,Sangli,Dengue,Infectious Disease,1,4.9,1217
1444,Dr. Sneha Kulkarni,Sangli,Dengue,Infectious Disease,35,4.2,846
1445,Dr. Anil Patil,Sangli,Dengue,Infectious Disease,29,3.8,1410
1446,Dr. Anil Joshi,Sangli,Dengue,Infectious Disease,27,3.5,1374
1447,Dr. Vikas Jadhav,Sangli,Dengue,Infectious Disease,27,3.9,729
1448,Dr. Rohit Shinde,Sangli,Dengue,Infectious Disease,2,3.6,758
1449,Dr. Priya Joshi,Sangli,Dengue,Infectious Disease,19,3.8,742
1450,Dr. Neha Deshmukh,Sangli,Dengue,Infectious Disease,27,3.7,637
1451,Dr. Pooja Patil,Sangli,Typhoid,General Physician,14,4.5,1436
1452,Dr. Kiran Shinde,Sangli,Typhoid,General Physician,7,4.7,388
1453,Dr. Amit Joshi,Sangli,Typhoid,General Physician,6,3.8,835
1454,Dr. Kiran Gupta,Sangli,Typhoid,General Physician,35,3.6,957
1455,Dr. Neha Sharma,Sangli,Typhoid,General Physician,29,4.1,275
1456,Dr. Rahul Jadhav,Sangli,Typhoid,General Physician,5,4.1,1416
1457,Dr. Pooja Shinde,Sangli,Typhoid,General Physician,6,3.6,415
1458,Dr. Anil Jadhav,Sangli,Typhoid,General Physician,26,3.6,595
1459,Dr. Rohit Kulkarni,Sangli,Typhoid,General Physician,28,4.0,627
1460,Dr. Rahul Jadhav,Sangli,Typhoid,General Physician,9,3.7,407
1461,Dr. Rahul Kulkarni,Sangli,Asthma,Pulmonologist,33,4.2,1494
1462,Dr. Neha Joshi,Sangli,Asthma,Pulmonologist,10,3.6,362
1463,Dr. Neha Shinde,Sangli,Asthma,Pulmonologist,12,4.1,767
1464,Dr. Sneha Patil,Sangli,Asthma,Pulmonologist,27,4.8,726
1465,Dr. Kiran Joshi,Sangli,Asthma,Pulmonologist,1,3.9,1162
1466,Dr. Priya Deshmukh,Sangli,Asthma,Pulmonologist,34,4.9,596
1467,Dr. Kiran Kulkarni,Sangli,Asthma,Pulmonologist,19,4.0,700
1468,Dr. Anil Sharma,Sangli,Asthma,Pulmonologist,16,4.0,235
1469,Dr. Rahul Kulkarni,Sangli,Asthma,Pulmonologist,21,4.8,984
1470,Dr. Kiran Kulkarni,Sangli,Asthma,Pulmonologist,31,4.0,1112
1471,Dr. Sneha Kulkarni,Sangli,Diabetes,Endocrinologist,27,3.6,1085
1472,Dr. Amit Kulkarni,Sangli,Diabetes,Endocrinologist,5,3.6,1113
1473,Dr. Priya Gupta,Sangli,Diabetes,Endocrinologist,15,4.5,395
1474,Dr. Neha Sharma,Sangli,Diabetes,Endocrinologist,11,4.7,580
1475,Dr. Amit Jadhav,Sangli,Diabetes,Endocrinologist,8,4.8,721
1476,Dr. Vikas Jadhav,Sangli,Diabetes,Endocrinologist,33,3.6,452
1477,Dr. Anil Sharma,Sangli,Diabetes,Endocrinologist,22,3.5,411
1478,Dr. Priya Deshmukh,Sangli,Diabetes,Endocrinologist,24,3.8,1497
1479,Dr. Amit Patil,Sangli,Diabetes,Endocrinologist,19,4.5,919
1480,Dr. Pooja Jadhav,Sangli,Diabetes,Endocrinologist,29,4.2,676
1481,Dr. Vikas Deshmukh,Sangli,Migraine,Neurologist,24,3.7,225
1482,Dr. Priya Sharma,Sangli,Migraine,Neurologist,9,4.0,423
1483,Dr. Rohit Gupta,Sangli,Migraine,Neurologist,32,4.0,1226
1484,Dr. Rahul Gupta,Sangli,Migraine,Neurologist,35,4.7,854
1485,Dr. Rahul Deshmukh,Sangli,Migraine,Neurologist,2,4.8,867
1486,Dr. Rohit Jadhav,Sangli,Migraine,Neurologist,13,3.5,908
1487,Dr. Priya Sharma,Sangli,Migraine,Neurologist,31,4.1,1319
1488,Dr. Kiran Sharma,Sangli,Migraine,Neurologist,7,4.4,676
1489,Dr. Neha Deshmukh,Sangli,Migraine,Neurologist,8,5.0,703
1490,Dr. Kiran Patil,Sangli,Migraine,Neurologist,15,3.9,711
1491,Dr. Vikas Joshi,Sangli,Food Poisoning,Gastroenterologist,27,4.5,338
1492,Dr. Neha Kulkarni,Sangli,Food Poisoning,Gastroenterologist,27,4.2,964
1493,Dr. Kiran Joshi,Sangli,Food Poisoning,Gastroenterologist,9,4.7,1327
1494,Dr. Pooja Patil,Sangli,Food Poisoning,Gastroenterologist,12,4.4,466
1495,Dr. Priya Kulkarni,Sangli,Food Poisoning,Gastroenterologist,10,3.6,1135
1496,Dr. Neha Joshi,Sangli,Food Poisoning,Gastroenterologist,12,3.6,525
1497,Dr. Priya Patil,Sangli,Food Poisoning,Gastroenterologist,24,4.3,808
1498,Dr. Vikas Deshmukh,Sangli,Food Poisoning,Gastroenterologist,12,3.8,1231
1499,Dr. Neha Deshmukh,Sangli,Food Poisoning,Gastroenterologist,25,3.5,1432
1500,Dr. Anil Deshmukh,Sangli,Food Poisoning,Gastroenterologist,12,5.0,1281
1501,Dr. Kiran Gupta,Sangli,Jaundice,Hepatologist,33,3.7,445
1502,Dr. Pooja Sharma,Sangli,Jaundice,Hepatologist,27,3.6,1237
1503,Dr. Anil Jadhav,Sangli,Jaundice,Hepatologist,19,3.8,1383
1504,Dr. Priya Deshmukh,Sangli,Jaundice,Hepatologist,26,4.2,483
1505,Dr. Rohit Shinde,Sangli,Jaundice,Hepatologist,34,4.9,551
1506,Dr. Rohit Joshi,Sangli,Jaundice,Hepatologist,15,3.9,632
1507,Dr. Kiran Kulkarni,Sangli,Jaundice,Hepatologist,20,4.4,1157
1508,Dr. Neha Sharma,Sangli,Jaundice,Hepatologist,27,4.9,941
1509,Dr. Sneha Jadhav,Sangli,Jaundice,Hepatologist,4,4.9,1146
1510,Dr. Pooja Kulkarni,Sangli,Jaundice,Hepatologist,6,4.2,1097
1511,Dr. Priya Sharma,Sangli,Chickenpox,Dermatologist,28,4.0,636
1512,Dr. Rahul Sharma,Sangli,Chickenpox,Dermatologist,12,3.9,1149
1513,Dr. Rahul Deshmukh,Sangli,Chickenpox,Dermatologist,3,4.2,211
1514,Dr. Pooja Gupta,Sangli,Chickenpox,Dermatologist,9,3.6,1314
1515,Dr. Neha Jadhav,Sangli,Chickenpox,Dermatologist,10,4.4,1388
1516,Dr. Rohit Joshi,Sangli,Chickenpox,Dermatologist,10,3.6,519
1517,Dr. Pooja Patil,Sangli,Chickenpox,Dermatologist,14,4.9,354
1518,Dr. Rahul Deshmukh,Sangli,Chickenpox,Dermatologist,28,4.1,1208
1519,Dr. Kiran Jadhav,Sangli,Chickenpox,Dermatologist,34,3.7,940
1520,Dr. Rahul Shinde,Sangli,Chickenpox,Dermatologist,35,4.6,1180
1521,Dr. Vikas Deshmukh,Sangli,Measles,Pediatrician,3,4.5,927
1522,Dr. Neha Patil,Sangli,Measles,Pediatrician,13,4.7,1181
1523,Dr. Anil Patil,Sangli,Measles,Pediatrician,10,4.6,1287
1524,Dr. Pooja Joshi,Sangli,Measles,Pediatrician,35,4.8,336
1525,Dr. Rahul Sharma,Sangli,Measles,Pediatrician,5,4.7,447
1526,Dr. Kiran Kulkarni,Sangli,Measles,Pediatrician,26,3.9,746
1527,Dr. Sneha Jadhav,Sangli,Measles,Pediatrician,10,4.5,1040
1528,Dr. Pooja Gupta,Sangli,Measles,Pediatrician,34,4.8,888
1529,Dr. Vikas Gupta,Sangli,Measles,Pediatrician,16,3.9,1275
1530,Dr. Sneha Sharma,Sangli,Measles,Pediatrician,35,4.3,913
1531,Dr. Neha Jadhav,Sangli,Arthritis,Orthopedic,25,4.3,701
1532,Dr. Kiran Sharma,Sangli,Arthritis,Orthopedic,13,3.9,1207
1533,Dr. Pooja Joshi,Sangli,Arthritis,Orthopedic,12,4.2,731
1534,Dr. Vikas Sharma,Sangli,Arthritis,Orthopedic,12,4.7,904
1535,Dr. Vikas Gupta,Sangli,Arthritis,Orthopedic,31,3.8,357
1536,Dr. Anil Deshmukh,Sangli,Arthritis,Orthopedic,30,4.0,227
1537,Dr. Neha Deshmukh,Sangli,Arthritis,Orthopedic,28,4.4,349
1538,Dr. Priya Patil,Sangli,Arthritis,Orthopedic,12,4.4,1154
1539,Dr. Sneha Joshi,Sangli,Arthritis,Orthopedic,9,4.8,374
1540,Dr. Neha Jadhav,Sangli,Arthritis,Orthopedic,11,3.7,1088
1541,Dr. Sneha Jadhav,Jalgaon,Flu,General Physician,10,3.7,843
1542,Dr. Sneha Kulkarni,Jalgaon,Flu,General Physician,2,4.5,1231
1543,Dr. Rohit Deshmukh,Jalgaon,Flu,General Physician,26,4.0,236
1544,Dr. Neha Deshmukh,Jalgaon,Flu,General Physician,30,3.7,1296
1545,Dr. Vikas Joshi,Jalgaon,Flu,General Physician,33,4.3,643
1546,Dr. Sneha Jadhav,Jalgaon,Flu,General Physician,30,4.2,1428
1547,Dr. Rohit Patil,Jalgaon,Flu,General Physician,9,4.9,1193
1548,Dr. Priya Joshi,Jalgaon,Flu,General Physician,5,3.6,771
1549,Dr. Amit Shinde,Jalgaon,Flu,General Physician,16,3.8,665
1550,Dr. Kiran Deshmukh,Jalgaon,Flu,General Physician,20,4.9,1295
1551,Dr. Rohit Joshi,Jalgaon,Cold,General Physician,20,3.9,1455
1552,Dr. Kiran Joshi,Jalgaon,Cold,General Physician,15,4.8,903
1553,Dr. Neha Jadhav,Jalgaon,Cold,General Physician,8,4.3,1331
1554,Dr. Sneha Patil,Jalgaon,Cold,General Physician,17,3.9,1240
1555,Dr. Amit Shinde,Jalgaon,Cold,General Physician,12,4.6,1103
1556,Dr. Rohit Jadhav,Jalgaon,Cold,General Physician,26,3.7,1162
1557,Dr. Neha Sharma,Jalgaon,Cold,General Physician,1,4.9,250
1558,Dr. Vikas Sharma,Jalgaon,Cold,General Physician,6,4.6,328
1559,Dr. Kiran Deshmukh,Jalgaon,Cold,General Physician,22,4.5,1245
1560,Dr. Pooja Deshmukh,Jalgaon,Cold,General Physician,29,3.9,385
1561,Dr. Anil Jadhav,Jalgaon,COVID-19,Pulmonologist,15,4.2,923
1562,Dr. Neha Gupta,Jalgaon,COVID-19,Pulmonologist,2,4.7,991
1563,Dr. Neha Deshmukh,Jalgaon,COVID-19,Pulmonologist,19,5.0,225
1564,Dr. Vikas Kulkarni,Jalgaon,COVID-19,Pulmonologist,32,4.5,750
1565,Dr. Rohit Shinde,Jalgaon,COVID-19,Pulmonologist,9,4.2,533
1566,Dr. Rahul Gupta,Jalgaon,COVID-19,Pulmonologist,23,3.9,302
1567,Dr. Pooja Gupta,Jalgaon,COVID-19,Pulmonologist,2,4.9,973
1568,Dr. Sneha Joshi,Jalgaon,COVID-19,Pulmonologist,24,4.0,1358
1569,Dr. Amit Kulkarni,Jalgaon,COVID-19,Pulmonologist,30,4.8,1266
1570,Dr. Vikas Jadhav,Jalgaon,COVID-19,Pulmonologist,28,4.0,322
1571,Dr. Pooja Patil,Jalgaon,Malaria,Infectious Disease,10,4.7,769
1572,Dr. Kiran Shinde,Jalgaon,Malaria,Infectious Disease,9,4.8,306
1573,Dr. Rahul Shinde,Jalgaon,Malaria,Infectious Disease,23,3.7,1475
1574,Dr. Pooja Patil,Jalgaon,Malaria,Infectious Disease,8,4.5,702
1575,Dr. Amit Sharma,Jalgaon,Malaria,Infectious Disease,29,4.5,738
1576,Dr. Pooja Gupta,Jalgaon,Malaria,Infectious Disease,26,4.2,384
1577,Dr. Rahul Joshi,Jalgaon,Malaria,Infectious Disease,6,4.7,630
1578,Dr. Anil Gupta,Jalgaon,Malaria,Infectious Disease,31,4.3,1067
1579,Dr. Kiran Kulkarni,Jalgaon,Malaria,Infectious Disease,10,4.9,1340
1580,Dr. Kiran Sharma,Jalgaon,Malaria,Infectious Disease,24,3.6,538
1581,Dr. Amit Gupta,Jalgaon,Dengue,Infectious Disease,33,3.6,1467
1582,Dr. Kiran Kulkarni,Jalgaon,Dengue,Infectious Disease,11,4.0,699
1583,Dr. Neha Sharma,Jalgaon,Dengue,Infectious Disease,21,4.9,892
1584,Dr. Priya Shinde,Jalgaon,Dengue,Infectious Disease,9,4.9,515
1585,Dr. Neha Jadhav,Jalgaon,Dengue,Infectious Disease,23,4.0,376
1586,Dr. Kiran Deshmukh,Jalgaon,Dengue,Infectious Disease,29,3.5,1194
1587,Dr. Sneha Jadhav,Jalgaon,Dengue,Infectious Disease,4,4.2,1206
1588,Dr. Sneha Joshi,Jalgaon,Dengue,Infectious Disease,24,3.7,1232
1589,Dr. Rohit Patil,Jalgaon,Dengue,Infectious Disease,7,4.5,1142
1590,Dr. Vikas Kulkarni,Jalgaon,Dengue,Infectious Disease,16,3.9,1054
1591,Dr. Sneha Kulkarni,Jalgaon,Typhoid,General Physician,27,3.8,927
1592,Dr. Kiran Deshmukh,Jalgaon,Typhoid,General Physician,13,3.6,1360
1593,Dr. Priya Sharma,Jalgaon,Typhoid,General Physician,28,4.4,206
1594,Dr. Priya Patil,Jalgaon,Typhoid,General Physician,16,3.9,1493
1595,Dr. Pooja Gupta,Jalgaon,Typhoid,General Physician,32,3.7,1071
1596,Dr. Pooja Kulkarni,Jalgaon,Typhoid,General Physician,4,4.7,1434
1597,Dr. Vikas Gupta,Jalgaon,Typhoid,General Physician,33,3.6,752
1598,Dr. Neha Joshi,Jalgaon,Typhoid,General Physician,10,4.4,857
1599,Dr. Anil Kulkarni,Jalgaon,Typhoid,General Physician,19,4.5,943
1600,Dr. Priya Joshi,Jalgaon,Typhoid,General Physician,8,4.2,654
1601,Dr. Rahul Deshmukh,Jalgaon,Asthma,Pulmonologist,26,3.7,1431
1602,Dr. Pooja Gupta,Jalgaon,Asthma,Pulmonologist,31,4.1,1380
1603,Dr. Sneha Kulkarni,Jalgaon,Asthma,Pulmonologist,9,4.6,390
1604,Dr. Vikas Joshi,Jalgaon,Asthma,Pulmonologist,14,3.9,1381
1605,Dr. Kiran Shinde,Jalgaon,Asthma,Pulmonologist,21,3.7,601
1606,Dr. Vikas Sharma,Jalgaon,Asthma,Pulmonologist,1,3.6,1199
1607,Dr. Priya Patil,Jalgaon,Asthma,Pulmonologist,22,4.5,1479
1608,Dr. Rahul Deshmukh,Jalgaon,Asthma,Pulmonologist,23,3.5,1359
1609,Dr. Anil Gupta,Jalgaon,Asthma,Pulmonologist,26,4.6,200
1610,Dr. Kiran Sharma,Jalgaon,Asthma,Pulmonologist,22,4.8,1406
1611,Dr. Vikas Joshi,Jalgaon,Diabetes,Endocrinologist,26,3.9,768
1612,Dr. Rahul Sharma,Jalgaon,Diabetes,Endocrinologist,35,4.7,935
1613,Dr. Rohit Shinde,Jalgaon,Diabetes,Endocrinologist,32,3.9,246
1614,Dr. Rohit Patil,Jalgaon,Diabetes,Endocrinologist,27,3.9,354
1615,Dr. Rahul Patil,Jalgaon,Diabetes,Endocrinologist,20,4.1,1024
1616,Dr. Kiran Shinde,Jalgaon,Diabetes,Endocrinologist,15,4.7,1392
1617,Dr. Vikas Patil,Jalgaon,Diabetes,Endocrinologist,17,3.9,794
1618,Dr. Sneha Deshmukh,Jalgaon,Diabetes,Endocrinologist,33,4.0,489
1619,Dr. Pooja Kulkarni,Jalgaon,Diabetes,Endocrinologist,11,4.0,1382
1620,Dr. Priya Kulkarni,Jalgaon,Diabetes,Endocrinologist,23,4.1,319
1621,Dr. Vikas Gupta,Jalgaon,Migraine,Neurologist,8,4.9,723
1622,Dr. Kiran Deshmukh,Jalgaon,Migraine,Neurologist,20,4.8,252
1623,Dr. Anil Deshmukh,Jalgaon,Migraine,Neurologist,24,3.7,1320
1624,Dr. Vikas Gupta,Jalgaon,Migraine,Neurologist,1,3.5,669
1625,Dr. Amit Jadhav,Jalgaon,Migraine,Neurologist,16,3.9,942
1626,Dr. Vikas Shinde,Jalgaon,Migraine,Neurologist,19,4.7,589
1627,Dr. Neha Shinde,Jalgaon,Migraine,Neurologist,29,5.0,836
1628,Dr. Anil Patil,Jalgaon,Migraine,Neurologist,25,4.6,706
1629,Dr. Rahul Patil,Jalgaon,Migraine,Neurologist,8,3.8,1166
1630,Dr. Sneha Jadhav,Jalgaon,Migraine,Neurologist,7,4.2,832
1631,Dr. Vikas Sharma,Jalgaon,Food Poisoning,Gastroenterologist,22,4.1,331
1632,Dr. Kiran Gupta,Jalgaon,Food Poisoning,Gastroenterologist,16,3.7,494
1633,Dr. Sneha Kulkarni,Jalgaon,Food Poisoning,Gastroenterologist,30,4.4,293
1634,Dr. Sneha Jadhav,Jalgaon,Food Poisoning,Gastroenterologist,8,5.0,554
1635,Dr. Vikas Joshi,Jalgaon,Food Poisoning,Gastroenterologist,12,3.6,1300
1636,Dr. Priya Gupta,Jalgaon,Food Poisoning,Gastroenterologist,32,3.9,400
1637,Dr. Neha Shinde,Jalgaon,Food Poisoning,Gastroenterologist,12,4.8,1338
1638,Dr. Neha Gupta,Jalgaon,Food Poisoning,Gastroenterologist,34,3.9,699
1639,Dr. Vikas Shinde,Jalgaon,Food Poisoning,Gastroenterologist,12,4.2,1488
1640,Dr. Rohit Patil,Jalgaon,Food Poisoning,Gastroenterologist,7,4.2,282
1641,Dr. Rohit Kulkarni,Jalgaon,Jaundice,Hepatologist,14,4.5,895
1642,Dr. Rahul Jadhav,Jalgaon,Jaundice,Hepatologist,12,3.9,485
1643,Dr. Priya Patil,Jalgaon,Jaundice,Hepatologist,22,4.2,281
1644,Dr. Pooja Joshi,Jalgaon,Jaundice,Hepatologist,16,4.7,492
1645,Dr. Rahul Joshi,Jalgaon,Jaundice,Hepatologist,16,3.7,409
1646,Dr. Kiran Deshmukh,Jalgaon,Jaundice,Hepatologist,29,3.9,542
1647,Dr. Priya Kulkarni,Jalgaon,Jaundice,Hepatologist,35,4.5,1140
1648,Dr. Sneha Sharma,Jalgaon,Jaundice,Hepatologist,4,4.3,1139
1649,Dr. Vikas Sharma,Jalgaon,Jaundice,Hepatologist,26,4.6,258
1650,Dr. Neha Joshi,Jalgaon,Jaundice,Hepatologist,3,4.7,1061
1651,Dr. Pooja Gupta,Jalgaon,Chickenpox,Dermatologist,2,4.9,1011
1652,Dr. Anil Jadhav,Jalgaon,Chickenpox,Dermatologist,23,4.0,773
1653,Dr. Neha Gupta,Jalgaon,Chickenpox,Dermatologist,35,4.4,941
1654,Dr. Amit Gupta,Jalgaon,Chickenpox,Dermatologist,18,3.7,1492
1655,Dr. Rahul Joshi,Jalgaon,Chickenpox,Dermatologist,32,4.5,682
1656,Dr. Rahul Kulkarni,Jalgaon,Chickenpox,Dermatologist,35,3.7,896
1657,Dr. Pooja Patil,Jalgaon,Chickenpox,Dermatologist,12,4.6,732
1658,Dr. Priya Patil,Jalgaon,Chickenpox,Dermatologist,5,3.7,624
1659,Dr. Neha Patil,Jalgaon,Chickenpox,Dermatologist,1,4.1,636
1660,Dr. Vikas Gupta,Jalgaon,Chickenpox,Dermatologist,3,4.6,664
1661,Dr. Priya Kulkarni,Jalgaon,Measles,Pediatrician,4,4.0,830
1662,Dr. Amit Kulkarni,Jalgaon,Measles,Pediatrician,16,4.9,580
1663,Dr. Vikas Patil,Jalgaon,Measles,Pediatrician,7,4.7,529
1664,Dr. Rahul Kulkarni,Jalgaon,Measles,Pediatrician,13,4.7,514
1665,Dr. Rahul Gupta,Jalgaon,Measles,Pediatrician,31,4.7,1475
1666,Dr. Vikas Deshmukh,Jalgaon,Measles,Pediatrician,32,4.0,496
1667,Dr. Anil Kulkarni,Jalgaon,Measles,Pediatrician,6,3.7,487
1668,Dr. Priya Gupta,Jalgaon,Measles,Pediatrician,6,4.1,1162
1669,Dr. Anil Deshmukh,Jalgaon,Measles,Pediatrician,16,4.8,459
1670,Dr. Vikas Joshi,Jalgaon,Measles,Pediatrician,9,4.3,1149
1671,Dr. Anil Sharma,Jalgaon,Arthritis,Orthopedic,33,4.8,1057
1672,Dr. Amit Deshmukh,Jalgaon,Arthritis,Orthopedic,31,5.0,476
1673,Dr. Vikas Gupta,Jalgaon,Arthritis,Orthopedic,30,4.1,873
1674,Dr. Rohit Kulkarni,Jalgaon,Arthritis,Orthopedic,1,4.8,567
1675,Dr. Anil Kulkarni,Jalgaon,Arthritis,Orthopedic,19,4.3,818
1676,Dr. Neha Shinde,Jalgaon,Arthritis,Orthopedic,6,3.7,898
1677,Dr. Amit Gupta,Jalgaon,Arthritis,Orthopedic,14,3.7,452
1678,Dr. Amit Shinde,Jalgaon,Arthritis,Orthopedic,24,5.0,608
1679,Dr. Neha Deshmukh,Jalgaon,Arthritis,Orthopedic,34,3.6,421
1680,Dr. Vikas Kulkarni,Jalgaon,Arthritis,Orthopedic,5,4.1,1100
1681,Dr. Vikas Gupta,Akola,Flu,General Physician,25,5.0,320
1682,Dr. Vikas Joshi,Akola,Flu,General Physician,17,3.9,1205
1683,Dr. Sneha Kulkarni,Akola,Flu,General Physician,25,4.0,638
1684,Dr. Anil Gupta,Akola,Flu,General Physician,11,5.0,918
1685,Dr. Vikas Jadhav,Akola,Flu,General Physician,1,5.0,1286
1686,Dr. Sneha Sharma,Akola,Flu,General Physician,24,3.7,877
1687,Dr. Amit Joshi,Akola,Flu,General Physician,19,4.3,1232
1688,Dr. Rahul Joshi,Akola,Flu,General Physician,4,3.8,1067
1689,Dr. Sneha Joshi,Akola,Flu,General Physician,4,4.8,909
1690,Dr. Rohit Deshmukh,Akola,Flu,General Physician,30,3.6,868
1691,Dr. Amit Kulkarni,Akola,Cold,General Physician,15,3.8,683
1692,Dr. Anil Gupta,Akola,Cold,General Physician,6,4.6,635
1693,Dr. Rahul Joshi,Akola,Cold,General Physician,28,4.0,1175
1694,Dr. Priya Jadhav,Akola,Cold,General Physician,23,4.0,438
1695,Dr. Pooja Jadhav,Akola,Cold,General Physician,7,3.5,1387
1696,Dr. Anil Patil,Akola,Cold,General Physician,31,4.1,1132
1697,Dr. Rahul Joshi,Akola,Cold,General Physician,33,3.8,457
1698,Dr. Rahul Patil,Akola,Cold,General Physician,6,4.7,956
1699,Dr. Neha Kulkarni,Akola,Cold,General Physician,24,4.1,217
1700,Dr. Sneha Joshi,Akola,Cold,General Physician,16,3.5,1472
1701,Dr. Neha Joshi,Akola,COVID-19,Pulmonologist,2,4.6,739
1702,Dr. Anil Gupta,Akola,COVID-19,Pulmonologist,5,4.1,397
1703,Dr. Anil Sharma,Akola,COVID-19,Pulmonologist,19,3.8,1333
1704,Dr. Rahul Sharma,Akola,COVID-19,Pulmonologist,3,4.6,1371
1705,Dr. Anil Jadhav,Akola,COVID-19,Pulmonologist,3,3.7,352
1706,Dr. Kiran Shinde,Akola,COVID-19,Pulmonologist,11,3.8,266
1707,Dr. Priya Sharma,Akola,COVID-19,Pulmonologist,7,4.5,1380
1708,Dr. Vikas Kulkarni,Akola,COVID-19,Pulmonologist,5,4.2,831
1709,Dr. Vikas Kulkarni,Akola,COVID-19,Pulmonologist,27,4.6,882
1710,Dr. Kiran Kulkarni,Akola,COVID-19,Pulmonologist,8,4.8,731
1711,Dr. Pooja Shinde,Akola,Malaria,Infectious Disease,14,4.4,1314
1712,Dr. Priya Gupta,Akola,Malaria,Infectious Disease,33,4.0,904
1713,Dr. Amit Joshi,Akola,Malaria,Infectious Disease,14,4.3,623
1714,Dr. Neha Joshi,Akola,Malaria,Infectious Disease,11,4.0,1318
1715,Dr. Pooja Deshmukh,Akola,Malaria,Infectious Disease,26,4.8,1062
1716,Dr. Sneha Jadhav,Akola,Malaria,Infectious Disease,34,4.1,1440
1717,Dr. Neha Joshi,Akola,Malaria,Infectious Disease,17,4.0,318
1718,Dr. Vikas Patil,Akola,Malaria,Infectious Disease,5,4.9,1104
1719,Dr. Rahul Gupta,Akola,Malaria,Infectious Disease,34,4.5,1372
1720,Dr. Vikas Joshi,Akola,Malaria,Infectious Disease,6,3.9,985
1721,Dr. Sneha Kulkarni,Akola,Dengue,Infectious Disease,6,4.8,1012
1722,Dr. Kiran Shinde,Akola,Dengue,Infectious Disease,32,4.6,1319
1723,Dr. Pooja Patil,Akola,Dengue,Infectious Disease,19,4.6,675
1724,Dr. Rahul Joshi,Akola,Dengue,Infectious Disease,23,4.1,925
1725,Dr. Priya Shinde,Akola,Dengue,Infectious Disease,26,3.7,635
1726,Dr. Anil Sharma,Akola,Dengue,Infectious Disease,29,3.7,1285
1727,Dr. Sneha Patil,Akola,Dengue,Infectious Disease,6,4.2,791
1728,Dr. Pooja Deshmukh,Akola,Dengue,Infectious Disease,16,3.9,1278
1729,Dr. Kiran Deshmukh,Akola,Dengue,Infectious Disease,24,4.4,1003
1730,Dr. Neha Shinde,Akola,Dengue,Infectious Disease,12,4.9,734
1731,Dr. Priya Jadhav,Akola,Typhoid,General Physician,26,4.1,1233
1732,Dr. Anil Shinde,Akola,Typhoid,General Physician,31,3.5,229
1733,Dr. Sneha Jadhav,Akola,Typhoid,General Physician,5,4.4,490
1734,Dr. Kiran Shinde,Akola,Typhoid,General Physician,19,4.5,591
1735,Dr. Kiran Kulkarni,Akola,Typhoid,General Physician,20,4.8,1111
1736,Dr. Vikas Joshi,Akola,Typhoid,General Physician,26,4.4,511
1737,Dr. Vikas Kulkarni,Akola,Typhoid,General Physician,18,4.2,850
1738,Dr. Rohit Shinde,Akola,Typhoid,General Physician,10,4.8,1419
1739,Dr. Neha Kulkarni,Akola,Typhoid,General Physician,31,4.4,913
1740,Dr. Sneha Jadhav,Akola,Typhoid,General Physician,24,4.4,535
1741,Dr. Rohit Sharma,Akola,Asthma,Pulmonologist,18,3.9,1269
1742,Dr. Rohit Gupta,Akola,Asthma,Pulmonologist,20,4.4,1414
1743,Dr. Pooja Jadhav,Akola,Asthma,Pulmonologist,30,4.8,409
1744,Dr. Rahul Kulkarni,Akola,Asthma,Pulmonologist,9,4.6,941
1745,Dr. Vikas Patil,Akola,Asthma,Pulmonologist,28,4.1,1342
1746,Dr. Vikas Gupta,Akola,Asthma,Pulmonologist,3,3.6,631
1747,Dr. Priya Kulkarni,Akola,Asthma,Pulmonologist,8,4.9,642
1748,Dr. Priya Jadhav,Akola,Asthma,Pulmonologist,15,4.2,860
1749,Dr. Sneha Gupta,Akola,Asthma,Pulmonologist,14,3.5,770
1750,Dr. Vikas Kulkarni,Akola,Asthma,Pulmonologist,15,3.7,1242
1751,Dr. Rohit Patil,Akola,Diabetes,Endocrinologist,4,4.5,511
1752,Dr. Pooja Kulkarni,Akola,Diabetes,Endocrinologist,23,4.4,559
1753,Dr. Anil Shinde,Akola,Diabetes,Endocrinologist,4,4.6,363
1754,Dr. Kiran Kulkarni,Akola,Diabetes,Endocrinologist,34,4.5,1234
1755,Dr. Kiran Patil,Akola,Diabetes,Endocrinologist,35,4.9,1457
1756,Dr. Anil Deshmukh,Akola,Diabetes,Endocrinologist,18,3.8,813
1757,Dr. Rahul Jadhav,Akola,Diabetes,Endocrinologist,18,3.9,1375
1758,Dr. Rahul Jadhav,Akola,Diabetes,Endocrinologist,17,4.8,483
1759,Dr. Rahul Kulkarni,Akola,Diabetes,Endocrinologist,8,4.6,1439
1760,Dr. Rohit Shinde,Akola,Diabetes,Endocrinologist,25,5.0,253
1761,Dr. Rahul Gupta,Akola,Migraine,Neurologist,3,3.6,1145
1762,Dr. Vikas Shinde,Akola,Migraine,Neurologist,2,3.5,333
1763,Dr. Rohit Patil,Akola,Migraine,Neurologist,17,4.0,856
1764,Dr. Rohit Joshi,Akola,Migraine,Neurologist,3,4.2,343
1765,Dr. Sneha Joshi,Akola,Migraine,Neurologist,18,4.8,1046
1766,Dr. Sneha Joshi,Akola,Migraine,Neurologist,18,4.4,709
1767,Dr. Amit Patil,Akola,Migraine,Neurologist,2,3.9,934
1768,Dr. Priya Sharma,Akola,Migraine,Neurologist,11,4.0,1033
1769,Dr. Neha Patil,Akola,Migraine,Neurologist,23,4.7,1141
1770,Dr. Rohit Gupta,Akola,Migraine,Neurologist,14,3.6,1366
1771,Dr. Rohit Jadhav,Akola,Food Poisoning,Gastroenterologist,29,4.3,757
1772,Dr. Rahul Shinde,Akola,Food Poisoning,Gastroenterologist,15,5.0,262
1773,Dr. Sneha Deshmukh,Akola,Food Poisoning,Gastroenterologist,29,4.9,1158
1774,Dr. Priya Shinde,Akola,Food Poisoning,Gastroenterologist,8,4.1,375
1775,Dr. Rahul Kulkarni,Akola,Food Poisoning,Gastroenterologist,22,4.9,1468
1776,Dr. Rohit Jadhav,Akola,Food Poisoning,Gastroenterologist,12,3.6,746
1777,Dr. Rohit Gupta,Akola,Food Poisoning,Gastroenterologist,28,4.2,1010
1778,Dr. Sneha Shinde,Akola,Food Poisoning,Gastroenterologist,2,4.9,1082
1779,Dr. Anil Sharma,Akola,Food Poisoning,Gastroenterologist,8,4.1,1215
1780,Dr. Kiran Joshi,Akola,Food Poisoning,Gastroenterologist,27,4.8,730
1781,Dr. Anil Shinde,Akola,Jaundice,Hepatologist,35,4.3,1355
1782,Dr. Rahul Gupta,Akola,Jaundice,Hepatologist,30,4.0,785
1783,Dr. Rahul Gupta,Akola,Jaundice,Hepatologist,21,5.0,948
1784,Dr. Rahul Shinde,Akola,Jaundice,Hepatologist,7,4.0,1136
1785,Dr. Rohit Jadhav,Akola,Jaundice,Hepatologist,4,4.2,246
1786,Dr. Kiran Shinde,Akola,Jaundice,Hepatologist,4,4.6,213
1787,Dr. Anil Jadhav,Akola,Jaundice,Hepatologist,19,3.9,1222
1788,Dr. Neha Jadhav,Akola,Jaundice,Hepatologist,18,4.2,1424
1789,Dr. Kiran Jadhav,Akola,Jaundice,Hepatologist,1,3.9,1165
1790,Dr. Rahul Jadhav,Akola,Jaundice,Hepatologist,27,4.0,1318
1791,Dr. Sneha Gupta,Akola,Chickenpox,Dermatologist,11,4.7,298
1792,Dr. Rohit Jadhav,Akola,Chickenpox,Dermatologist,5,5.0,1396
1793,Dr. Sneha Patil,Akola,Chickenpox,Dermatologist,9,4.5,935
1794,Dr. Pooja Gupta,Akola,Chickenpox,Dermatologist,9,4.5,1146
1795,Dr. Rahul Gupta,Akola,Chickenpox,Dermatologist,19,4.0,779
1796,Dr. Sneha Joshi,Akola,Chickenpox,Dermatologist,34,3.6,651
1797,Dr. Kiran Gupta,Akola,Chickenpox,Dermatologist,29,4.3,923
1798,Dr. Kiran Patil,Akola,Chickenpox,Dermatologist,16,4.5,839
1799,Dr. Neha Gupta,Akola,Chickenpox,Dermatologist,29,4.8,1210
1800,Dr. Anil Sharma,Akola,Chickenpox,Dermatologist,28,4.6,879
1801,Dr. Rahul Shinde,Akola,Measles,Pediatrician,14,3.8,599
1802,Dr. Sneha Sharma,Akola,Measles,Pediatrician,2,4.2,718
1803,Dr. Sneha Kulkarni,Akola,Measles,Pediatrician,35,4.1,1382
1804,Dr. Amit Joshi,Akola,Measles,Pediatrician,33,4.6,302
1805,Dr. Anil Sharma,Akola,Measles,Pediatrician,16,3.7,731
1806,Dr. Priya Jadhav,Akola,Measles,Pediatrician,34,4.0,1114
1807,Dr. Vikas Kulkarni,Akola,Measles,Pediatrician,32,4.7,1189
1808,Dr. Rahul Joshi,Akola,Measles,Pediatrician,16,3.5,931
1809,Dr. Vikas Gupta,Akola,Measles,Pediatrician,33,3.7,471
1810,Dr. Amit Patil,Akola,Measles,Pediatrician,5,5.0,1144
1811,Dr. Pooja Shinde,Akola,Arthritis,Orthopedic,4,3.9,520
1812,Dr. Pooja Deshmukh,Akola,Arthritis,Orthopedic,10,3.7,889
1813,Dr. Pooja Gupta,Akola,Arthritis,Orthopedic,34,4.6,490
1814,Dr. Kiran Jadhav,Akola,Arthritis,Orthopedic,10,3.7,1449
1815,Dr. Sneha Shinde,Akola,Arthritis,Orthopedic,33,4.1,494
1816,Dr. Rohit Patil,Akola,Arthritis,Orthopedic,9,4.7,596
1817,Dr. Kiran Sharma,Akola,Arthritis,Orthopedic,16,5.0,492
1818,Dr. Rohit Sharma,Akola,Arthritis,Orthopedic,20,4.4,846
1819,Dr. Sneha Patil,Akola,Arthritis,Orthopedic,3,4.6,1338
1820,Dr. Pooja Shinde,Akola,Arthritis,Orthopedic,1,4.2,447
1821,Dr. Amit Gupta,Latur,Flu,General Physician,28,3.6,1062
1822,Dr. Rahul Shinde,Latur,Flu,General Physician,25,4.4,979
1823,Dr. Pooja Sharma,Latur,Flu,General Physician,25,4.9,243
1824,Dr. Vikas Shinde,Latur,Flu,General Physician,17,4.6,689
1825,Dr. Rohit Shinde,Latur,Flu,General Physician,16,4.7,418
1826,Dr. Kiran Kulkarni,Latur,Flu,General Physician,21,5.0,1463
1827,Dr. Neha Kulkarni,Latur,Flu,General Physician,23,4.0,1418
1828,Dr. Amit Sharma,Latur,Flu,General Physician,33,4.4,478
1829,Dr. Pooja Joshi,Latur,Flu,General Physician,30,4.0,876
1830,Dr. Rohit Joshi,Latur,Flu,General Physician,28,4.6,844
1831,Dr. Rohit Sharma,Latur,Cold,General Physician,7,4.4,1236
1832,Dr. Rahul Gupta,Latur,Cold,General Physician,29,4.0,585
1833,Dr. Rahul Joshi,Latur,Cold,General Physician,12,4.3,775
1834,Dr. Kiran Shinde,Latur,Cold,General Physician,12,4.8,1233
1835,Dr. Sneha Gupta,Latur,Cold,General Physician,23,4.8,1432
1836,Dr. Pooja Deshmukh,Latur,Cold,General Physician,24,3.7,1379
1837,Dr. Sneha Shinde,Latur,Cold,General Physician,7,4.9,409
1838,Dr. Rahul Shinde,Latur,Cold,General Physician,16,4.5,1030
1839,Dr. Priya Sharma,Latur,Cold,General Physician,2,3.7,807
1840,Dr. Rahul Joshi,Latur,Cold,General Physician,16,3.8,232
1841,Dr. Rohit Joshi,Latur,COVID-19,Pulmonologist,29,4.2,983
1842,Dr. Amit Shinde,Latur,COVID-19,Pulmonologist,12,4.8,1365
1843,Dr. Vikas Sharma,Latur,COVID-19,Pulmonologist,17,4.0,997
1844,Dr. Neha Joshi,Latur,COVID-19,Pulmonologist,5,4.4,1196
1845,Dr. Rahul Shinde,Latur,COVID-19,Pulmonologist,30,4.8,378
1846,Dr. Priya Patil,Latur,COVID-19,Pulmonologist,30,4.7,1391
1847,Dr. Sneha Kulkarni,Latur,COVID-19,Pulmonologist,7,4.5,390
1848,Dr. Sneha Kulkarni,Latur,COVID-19,Pulmonologist,29,4.0,1498
1849,Dr. Rahul Jadhav,Latur,COVID-19,Pulmonologist,34,4.5,216
1850,Dr. Priya Sharma,Latur,COVID-19,Pulmonologist,15,4.3,1272
1851,Dr. Rahul Jadhav,Latur,Malaria,Infectious Disease,6,4.3,1490
1852,Dr. Pooja Kulkarni,Latur,Malaria,Infectious Disease,14,4.6,1184
1853,Dr. Sneha Joshi,Latur,Malaria,Infectious Disease,22,3.7,1334
1854,Dr. Neha Gupta,Latur,Malaria,Infectious Disease,9,4.7,961
1855,Dr. Rahul Joshi,Latur,Malaria,Infectious Disease,6,4.9,1050
1856,Dr. Rahul Joshi,Latur,Malaria,Infectious Disease,3,3.5,1321
1857,Dr. Sneha Joshi,Latur,Malaria,Infectious Disease,35,4.6,1338
1858,Dr. Amit Joshi,Latur,Malaria,Infectious Disease,27,4.1,1374
1859,Dr. Rahul Shinde,Latur,Malaria,Infectious Disease,17,4.7,1349
1860,Dr. Neha Sharma,Latur,Malaria,Infectious Disease,28,3.9,528
1861,Dr. Anil Sharma,Latur,Dengue,Infectious Disease,32,4.8,1062
1862,Dr. Kiran Sharma,Latur,Dengue,Infectious Disease,2,3.6,652
1863,Dr. Vikas Gupta,Latur,Dengue,Infectious Disease,34,4.4,803
1864,Dr. Rahul Deshmukh,Latur,Dengue,Infectious Disease,31,4.0,626
1865,Dr. Vikas Joshi,Latur,Dengue,Infectious Disease,25,3.7,771
1866,Dr. Amit Joshi,Latur,Dengue,Infectious Disease,20,3.5,1286
1867,Dr. Priya Kulkarni,Latur,Dengue,Infectious Disease,25,4.7,801
1868,Dr. Neha Deshmukh,Latur,Dengue,Infectious Disease,26,4.5,928
1869,Dr. Anil Joshi,Latur,Dengue,Infectious Disease,10,3.6,709
1870,Dr. Rohit Deshmukh,Latur,Dengue,Infectious Disease,27,4.2,1058
1871,Dr. Anil Deshmukh,Latur,Typhoid,General Physician,15,3.6,1212
1872,Dr. Amit Joshi,Latur,Typhoid,General Physician,9,4.9,741
1873,Dr. Amit Shinde,Latur,Typhoid,General Physician,26,4.4,826
1874,Dr. Vikas Deshmukh,Latur,Typhoid,General Physician,3,4.3,458
1875,Dr. Kiran Gupta,Latur,Typhoid,General Physician,24,5.0,1419
1876,Dr. Amit Deshmukh,Latur,Typhoid,General Physician,19,4.5,1368
1877,Dr. Pooja Jadhav,Latur,Typhoid,General Physician,15,4.7,992
1878,Dr. Neha Shinde,Latur,Typhoid,General Physician,5,4.0,1145
1879,Dr. Pooja Joshi,Latur,Typhoid,General Physician,18,4.9,366
1880,Dr. Kiran Joshi,Latur,Typhoid,General Physician,2,4.5,633
1881,Dr. Rohit Shinde,Latur,Asthma,Pulmonologist,16,3.5,988
1882,Dr. Rohit Sharma,Latur,Asthma,Pulmonologist,17,4.2,202
1883,Dr. Amit Sharma,Latur,Asthma,Pulmonologist,15,4.8,1228
1884,Dr. Rohit Jadhav,Latur,Asthma,Pulmonologist,13,5.0,861
1885,Dr. Amit Joshi,Latur,Asthma,Pulmonologist,16,4.6,333
1886,Dr. Anil Deshmukh,Latur,Asthma,Pulmonologist,2,5.0,1175
1887,Dr. Neha Gupta,Latur,Asthma,Pulmonologist,16,4.3,353
1888,Dr. Sneha Sharma,Latur,Asthma,Pulmonologist,15,3.6,528
1889,Dr. Sneha Deshmukh,Latur,Asthma,Pulmonologist,23,3.9,381
1890,Dr. Amit Gupta,Latur,Asthma,Pulmonologist,11,4.8,453
1891,Dr. Rahul Shinde,Latur,Diabetes,Endocrinologist,17,4.6,919
1892,Dr. Priya Gupta,Latur,Diabetes,Endocrinologist,14,4.0,1210
1893,Dr. Pooja Deshmukh,Latur,Diabetes,Endocrinologist,5,4.9,820
1894,Dr. Amit Patil,Latur,Diabetes,Endocrinologist,2,3.7,598
1895,Dr. Amit Shinde,Latur,Diabetes,Endocrinologist,8,4.4,1405
1896,Dr. Rahul Sharma,Latur,Diabetes,Endocrinologist,19,4.9,864
1897,Dr. Vikas Shinde,Latur,Diabetes,Endocrinologist,27,4.0,1273
1898,Dr. Neha Jadhav,Latur,Diabetes,Endocrinologist,35,4.9,1485
1899,Dr. Sneha Sharma,Latur,Diabetes,Endocrinologist,7,4.6,373
1900,Dr. Sneha Sharma,Latur,Diabetes,Endocrinologist,28,4.7,1228
1901,Dr. Neha Jadhav,Latur,Migraine,Neurologist,35,4.7,951
1902,Dr. Sneha Patil,Latur,Migraine,Neurologist,33,3.9,1014
1903,Dr. Vikas Deshmukh,Latur,Migraine,Neurologist,2,4.4,751
1904,Dr. Priya Joshi,Latur,Migraine,Neurologist,27,4.7,598
1905,Dr. Kiran Shinde,Latur,Migraine,Neurologist,12,4.4,1164
1906,Dr. Rahul Patil,Latur,Migraine,Neurologist,14,3.8,446
1907,Dr. Neha Shinde,Latur,Migraine,Neurologist,17,4.6,783
1908,Dr. Rohit Jadhav,Latur,Migraine,Neurologist,20,3.7,799
1909,Dr. Vikas Patil,Latur,Migraine,Neurologist,33,3.7,868
1910,Dr. Pooja Patil,Latur,Migraine,Neurologist,19,4.2,735
1911,Dr. Neha Sharma,Latur,Food Poisoning,Gastroenterologist,13,4.7,985
1912,Dr. Rohit Shinde,Latur,Food Poisoning,Gastroenterologist,32,3.7,556
1913,Dr. Vikas Sharma,Latur,Food Poisoning,Gastroenterologist,16,4.6,283
1914,Dr. Anil Joshi,Latur,Food Poisoning,Gastroenterologist,10,4.1,1132
1915,Dr. Neha Gupta,Latur,Food Poisoning,Gastroenterologist,4,4.4,759
1916,Dr. Vikas Kulkarni,Latur,Food Poisoning,Gastroenterologist,18,4.1,1029
1917,Dr. Neha Kulkarni,Latur,Food Poisoning,Gastroenterologist,18,4.0,986
1918,Dr. Sneha Joshi,Latur,Food Poisoning,Gastroenterologist,4,4.2,1362
1919,Dr. Rahul Jadhav,Latur,Food Poisoning,Gastroenterologist,29,4.1,416
1920,Dr. Pooja Patil,Latur,Food Poisoning,Gastroenterologist,24,3.7,974
1921,Dr. Anil Kulkarni,Latur,Jaundice,Hepatologist,30,4.1,300
1922,Dr. Vikas Kulkarni,Latur,Jaundice,Hepatologist,19,4.7,407
1923,Dr. Rahul Deshmukh,Latur,Jaundice,Hepatologist,32,4.2,650
1924,Dr. Rahul Gupta,Latur,Jaundice,Hepatologist,23,4.5,813
1925,Dr. Anil Kulkarni,Latur,Jaundice,Hepatologist,21,3.7,446
1926,Dr. Sneha Jadhav,Latur,Jaundice,Hepatologist,8,4.9,1004
1927,Dr. Anil Patil,Latur,Jaundice,Hepatologist,19,3.5,866
1928,Dr. Pooja Deshmukh,Latur,Jaundice,Hepatologist,14,3.5,575
1929,Dr. Pooja Patil,Latur,Jaundice,Hepatologist,32,4.6,1174
1930,Dr. Rohit Shinde,Latur,Jaundice,Hepatologist,8,4.7,1236
1931,Dr. Neha Shinde,Latur,Chickenpox,Dermatologist,11,4.5,734
1932,Dr. Kiran Kulkarni,Latur,Chickenpox,Dermatologist,16,4.4,1440
1933,Dr. Anil Jadhav,Latur,Chickenpox,Dermatologist,23,4.7,265
1934,Dr. Rahul Joshi,Latur,Chickenpox,Dermatologist,18,3.5,1315
1935,Dr. Sneha Patil,Latur,Chickenpox,Dermatologist,16,4.6,1208
1936,Dr. Kiran Shinde,Latur,Chickenpox,Dermatologist,22,4.3,510
1937,Dr. Vikas Joshi,Latur,Chickenpox,Dermatologist,25,4.3,1327
1938,Dr. Priya Joshi,Latur,Chickenpox,Dermatologist,21,4.7,430
1939,Dr. Vikas Joshi,Latur,Chickenpox,Dermatologist,13,4.2,400
1940,Dr. Anil Shinde,Latur,Chickenpox,Dermatologist,32,4.2,1290
1941,Dr. Sneha Deshmukh,Latur,Measles,Pediatrician,9,4.5,1390
1942,Dr. Amit Shinde,Latur,Measles,Pediatrician,16,3.5,1230
1943,Dr. Pooja Shinde,Latur,Measles,Pediatrician,26,4.6,797
1944,Dr. Anil Jadhav,Latur,Measles,Pediatrician,24,4.2,969
1945,Dr. Vikas Gupta,Latur,Measles,Pediatrician,2,4.9,266
1946,Dr. Kiran Patil,Latur,Measles,Pediatrician,11,3.8,441
1947,Dr. Priya Deshmukh,Latur,Measles,Pediatrician,12,3.5,453
1948,Dr. Kiran Shinde,Latur,Measles,Pediatrician,34,4.2,757
1949,Dr. Anil Jadhav,Latur,Measles,Pediatrician,5,4.6,526
1950,Dr. Kiran Jadhav,Latur,Measles,Pediatrician,2,4.5,955
1951,Dr. Amit Gupta,Latur,Arthritis,Orthopedic,31,4.3,875
1952,Dr. Rohit Sharma,Latur,Arthritis,Orthopedic,22,3.8,457
1953,Dr. Rohit Deshmukh,Latur,Arthritis,Orthopedic,14,3.6,599
1954,Dr. Vikas Jadhav,Latur,Arthritis,Orthopedic,14,3.6,1122
1955,Dr. Rahul Kulkarni,Latur,Arthritis,Orthopedic,13,3.8,1262
1956,Dr. Sneha Deshmukh,Latur,Arthritis,Orthopedic,35,4.5,239
1957,Dr. Vikas Jadhav,Latur,Arthritis,Orthopedic,13,4.0,644
1958,Dr. Kiran Joshi,Latur,Arthritis,Orthopedic,24,4.3,919
1959,Dr. Rahul Patil,Latur,Arthritis,Orthopedic,13,4.3,314
1960,Dr. Kiran Joshi,Latur,Arthritis,Orthopedic,6,4.0,491
1961,Dr. Rohit Shinde,Dhule,Flu,General Physician,15,4.4,326
1962,Dr. Anil Patil,Dhule,Flu,General Physician,24,4.9,1044
1963,Dr. Neha Patil,Dhule,Flu,General Physician,7,5.0,457
1964,Dr. Priya Deshmukh,Dhule,Flu,General Physician,25,3.6,1020
1965,Dr. Priya Shinde,Dhule,Flu,General Physician,5,4.9,1388
1966,Dr. Rohit Joshi,Dhule,Flu,General Physician,6,4.6,782
1967,Dr. Sneha Jadhav,Dhule,Flu,General Physician,30,5.0,874
1968,Dr. Sneha Joshi,Dhule,Flu,General Physician,13,4.4,656
1969,Dr. Amit Patil,Dhule,Flu,General Physician,13,4.4,1304
1970,Dr. Neha Kulkarni,Dhule,Flu,General Physician,10,4.7,576
1971,Dr. Anil Deshmukh,Dhule,Cold,General Physician,12,3.5,621
1972,Dr. Kiran Shinde,Dhule,Cold,General Physician,17,4.3,941
1973,Dr. Sneha Joshi,Dhule,Cold,General Physician,34,4.2,701
1974,Dr. Anil Jadhav,Dhule,Cold,General Physician,12,4.8,1471
1975,Dr. Vikas Patil,Dhule,Cold,General Physician,19,4.2,953
1976,Dr. Pooja Sharma,Dhule,Cold,General Physician,20,4.4,999
1977,Dr. Sneha Patil,Dhule,Cold,General Physician,8,3.5,1069
1978,Dr. Sneha Sharma,Dhule,Cold,General Physician,28,4.4,421
1979,Dr. Kiran Gupta,Dhule,Cold,General Physician,12,4.5,550
1980,Dr. Rahul Jadhav,Dhule,Cold,General Physician,17,4.9,697
1981,Dr. Rohit Joshi,Dhule,COVID-19,Pulmonologist,33,4.6,1227
1982,Dr. Neha Gupta,Dhule,COVID-19,Pulmonologist,10,5.0,1398
1983,Dr. Sneha Jadhav,Dhule,COVID-19,Pulmonologist,12,4.5,1183
1984,Dr. Neha Patil,Dhule,COVID-19,Pulmonologist,24,4.1,331
1985,Dr. Neha Kulkarni,Dhule,COVID-19,Pulmonologist,33,3.9,1264
1986,Dr. Rohit Shinde,Dhule,COVID-19,Pulmonologist,33,5.0,1088
1987,Dr. Anil Sharma,Dhule,COVID-19,Pulmonologist,28,3.9,1013
1988,Dr. Rohit Joshi,Dhule,COVID-19,Pulmonologist,20,3.6,959
1989,Dr. Amit Shinde,Dhule,COVID-19,Pulmonologist,1,3.7,324
1990,Dr. Priya Jadhav,Dhule,COVID-19,Pulmonologist,15,4.2,1111
1991,Dr. Priya Kulkarni,Dhule,Malaria,Infectious Disease,4,4.8,626
1992,Dr. Amit Gupta,Dhule,Malaria,Infectious Disease,13,4.2,492
1993,Dr. Priya Shinde,Dhule,Malaria,Infectious Disease,16,4.7,848
1994,Dr. Kiran Sharma,Dhule,Malaria,Infectious Disease,25,4.9,365
1995,Dr. Kiran Gupta,Dhule,Malaria,Infectious Disease,16,4.1,516
1996,Dr. Rohit Jadhav,Dhule,Malaria,Infectious Disease,15,4.2,442
1997,Dr. Vikas Shinde,Dhule,Malaria,Infectious Disease,8,3.6,835
1998,Dr. Pooja Jadhav,Dhule,Malaria,Infectious Disease,28,4.2,577
1999,Dr. Sneha Shinde,Dhule,Malaria,Infectious Disease,28,4.0,399
2000,Dr. Pooja Sharma,Dhule,Malaria,Infectious Disease,3,4.6,208
2001,Dr. Amit Kulkarni,Dhule,Dengue,Infectious Disease,9,4.3,1432
2002,Dr. Neha Deshmukh,Dhule,Dengue,Infectious Disease,3,4.9,843
2003,Dr. Pooja Deshmukh,Dhule,Dengue,Infectious Disease,13,4.7,1038
2004,Dr. Anil Deshmukh,Dhule,Dengue,Infectious Disease,26,4.7,682
2005,Dr. Vikas Shinde,Dhule,Dengue,Infectious Disease,3,4.8,875
2006,Dr. Rohit Sharma,Dhule,Dengue,Infectious Disease,24,4.9,524
2007,Dr. Rohit Kulkarni,Dhule,Dengue,Infectious Disease,20,3.5,882
2008,Dr. Priya Jadhav,Dhule,Dengue,Infectious Disease,33,4.9,1123
2009,Dr. Rahul Gupta,Dhule,Dengue,Infectious Disease,14,3.8,1080
2010,Dr. Vikas Kulkarni,Dhule,Dengue,Infectious Disease,9,4.7,891
2011,Dr. Rahul Deshmukh,Dhule,Typhoid,General Physician,31,3.9,1244
2012,Dr. Vikas Jadhav,Dhule,Typhoid,General Physician,12,4.3,309
2013,Dr. Kiran Sharma,Dhule,Typhoid,General Physician,27,4.7,1093
2014,Dr. Rohit Kulkarni,Dhule,Typhoid,General Physician,34,4.1,619
2015,Dr. Rohit Shinde,Dhule,Typhoid,General Physician,16,4.7,1187
2016,Dr. Anil Deshmukh,Dhule,Typhoid,General Physician,27,4.3,499
2017,Dr. Neha Deshmukh,Dhule,Typhoid,General Physician,7,4.7,1198
2018,Dr. Priya Shinde,Dhule,Typhoid,General Physician,12,4.1,706
2019,Dr. Rahul Shinde,Dhule,Typhoid,General Physician,22,4.8,1148
2020,Dr. Priya Sharma,Dhule,Typhoid,General Physician,23,3.9,770
2021,Dr. Neha Sharma,Dhule,Asthma,Pulmonologist,12,3.9,1074
2022,Dr. Rahul Jadhav,Dhule,Asthma,Pulmonologist,3,4.5,954
2023,Dr. Sneha Gupta,Dhule,Asthma,Pulmonologist,6,3.5,1499
2024,Dr. Rahul Kulkarni,Dhule,Asthma,Pulmonologist,16,3.6,910
2025,Dr. Rohit Jadhav,Dhule,Asthma,Pulmonologist,27,3.9,557
2026,Dr. Pooja Deshmukh,Dhule,Asthma,Pulmonologist,12,4.1,453
2027,Dr. Pooja Sharma,Dhule,Asthma,Pulmonologist,19,3.7,315
2028,Dr. Kiran Shinde,Dhule,Asthma,Pulmonologist,25,4.6,563
2029,Dr. Kiran Joshi,Dhule,Asthma,Pulmonologist,4,4.6,627
2030,Dr. Sneha Deshmukh,Dhule,Asthma,Pulmonologist,35,4.6,1150
2031,Dr. Neha Gupta,Dhule,Diabetes,Endocrinologist,22,4.0,1147
2032,Dr. Sneha Gupta,Dhule,Diabetes,Endocrinologist,19,3.6,593
2033,Dr. Pooja Deshmukh,Dhule,Diabetes,Endocrinologist,33,5.0,539
2034,Dr. Anil Jadhav,Dhule,Diabetes,Endocrinologist,6,4.2,786
2035,Dr. Anil Sharma,Dhule,Diabetes,Endocrinologist,5,4.9,638
2036,Dr. Neha Patil,Dhule,Diabetes,Endocrinologist,21,3.9,1245
2037,Dr. Sneha Deshmukh,Dhule,Diabetes,Endocrinologist,34,4.9,882
2038,Dr. Neha Sharma,Dhule,Diabetes,Endocrinologist,23,4.5,1355
2039,Dr. Anil Joshi,Dhule,Diabetes,Endocrinologist,7,5.0,387
2040,Dr. Amit Sharma,Dhule,Diabetes,Endocrinologist,14,4.1,1467
2041,Dr. Sneha Patil,Dhule,Migraine,Neurologist,26,4.9,1221
2042,Dr. Rahul Jadhav,Dhule,Migraine,Neurologist,3,4.7,1316
2043,Dr. Neha Joshi,Dhule,Migraine,Neurologist,2,3.9,866
2044,Dr. Kiran Gupta,Dhule,Migraine,Neurologist,28,3.7,1275
2045,Dr. Pooja Deshmukh,Dhule,Migraine,Neurologist,26,3.9,1216
2046,Dr. Priya Gupta,Dhule,Migraine,Neurologist,23,4.9,1409
2047,Dr. Sneha Kulkarni,Dhule,Migraine,Neurologist,32,4.5,1127
2048,Dr. Anil Sharma,Dhule,Migraine,Neurologist,1,3.6,1062
2049,Dr. Rahul Joshi,Dhule,Migraine,Neurologist,13,4.3,1214
2050,Dr. Rohit Jadhav,Dhule,Migraine,Neurologist,27,3.5,481
2051,Dr. Rahul Patil,Dhule,Food Poisoning,Gastroenterologist,12,4.8,236
2052,Dr. Sneha Jadhav,Dhule,Food Poisoning,Gastroenterologist,8,4.3,686
2053,Dr. Neha Sharma,Dhule,Food Poisoning,Gastroenterologist,29,4.0,281
2054,Dr. Pooja Jadhav,Dhule,Food Poisoning,Gastroenterologist,5,3.7,892
2055,Dr. Pooja Kulkarni,Dhule,Food Poisoning,Gastroenterologist,15,4.8,1383
2056,Dr. Pooja Jadhav,Dhule,Food Poisoning,Gastroenterologist,17,5.0,869
2057,Dr. Pooja Shinde,Dhule,Food Poisoning,Gastroenterologist,18,3.6,1422
2058,Dr. Amit Kulkarni,Dhule,Food Poisoning,Gastroenterologist,19,4.4,844
2059,Dr. Vikas Joshi,Dhule,Food Poisoning,Gastroenterologist,33,4.4,622
2060,Dr. Rohit Deshmukh,Dhule,Food Poisoning,Gastroenterologist,34,3.7,545
2061,Dr. Pooja Kulkarni,Dhule,Jaundice,Hepatologist,12,4.2,661
2062,Dr. Kiran Gupta,Dhule,Jaundice,Hepatologist,18,3.6,1424
2063,Dr. Anil Deshmukh,Dhule,Jaundice,Hepatologist,14,4.6,898
2064,Dr. Vikas Shinde,Dhule,Jaundice,Hepatologist,11,4.2,1304
2065,Dr. Neha Gupta,Dhule,Jaundice,Hepatologist,24,4.1,1368
2066,Dr. Neha Sharma,Dhule,Jaundice,Hepatologist,16,3.5,857
2067,Dr. Pooja Deshmukh,Dhule,Jaundice,Hepatologist,23,4.6,991
2068,Dr. Sneha Joshi,Dhule,Jaundice,Hepatologist,24,3.7,597
2069,Dr. Rohit Kulkarni,Dhule,Jaundice,Hepatologist,29,4.0,221
2070,Dr. Vikas Deshmukh,Dhule,Jaundice,Hepatologist,17,3.8,1347
2071,Dr. Rohit Patil,Dhule,Chickenpox,Dermatologist,4,4.5,525
2072,Dr. Rahul Shinde,Dhule,Chickenpox,Dermatologist,18,4.7,886
2073,Dr. Rahul Patil,Dhule,Chickenpox,Dermatologist,29,4.7,1128
2074,Dr. Sneha Deshmukh,Dhule,Chickenpox,Dermatologist,16,4.6,393
2075,Dr. Vikas Kulkarni,Dhule,Chickenpox,Dermatologist,27,4.2,349
2076,Dr. Amit Shinde,Dhule,Chickenpox,Dermatologist,15,4.6,989
2077,Dr. Sneha Patil,Dhule,Chickenpox,Dermatologist,9,4.1,663
2078,Dr. Neha Jadhav,Dhule,Chickenpox,Dermatologist,23,4.6,794
2079,Dr. Anil Patil,Dhule,Chickenpox,Dermatologist,10,4.2,709
2080,Dr. Rahul Gupta,Dhule,Chickenpox,Dermatologist,9,5.0,997
2081,Dr. Vikas Kulkarni,Dhule,Measles,Pediatrician,32,4.9,333
2082,Dr. Neha Gupta,Dhule,Measles,Pediatrician,11,4.0,378
2083,Dr. Amit Gupta,Dhule,Measles,Pediatrician,3,4.8,540
2084,Dr. Neha Gupta,Dhule,Measles,Pediatrician,12,4.4,988
2085,Dr. Amit Shinde,Dhule,Measles,Pediatrician,23,4.7,339
2086,Dr. Priya Jadhav,Dhule,Measles,Pediatrician,30,3.5,1302
2087,Dr. Kiran Kulkarni,Dhule,Measles,Pediatrician,31,4.2,607
2088,Dr. Kiran Sharma,Dhule,Measles,Pediatrician,4,4.1,1169
2089,Dr. Rohit Patil,Dhule,Measles,Pediatrician,23,4.8,1424
2090,Dr. Rahul Kulkarni,Dhule,Measles,Pediatrician,21,3.6,312
2091,Dr. Priya Gupta,Dhule,Arthritis,Orthopedic,15,4.8,1443
2092,Dr. Anil Deshmukh,Dhule,Arthritis,Orthopedic,13,4.6,920
2093,Dr. Rahul Sharma,Dhule,Arthritis,Orthopedic,29,3.5,769
2094,Dr. Anil Jadhav,Dhule,Arthritis,Orthopedic,12,4.9,755
2095,Dr. Anil Sharma,Dhule,Arthritis,Orthopedic,22,3.9,1014
2096,Dr. Kiran Deshmukh,Dhule,Arthritis,Orthopedic,8,4.8,269
2097,Dr. Pooja Joshi,Dhule,Arthritis,Orthopedic,11,4.4,1027
2098,Dr. Pooja Gupta,Dhule,Arthritis,Orthopedic,13,3.8,233
2099,Dr. Rohit Kulkarni,Dhule,Arthritis,Orthopedic,15,4.4,467
2100,Dr. Pooja Patil,Dhule,Arthritis,Orthopedic,12,4.7,618
2101,Dr. Rahul Jadhav,Satara,Flu,General Physician,31,4.3,1355
2102,Dr. Anil Jadhav,Satara,Flu,General Physician,3,4.4,1374
2103,Dr. Pooja Sharma,Satara,Flu,General Physician,31,4.3,474
2104,Dr. Pooja Jadhav,Satara,Flu,General Physician,7,4.2,1361
2105,Dr. Anil Sharma,Satara,Flu,General Physician,12,4.4,1346
2106,Dr. Anil Gupta,Satara,Flu,General Physician,33,4.5,1372
2107,Dr. Vikas Gupta,Satara,Flu,General Physician,10,4.7,635
2108,Dr. Amit Jadhav,Satara,Flu,General Physician,7,3.9,306
2109,Dr. Rahul Gupta,Satara,Flu,General Physician,19,3.8,668
2110,Dr. Sneha Kulkarni,Satara,Flu,General Physician,26,3.7,267
2111,Dr. Rahul Patil,Satara,Cold,General Physician,33,5.0,604
2112,Dr. Kiran Kulkarni,Satara,Cold,General Physician,26,4.0,1285
2113,Dr. Rahul Gupta,Satara,Cold,General Physician,21,3.5,1317
2114,Dr. Amit Deshmukh,Satara,Cold,General Physician,6,4.3,709
2115,Dr. Amit Shinde,Satara,Cold,General Physician,5,4.6,1130
2116,Dr. Neha Patil,Satara,Cold,General Physician,35,3.5,678
2117,Dr. Vikas Joshi,Satara,Cold,General Physician,17,4.8,693
2118,Dr. Pooja Deshmukh,Satara,Cold,General Physician,26,4.0,718
2119,Dr. Anil Joshi,Satara,Cold,General Physician,17,4.8,545
2120,Dr. Vikas Patil,Satara,Cold,General Physician,11,4.2,1026
2121,Dr. Priya Deshmukh,Satara,COVID-19,Pulmonologist,22,4.5,1027
2122,Dr. Amit Jadhav,Satara,COVID-19,Pulmonologist,7,4.6,356
2123,Dr. Pooja Gupta,Satara,COVID-19,Pulmonologist,17,4.7,396
2124,Dr. Anil Shinde,Satara,COVID-19,Pulmonologist,6,4.4,580
2125,Dr. Priya Shinde,Satara,COVID-19,Pulmonologist,4,3.6,637
2126,Dr. Sneha Jadhav,Satara,COVID-19,Pulmonologist,12,4.4,920
2127,Dr. Rahul Shinde,Satara,COVID-19,Pulmonologist,9,4.4,512
2128,Dr. Amit Deshmukh,Satara,COVID-19,Pulmonologist,27,3.8,414
2129,Dr. Rohit Gupta,Satara,COVID-19,Pulmonologist,15,4.1,731
2130,Dr. Vikas Gupta,Satara,COVID-19,Pulmonologist,25,4.5,1307
2131,Dr. Vikas Jadhav,Satara,Malaria,Infectious Disease,8,3.7,718
2132,Dr. Amit Shinde,Satara,Malaria,Infectious Disease,12,4.5,642
2133,Dr. Sneha Shinde,Satara,Malaria,Infectious Disease,9,4.3,1167
2134,Dr. Rahul Kulkarni,Satara,Malaria,Infectious Disease,26,4.7,1049
2135,Dr. Sneha Shinde,Satara,Malaria,Infectious Disease,15,5.0,1090
2136,Dr. Kiran Gupta,Satara,Malaria,Infectious Disease,22,4.3,1471
2137,Dr. Kiran Shinde,Satara,Malaria,Infectious Disease,35,4.0,463
2138,Dr. Kiran Deshmukh,Satara,Malaria,Infectious Disease,14,4.6,703
2139,Dr. Sneha Deshmukh,Satara,Malaria,Infectious Disease,4,4.5,807
2140,Dr. Anil Deshmukh,Satara,Malaria,Infectious Disease,35,4.2,988
2141,Dr. Rohit Kulkarni,Satara,Dengue,Infectious Disease,22,4.0,318
2142,Dr. Priya Joshi,Satara,Dengue,Infectious Disease,16,5.0,1384
2143,Dr. Priya Joshi,Satara,Dengue,Infectious Disease,17,3.9,202
2144,Dr. Vikas Jadhav,Satara,Dengue,Infectious Disease,5,3.9,360
2145,Dr. Kiran Kulkarni,Satara,Dengue,Infectious Disease,16,4.9,905
2146,Dr. Rahul Deshmukh,Satara,Dengue,Infectious Disease,14,3.9,384
2147,Dr. Neha Gupta,Satara,Dengue,Infectious Disease,9,4.7,1299
2148,Dr. Pooja Shinde,Satara,Dengue,Infectious Disease,21,3.6,1151
2149,Dr. Vikas Kulkarni,Satara,Dengue,Infectious Disease,5,4.5,1338
2150,Dr. Amit Deshmukh,Satara,Dengue,Infectious Disease,17,4.7,1497
2151,Dr. Pooja Deshmukh,Satara,Typhoid,General Physician,18,4.4,928
2152,Dr. Sneha Sharma,Satara,Typhoid,General Physician,28,4.0,427
2153,Dr. Kiran Deshmukh,Satara,Typhoid,General Physician,13,4.0,1059
2154,Dr. Rahul Shinde,Satara,Typhoid,General Physician,16,4.8,673
2155,Dr. Vikas Jadhav,Satara,Typhoid,General Physician,13,4.1,750
2156,Dr. Vikas Sharma,Satara,Typhoid,General Physician,28,3.8,661
2157,Dr. Vikas Joshi,Satara,Typhoid,General Physician,21,3.8,1155
2158,Dr. Priya Joshi,Satara,Typhoid,General Physician,19,4.7,639
2159,Dr. Priya Shinde,Satara,Typhoid,General Physician,18,3.5,1396
2160,Dr. Neha Shinde,Satara,Typhoid,General Physician,29,4.3,973
2161,Dr. Amit Joshi,Satara,Asthma,Pulmonologist,17,3.6,397
2162,Dr. Priya Joshi,Satara,Asthma,Pulmonologist,21,4.8,1304
2163,Dr. Neha Deshmukh,Satara,Asthma,Pulmonologist,26,3.9,856
2164,Dr. Vikas Jadhav,Satara,Asthma,Pulmonologist,29,4.9,488
2165,Dr. Anil Shinde,Satara,Asthma,Pulmonologist,29,3.6,372
2166,Dr. Neha Shinde,Satara,Asthma,Pulmonologist,13,4.8,701
2167,Dr. Neha Sharma,Satara,Asthma,Pulmonologist,24,4.5,1242
2168,Dr. Priya Patil,Satara,Asthma,Pulmonologist,8,3.8,759
2169,Dr. Rahul Jadhav,Satara,Asthma,Pulmonologist,5,4.6,898
2170,Dr. Rahul Deshmukh,Satara,Asthma,Pulmonologist,7,4.4,598
2171,Dr. Pooja Shinde,Satara,Diabetes,Endocrinologist,11,4.9,1132
2172,Dr. Neha Sharma,Satara,Diabetes,Endocrinologist,21,3.7,1074
2173,Dr. Vikas Patil,Satara,Diabetes,Endocrinologist,21,4.7,487
2174,Dr. Priya Joshi,Satara,Diabetes,Endocrinologist,35,4.3,988
2175,Dr. Pooja Kulkarni,Satara,Diabetes,Endocrinologist,19,4.4,385
2176,Dr. Rohit Patil,Satara,Diabetes,Endocrinologist,35,4.7,1141
2177,Dr. Vikas Joshi,Satara,Diabetes,Endocrinologist,6,4.2,609
2178,Dr. Rahul Sharma,Satara,Diabetes,Endocrinologist,1,4.8,946
2179,Dr. Rahul Joshi,Satara,Diabetes,Endocrinologist,25,3.6,264
2180,Dr. Neha Kulkarni,Satara,Diabetes,Endocrinologist,6,3.7,1193
2181,Dr. Rahul Jadhav,Satara,Migraine,Neurologist,18,4.7,1293
2182,Dr. Pooja Gupta,Satara,Migraine,Neurologist,29,4.0,656
2183,Dr. Anil Jadhav,Satara,Migraine,Neurologist,33,4.3,243
2184,Dr. Kiran Gupta,Satara,Migraine,Neurologist,26,4.8,293
2185,Dr. Sneha Deshmukh,Satara,Migraine,Neurologist,21,3.8,567
2186,Dr. Amit Joshi,Satara,Migraine,Neurologist,31,3.8,992
2187,Dr. Kiran Deshmukh,Satara,Migraine,Neurologist,20,5.0,1080
2188,Dr. Priya Kulkarni,Satara,Migraine,Neurologist,24,3.6,214
2189,Dr. Anil Shinde,Satara,Migraine,Neurologist,10,4.5,1436
2190,Dr. Neha Joshi,Satara,Migraine,Neurologist,4,5.0,1418
2191,Dr. Anil Deshmukh,Satara,Food Poisoning,Gastroenterologist,10,4.0,264
2192,Dr. Anil Kulkarni,Satara,Food Poisoning,Gastroenterologist,15,4.0,239
2193,Dr. Pooja Joshi,Satara,Food Poisoning,Gastroenterologist,33,4.5,890
2194,Dr. Rohit Shinde,Satara,Food Poisoning,Gastroenterologist,13,4.5,340
2195,Dr. Sneha Deshmukh,Satara,Food Poisoning,Gastroenterologist,11,4.3,1183
2196,Dr. Rohit Sharma,Satara,Food Poisoning,Gastroenterologist,1,4.9,1091
2197,Dr. Kiran Deshmukh,Satara,Food Poisoning,Gastroenterologist,3,5.0,1368
2198,Dr. Pooja Gupta,Satara,Food Poisoning,Gastroenterologist,7,4.3,876
2199,Dr. Anil Gupta,Satara,Food Poisoning,Gastroenterologist,4,4.3,1420
2200,Dr. Pooja Shinde,Satara,Food Poisoning,Gastroenterologist,11,4.3,926
2201,Dr. Amit Joshi,Satara,Jaundice,Hepatologist,34,4.1,1462
2202,Dr. Anil Shinde,Satara,Jaundice,Hepatologist,14,4.1,1214
2203,Dr. Vikas Deshmukh,Satara,Jaundice,Hepatologist,17,3.7,1201
2204,Dr. Kiran Jadhav,Satara,Jaundice,Hepatologist,31,4.4,1285
2205,Dr. Anil Joshi,Satara,Jaundice,Hepatologist,17,4.5,745
2206,Dr. Anil Deshmukh,Satara,Jaundice,Hepatologist,26,4.2,310
2207,Dr. Pooja Patil,Satara,Jaundice,Hepatologist,8,4.5,317
2208,Dr. Neha Patil,Satara,Jaundice,Hepatologist,34,4.6,681
2209,Dr. Priya Kulkarni,Satara,Jaundice,Hepatologist,30,3.8,1215
2210,Dr. Priya Sharma,Satara,Jaundice,Hepatologist,17,3.7,490
2211,Dr. Sneha Patil,Satara,Chickenpox,Dermatologist,19,4.3,462
2212,Dr. Vikas Shinde,Satara,Chickenpox,Dermatologist,10,4.3,1044
2213,Dr. Anil Sharma,Satara,Chickenpox,Dermatologist,26,4.7,1275
2214,Dr. Neha Joshi,Satara,Chickenpox,Dermatologist,14,4.1,1492
2215,Dr. Anil Sharma,Satara,Chickenpox,Dermatologist,13,3.6,211
2216,Dr. Rohit Gupta,Satara,Chickenpox,Dermatologist,24,4.8,1119
2217,Dr. Kiran Patil,Satara,Chickenpox,Dermatologist,31,4.2,711
2218,Dr. Anil Patil,Satara,Chickenpox,Dermatologist,25,4.7,353
2219,Dr. Rahul Sharma,Satara,Chickenpox,Dermatologist,24,4.1,1392
2220,Dr. Anil Gupta,Satara,Chickenpox,Dermatologist,25,4.4,1012
2221,Dr. Vikas Deshmukh,Satara,Measles,Pediatrician,20,5.0,659
2222,Dr. Rahul Deshmukh,Satara,Measles,Pediatrician,3,3.9,1044
2223,Dr. Amit Patil,Satara,Measles,Pediatrician,2,4.4,337
2224,Dr. Sneha Jadhav,Satara,Measles,Pediatrician,19,4.1,571
2225,Dr. Priya Kulkarni,Satara,Measles,Pediatrician,21,4.6,225
2226,Dr. Pooja Deshmukh,Satara,Measles,Pediatrician,28,4.5,217
2227,Dr. Neha Deshmukh,Satara,Measles,Pediatrician,29,4.0,1176
2228,Dr. Rohit Deshmukh,Satara,Measles,Pediatrician,35,4.0,1450
2229,Dr. Rohit Sharma,Satara,Measles,Pediatrician,7,3.7,741
2230,Dr. Priya Sharma,Satara,Measles,Pediatrician,19,4.8,755
2231,Dr. Priya Shinde,Satara,Arthritis,Orthopedic,14,4.6,600
2232,Dr. Anil Kulkarni,Satara,Arthritis,Orthopedic,19,4.1,205
2233,Dr. Anil Joshi,Satara,Arthritis,Orthopedic,22,4.5,786
2234,Dr. Neha Sharma,Satara,Arthritis,Orthopedic,15,4.3,383
2235,Dr. Sneha Deshmukh,Satara,Arthritis,Orthopedic,1,3.6,336
2236,Dr. Priya Patil,Satara,Arthritis,Orthopedic,5,3.7,374
2237,Dr. Pooja Sharma,Satara,Arthritis,Orthopedic,6,4.8,605
2238,Dr. Kiran Kulkarni,Satara,Arthritis,Orthopedic,15,5.0,599
2239,Dr. Pooja Patil,Satara,Arthritis,Orthopedic,30,4.8,1169
2240,Dr. Amit Joshi,Satara,Arthritis,Orthopedic,4,4.8,880
2241,Dr. Vikas Gupta,Ratnagiri,Flu,General Physician,14,4.1,597
2242,Dr. Neha Shinde,Ratnagiri,Flu,General Physician,25,3.7,368
2243,Dr. Priya Sharma,Ratnagiri,Flu,General Physician,3,4.7,277
2244,Dr. Anil Shinde,Ratnagiri,Flu,General Physician,15,4.3,1201
2245,Dr. Rahul Deshmukh,Ratnagiri,Flu,General Physician,12,4.9,1295
2246,Dr. Neha Deshmukh,Ratnagiri,Flu,General Physician,22,4.4,571
2247,Dr. Pooja Shinde,Ratnagiri,Flu,General Physician,6,4.0,626
2248,Dr. Vikas Joshi,Ratnagiri,Flu,General Physician,26,4.5,1328
2249,Dr. Rohit Sharma,Ratnagiri,Flu,General Physician,5,4.3,316
2250,Dr. Rohit Patil,Ratnagiri,Flu,General Physician,12,4.6,1096
2251,Dr. Priya Joshi,Ratnagiri,Cold,General Physician,16,4.2,1123
2252,Dr. Neha Gupta,Ratnagiri,Cold,General Physician,34,4.2,751
2253,Dr. Neha Joshi,Ratnagiri,Cold,General Physician,35,3.5,758
2254,Dr. Anil Shinde,Ratnagiri,Cold,General Physician,16,4.1,663
2255,Dr. Sneha Kulkarni,Ratnagiri,Cold,General Physician,26,4.4,520
2256,Dr. Priya Deshmukh,Ratnagiri,Cold,General Physician,1,4.6,669
2257,Dr. Sneha Deshmukh,Ratnagiri,Cold,General Physician,13,4.8,486
2258,Dr. Kiran Shinde,Ratnagiri,Cold,General Physician,2,4.4,528
2259,Dr. Pooja Joshi,Ratnagiri,Cold,General Physician,32,4.9,804
2260,Dr. Rohit Deshmukh,Ratnagiri,Cold,General Physician,11,4.8,598
2261,Dr. Amit Kulkarni,Ratnagiri,COVID-19,Pulmonologist,20,4.5,1378
2262,Dr. Rohit Deshmukh,Ratnagiri,COVID-19,Pulmonologist,33,4.0,553
2263,Dr. Kiran Patil,Ratnagiri,COVID-19,Pulmonologist,28,4.1,1428
2264,Dr. Rahul Patil,Ratnagiri,COVID-19,Pulmonologist,31,3.9,321
2265,Dr. Kiran Patil,Ratnagiri,COVID-19,Pulmonologist,16,4.0,370
2266,Dr. Amit Jadhav,Ratnagiri,COVID-19,Pulmonologist,27,4.1,696
2267,Dr. Pooja Sharma,Ratnagiri,COVID-19,Pulmonologist,4,4.7,311
2268,Dr. Amit Shinde,Ratnagiri,COVID-19,Pulmonologist,31,4.7,1246
2269,Dr. Kiran Joshi,Ratnagiri,COVID-19,Pulmonologist,1,4.5,1106
2270,Dr. Amit Joshi,Ratnagiri,COVID-19,Pulmonologist,13,3.7,361
2271,Dr. Kiran Deshmukh,Ratnagiri,Malaria,Infectious Disease,9,4.3,966
2272,Dr. Kiran Jadhav,Ratnagiri,Malaria,Infectious Disease,18,4.2,985
2273,Dr. Sneha Jadhav,Ratnagiri,Malaria,Infectious Disease,25,4.2,1025
2274,Dr. Amit Gupta,Ratnagiri,Malaria,Infectious Disease,26,4.5,957
2275,Dr. Neha Sharma,Ratnagiri,Malaria,Infectious Disease,35,3.7,974
2276,Dr. Anil Shinde,Ratnagiri,Malaria,Infectious Disease,25,3.9,1430
2277,Dr. Kiran Patil,Ratnagiri,Malaria,Infectious Disease,13,4.2,571
2278,Dr. Priya Gupta,Ratnagiri,Malaria,Infectious Disease,11,4.8,391
2279,Dr. Amit Shinde,Ratnagiri,Malaria,Infectious Disease,35,3.6,523
2280,Dr. Rahul Sharma,Ratnagiri,Malaria,Infectious Disease,6,4.2,1415
2281,Dr. Sneha Kulkarni,Ratnagiri,Dengue,Infectious Disease,27,4.6,317
2282,Dr. Neha Sharma,Ratnagiri,Dengue,Infectious Disease,15,4.6,1153
2283,Dr. Kiran Shinde,Ratnagiri,Dengue,Infectious Disease,25,5.0,783
2284,Dr. Vikas Kulkarni,Ratnagiri,Dengue,Infectious Disease,17,4.4,830
2285,Dr. Sneha Patil,Ratnagiri,Dengue,Infectious Disease,22,3.7,1222
2286,Dr. Sneha Kulkarni,Ratnagiri,Dengue,Infectious Disease,32,3.7,562
2287,Dr. Vikas Joshi,Ratnagiri,Dengue,Infectious Disease,7,3.8,905
2288,Dr. Priya Patil,Ratnagiri,Dengue,Infectious Disease,17,4.2,679
2289,Dr. Amit Gupta,Ratnagiri,Dengue,Infectious Disease,27,4.4,914
2290,Dr. Priya Patil,Ratnagiri,Dengue,Infectious Disease,19,4.4,312
2291,Dr. Rohit Sharma,Ratnagiri,Typhoid,General Physician,12,4.9,378
2292,Dr. Vikas Sharma,Ratnagiri,Typhoid,General Physician,18,4.7,1056
2293,Dr. Rahul Shinde,Ratnagiri,Typhoid,General Physician,30,3.6,937
2294,Dr. Vikas Gupta,Ratnagiri,Typhoid,General Physician,35,4.4,1226
2295,Dr. Amit Sharma,Ratnagiri,Typhoid,General Physician,7,4.9,904
2296,Dr. Priya Patil,Ratnagiri,Typhoid,General Physician,8,4.3,1014
2297,Dr. Kiran Shinde,Ratnagiri,Typhoid,General Physician,31,4.3,1416
2298,Dr. Anil Shinde,Ratnagiri,Typhoid,General Physician,33,4.6,1283
2299,Dr. Amit Jadhav,Ratnagiri,Typhoid,General Physician,15,3.6,1238
2300,Dr. Neha Patil,Ratnagiri,Typhoid,General Physician,10,4.4,892
2301,Dr. Priya Sharma,Ratnagiri,Asthma,Pulmonologist,14,4.5,1090
2302,Dr. Neha Jadhav,Ratnagiri,Asthma,Pulmonologist,16,4.2,1447
2303,Dr. Kiran Joshi,Ratnagiri,Asthma,Pulmonologist,3,3.8,381
2304,Dr. Sneha Joshi,Ratnagiri,Asthma,Pulmonologist,13,4.6,808
2305,Dr. Sneha Patil,Ratnagiri,Asthma,Pulmonologist,27,4.9,1380
2306,Dr. Anil Shinde,Ratnagiri,Asthma,Pulmonologist,32,3.6,1386
2307,Dr. Pooja Jadhav,Ratnagiri,Asthma,Pulmonologist,22,4.8,230
2308,Dr. Sneha Patil,Ratnagiri,Asthma,Pulmonologist,32,3.8,765
2309,Dr. Sneha Deshmukh,Ratnagiri,Asthma,Pulmonologist,31,4.1,688
2310,Dr. Neha Deshmukh,Ratnagiri,Asthma,Pulmonologist,17,4.3,421
2311,Dr. Vikas Shinde,Ratnagiri,Diabetes,Endocrinologist,17,4.0,466
2312,Dr. Vikas Joshi,Ratnagiri,Diabetes,Endocrinologist,27,4.5,922
2313,Dr. Vikas Patil,Ratnagiri,Diabetes,Endocrinologist,26,4.0,402
2314,Dr. Sneha Deshmukh,Ratnagiri,Diabetes,Endocrinologist,3,3.8,1029
2315,Dr. Neha Kulkarni,Ratnagiri,Diabetes,Endocrinologist,34,4.9,1088
2316,Dr. Neha Gupta,Ratnagiri,Diabetes,Endocrinologist,5,3.9,1075
2317,Dr. Neha Kulkarni,Ratnagiri,Diabetes,Endocrinologist,16,4.2,574
2318,Dr. Anil Gupta,Ratnagiri,Diabetes,Endocrinologist,27,3.5,1025
2319,Dr. Priya Shinde,Ratnagiri,Diabetes,Endocrinologist,16,4.2,1360
2320,Dr. Rahul Sharma,Ratnagiri,Diabetes,Endocrinologist,29,4.5,992
2321,Dr. Sneha Patil,Ratnagiri,Migraine,Neurologist,32,3.6,578
2322,Dr. Amit Joshi,Ratnagiri,Migraine,Neurologist,29,4.1,1190
2323,Dr. Kiran Deshmukh,Ratnagiri,Migraine,Neurologist,26,3.8,328
2324,Dr. Rohit Shinde,Ratnagiri,Migraine,Neurologist,30,4.1,1010
2325,Dr. Kiran Gupta,Ratnagiri,Migraine,Neurologist,33,4.0,749
2326,Dr. Vikas Jadhav,Ratnagiri,Migraine,Neurologist,6,4.3,939
2327,Dr. Amit Jadhav,Ratnagiri,Migraine,Neurologist,17,4.2,449
2328,Dr. Anil Kulkarni,Ratnagiri,Migraine,Neurologist,15,3.6,1069
2329,Dr. Rahul Jadhav,Ratnagiri,Migraine,Neurologist,10,4.4,1129
2330,Dr. Vikas Gupta,Ratnagiri,Migraine,Neurologist,24,3.9,446
2331,Dr. Rahul Jadhav,Ratnagiri,Food Poisoning,Gastroenterologist,30,3.9,274
2332,Dr. Pooja Jadhav,Ratnagiri,Food Poisoning,Gastroenterologist,18,3.9,1132
2333,Dr. Rahul Gupta,Ratnagiri,Food Poisoning,Gastroenterologist,35,4.5,339
2334,Dr. Pooja Gupta,Ratnagiri,Food Poisoning,Gastroenterologist,30,3.6,753
2335,Dr. Rohit Shinde,Ratnagiri,Food Poisoning,Gastroenterologist,33,4.1,1499
2336,Dr. Anil Sharma,Ratnagiri,Food Poisoning,Gastroenterologist,21,3.6,654
2337,Dr. Neha Patil,Ratnagiri,Food Poisoning,Gastroenterologist,17,3.7,631
2338,Dr. Amit Jadhav,Ratnagiri,Food Poisoning,Gastroenterologist,15,3.8,770
2339,Dr. Rohit Patil,Ratnagiri,Food Poisoning,Gastroenterologist,8,4.5,965
2340,Dr. Vikas Kulkarni,Ratnagiri,Food Poisoning,Gastroenterologist,32,4.7,754
2341,Dr. Vikas Patil,Ratnagiri,Jaundice,Hepatologist,23,4.3,404
2342,Dr. Anil Patil,Ratnagiri,Jaundice,Hepatologist,30,3.9,606
2343,Dr. Amit Kulkarni,Ratnagiri,Jaundice,Hepatologist,7,3.8,873
2344,Dr. Rahul Sharma,Ratnagiri,Jaundice,Hepatologist,31,4.3,1457
2345,Dr. Amit Joshi,Ratnagiri,Jaundice,Hepatologist,27,4.8,1310
2346,Dr. Sneha Kulkarni,Ratnagiri,Jaundice,Hepatologist,18,3.8,952
2347,Dr. Anil Sharma,Ratnagiri,Jaundice,Hepatologist,21,3.7,1097
2348,Dr. Amit Patil,Ratnagiri,Jaundice,Hepatologist,30,5.0,1230
2349,Dr. Sneha Gupta,Ratnagiri,Jaundice,Hepatologist,31,3.8,233
2350,Dr. Pooja Joshi,Ratnagiri,Jaundice,Hepatologist,14,4.5,456
2351,Dr. Rohit Jadhav,Ratnagiri,Chickenpox,Dermatologist,19,4.7,800
2352,Dr. Sneha Kulkarni,Ratnagiri,Chickenpox,Dermatologist,26,4.6,1312
2353,Dr. Kiran Sharma,Ratnagiri,Chickenpox,Dermatologist,7,4.1,985
2354,Dr. Kiran Sharma,Ratnagiri,Chickenpox,Dermatologist,19,4.9,426
2355,Dr. Rahul Deshmukh,Ratnagiri,Chickenpox,Dermatologist,15,4.9,1387
2356,Dr. Neha Patil,Ratnagiri,Chickenpox,Dermatologist,13,3.9,764
2357,Dr. Anil Shinde,Ratnagiri,Chickenpox,Dermatologist,10,4.7,693
2358,Dr. Pooja Joshi,Ratnagiri,Chickenpox,Dermatologist,26,4.9,992
2359,Dr. Anil Joshi,Ratnagiri,Chickenpox,Dermatologist,32,4.8,619
2360,Dr. Vikas Patil,Ratnagiri,Chickenpox,Dermatologist,2,4.3,1218
2361,Dr. Vikas Shinde,Ratnagiri,Measles,Pediatrician,17,4.7,637
2362,Dr. Amit Deshmukh,Ratnagiri,Measles,Pediatrician,28,4.6,1090
2363,Dr. Amit Patil,Ratnagiri,Measles,Pediatrician,31,4.8,644
2364,Dr. Kiran Jadhav,Ratnagiri,Measles,Pediatrician,7,4.0,593
2365,Dr. Rohit Joshi,Ratnagiri,Measles,Pediatrician,9,3.8,1385
2366,Dr. Anil Deshmukh,Ratnagiri,Measles,Pediatrician,24,4.4,388
2367,Dr. Neha Jadhav,Ratnagiri,Measles,Pediatrician,17,4.4,890
2368,Dr. Amit Sharma,Ratnagiri,Measles,Pediatrician,10,4.6,871
2369,Dr. Rahul Patil,Ratnagiri,Measles,Pediatrician,30,3.8,914
2370,Dr. Sneha Shinde,Ratnagiri,Measles,Pediatrician,21,4.7,451
2371,Dr. Neha Sharma,Ratnagiri,Arthritis,Orthopedic,17,3.9,629
2372,Dr. Pooja Patil,Ratnagiri,Arthritis,Orthopedic,3,3.6,916
2373,Dr. Amit Deshmukh,Ratnagiri,Arthritis,Orthopedic,12,4.2,333
2374,Dr. Vikas Gupta,Ratnagiri,Arthritis,Orthopedic,22,3.8,974
2375,Dr. Vikas Joshi,Ratnagiri,Arthritis,Orthopedic,11,4.2,803
2376,Dr. Anil Jadhav,Ratnagiri,Arthritis,Orthopedic,13,3.7,1011
2377,Dr. Sneha Joshi,Ratnagiri,Arthritis,Orthopedic,9,4.4,602
2378,Dr. Neha Gupta,Ratnagiri,Arthritis,Orthopedic,27,4.5,751
2379,Dr. Rahul Jadhav,Ratnagiri,Arthritis,Orthopedic,2,4.0,1367
2380,Dr. Sneha Shinde,Ratnagiri,Arthritis,Orthopedic,12,4.6,831
2381,Dr. Anil Joshi,Chandrapur,Flu,General Physician,15,4.1,1413
2382,Dr. Amit Joshi,Chandrapur,Flu,General Physician,27,4.4,674
2383,Dr. Vikas Jadhav,Chandrapur,Flu,General Physician,25,4.6,1292
2384,Dr. Priya Joshi,Chandrapur,Flu,General Physician,14,3.6,633
2385,Dr. Neha Joshi,Chandrapur,Flu,General Physician,13,4.1,531
2386,Dr. Neha Kulkarni,Chandrapur,Flu,General Physician,13,3.6,1077
2387,Dr. Rohit Sharma,Chandrapur,Flu,General Physician,27,4.3,1034
2388,Dr. Neha Joshi,Chandrapur,Flu,General Physician,8,4.7,441
2389,Dr. Rahul Gupta,Chandrapur,Flu,General Physician,33,5.0,1488
2390,Dr. Pooja Deshmukh,Chandrapur,Flu,General Physician,1,4.7,644
2391,Dr. Anil Deshmukh,Chandrapur,Cold,General Physician,5,3.9,612
2392,Dr. Neha Joshi,Chandrapur,Cold,General Physician,25,4.7,389
2393,Dr. Vikas Deshmukh,Chandrapur,Cold,General Physician,22,4.8,623
2394,Dr. Neha Gupta,Chandrapur,Cold,General Physician,6,3.6,1052
2395,Dr. Rahul Deshmukh,Chandrapur,Cold,General Physician,11,3.6,745
2396,Dr. Sneha Gupta,Chandrapur,Cold,General Physician,32,3.5,567
2397,Dr. Rahul Joshi,Chandrapur,Cold,General Physician,25,4.3,867
2398,Dr. Anil Sharma,Chandrapur,Cold,General Physician,24,3.6,1011
2399,Dr. Sneha Jadhav,Chandrapur,Cold,General Physician,20,4.8,572
2400,Dr. Anil Shinde,Chandrapur,Cold,General Physician,18,4.7,1277
2401,Dr. Sneha Gupta,Chandrapur,COVID-19,Pulmonologist,31,3.8,1358
2402,Dr. Pooja Jadhav,Chandrapur,COVID-19,Pulmonologist,1,3.8,236
2403,Dr. Priya Gupta,Chandrapur,COVID-19,Pulmonologist,17,4.7,1277
2404,Dr. Kiran Shinde,Chandrapur,COVID-19,Pulmonologist,4,5.0,706
2405,Dr. Rahul Sharma,Chandrapur,COVID-19,Pulmonologist,31,4.6,1460
2406,Dr. Priya Patil,Chandrapur,COVID-19,Pulmonologist,30,4.5,660
2407,Dr. Sneha Gupta,Chandrapur,COVID-19,Pulmonologist,25,3.7,713
2408,Dr. Amit Patil,Chandrapur,COVID-19,Pulmonologist,27,3.9,793
2409,Dr. Priya Jadhav,Chandrapur,COVID-19,Pulmonologist,30,4.6,746
2410,Dr. Kiran Joshi,Chandrapur,COVID-19,Pulmonologist,1,4.2,577
2411,Dr. Anil Sharma,Chandrapur,Malaria,Infectious Disease,23,3.8,973
2412,Dr. Anil Shinde,Chandrapur,Malaria,Infectious Disease,17,4.6,1383
2413,Dr. Rohit Sharma,Chandrapur,Malaria,Infectious Disease,3,3.6,511
2414,Dr. Pooja Deshmukh,Chandrapur,Malaria,Infectious Disease,20,3.7,956
2415,Dr. Priya Sharma,Chandrapur,Malaria,Infectious Disease,22,3.9,284
2416,Dr. Vikas Deshmukh,Chandrapur,Malaria,Infectious Disease,4,4.6,432
2417,Dr. Amit Shinde,Chandrapur,Malaria,Infectious Disease,26,4.9,816
2418,Dr. Rahul Kulkarni,Chandrapur,Malaria,Infectious Disease,24,4.6,478
2419,Dr. Rohit Shinde,Chandrapur,Malaria,Infectious Disease,15,4.5,1498
2420,Dr. Kiran Patil,Chandrapur,Malaria,Infectious Disease,3,4.8,525
2421,Dr. Priya Patil,Chandrapur,Dengue,Infectious Disease,1,4.3,689
2422,Dr. Rahul Gupta,Chandrapur,Dengue,Infectious Disease,22,4.0,1435
2423,Dr. Amit Shinde,Chandrapur,Dengue,Infectious Disease,31,4.1,670
2424,Dr. Pooja Sharma,Chandrapur,Dengue,Infectious Disease,24,4.3,1217
2425,Dr. Vikas Joshi,Chandrapur,Dengue,Infectious Disease,11,3.7,244
2426,Dr. Anil Joshi,Chandrapur,Dengue,Infectious Disease,31,4.2,567
2427,Dr. Anil Gupta,Chandrapur,Dengue,Infectious Disease,13,4.0,998
2428,Dr. Rahul Sharma,Chandrapur,Dengue,Infectious Disease,8,4.1,946
2429,Dr. Neha Kulkarni,Chandrapur,Dengue,Infectious Disease,8,4.2,1069
2430,Dr. Vikas Kulkarni,Chandrapur,Dengue,Infectious Disease,24,4.0,1329
2431,Dr. Neha Patil,Chandrapur,Typhoid,General Physician,28,4.6,956
2432,Dr. Kiran Sharma,Chandrapur,Typhoid,General Physician,6,3.7,361
2433,Dr. Anil Gupta,Chandrapur,Typhoid,General Physician,13,3.8,1427
2434,Dr. Rahul Patil,Chandrapur,Typhoid,General Physician,11,4.5,280
2435,Dr. Pooja Joshi,Chandrapur,Typhoid,General Physician,12,3.6,340
2436,Dr. Priya Patil,Chandrapur,Typhoid,General Physician,18,3.9,397
2437,Dr. Rahul Patil,Chandrapur,Typhoid,General Physician,11,4.5,1426
2438,Dr. Anil Patil,Chandrapur,Typhoid,General Physician,19,4.0,1479
2439,Dr. Anil Joshi,Chandrapur,Typhoid,General Physician,9,3.9,866
2440,Dr. Amit Deshmukh,Chandrapur,Typhoid,General Physician,27,4.2,546
2441,Dr. Anil Jadhav,Chandrapur,Asthma,Pulmonologist,18,3.5,933
2442,Dr. Priya Deshmukh,Chandrapur,Asthma,Pulmonologist,18,3.9,998
2443,Dr. Rahul Gupta,Chandrapur,Asthma,Pulmonologist,35,4.2,1248
2444,Dr. Pooja Jadhav,Chandrapur,Asthma,Pulmonologist,3,4.4,1226
2445,Dr. Rohit Sharma,Chandrapur,Asthma,Pulmonologist,18,4.4,816
2446,Dr. Pooja Joshi,Chandrapur,Asthma,Pulmonologist,28,4.2,1017
2447,Dr. Amit Deshmukh,Chandrapur,Asthma,Pulmonologist,18,5.0,740
2448,Dr. Kiran Deshmukh,Chandrapur,Asthma,Pulmonologist,30,4.5,267
2449,Dr. Neha Joshi,Chandrapur,Asthma,Pulmonologist,12,4.6,796
2450,Dr. Pooja Sharma,Chandrapur,Asthma,Pulmonologist,3,4.4,564
2451,Dr. Rohit Jadhav,Chandrapur,Diabetes,Endocrinologist,21,3.9,1250
2452,Dr. Amit Sharma,Chandrapur,Diabetes,Endocrinologist,26,4.1,1351
2453,Dr. Rohit Joshi,Chandrapur,Diabetes,Endocrinologist,8,4.0,1200
2454,Dr. Rahul Kulkarni,Chandrapur,Diabetes,Endocrinologist,7,4.8,978
2455,Dr. Amit Jadhav,Chandrapur,Diabetes,Endocrinologist,15,4.4,1013
2456,Dr. Rahul Kulkarni,Chandrapur,Diabetes,Endocrinologist,8,4.9,585
2457,Dr. Sneha Shinde,Chandrapur,Diabetes,Endocrinologist,5,3.5,579
2458,Dr. Rohit Shinde,Chandrapur,Diabetes,Endocrinologist,25,3.6,1352
2459,Dr. Sneha Shinde,Chandrapur,Diabetes,Endocrinologist,27,4.3,703
2460,Dr. Pooja Kulkarni,Chandrapur,Diabetes,Endocrinologist,34,4.1,1305
2461,Dr. Amit Deshmukh,Chandrapur,Migraine,Neurologist,3,3.6,540
2462,Dr. Rohit Jadhav,Chandrapur,Migraine,Neurologist,17,3.6,511
2463,Dr. Neha Shinde,Chandrapur,Migraine,Neurologist,25,4.6,1151
2464,Dr. Pooja Patil,Chandrapur,Migraine,Neurologist,33,4.8,1274
2465,Dr. Amit Sharma,Chandrapur,Migraine,Neurologist,15,4.8,295
2466,Dr. Pooja Kulkarni,Chandrapur,Migraine,Neurologist,34,4.5,724
2467,Dr. Priya Patil,Chandrapur,Migraine,Neurologist,21,3.9,1315
2468,Dr. Neha Shinde,Chandrapur,Migraine,Neurologist,15,4.0,1184
2469,Dr. Kiran Deshmukh,Chandrapur,Migraine,Neurologist,22,4.3,1351
2470,Dr. Neha Gupta,Chandrapur,Migraine,Neurologist,15,4.4,1204
2471,Dr. Anil Joshi,Chandrapur,Food Poisoning,Gastroenterologist,15,4.1,756
2472,Dr. Sneha Joshi,Chandrapur,Food Poisoning,Gastroenterologist,4,3.7,511
2473,Dr. Sneha Gupta,Chandrapur,Food Poisoning,Gastroenterologist,4,4.2,590
2474,Dr. Rahul Joshi,Chandrapur,Food Poisoning,Gastroenterologist,34,3.7,621
2475,Dr. Anil Kulkarni,Chandrapur,Food Poisoning,Gastroenterologist,6,3.9,1300
2476,Dr. Rohit Sharma,Chandrapur,Food Poisoning,Gastroenterologist,26,4.0,1372
2477,Dr. Rahul Sharma,Chandrapur,Food Poisoning,Gastroenterologist,22,3.7,604
2478,Dr. Pooja Deshmukh,Chandrapur,Food Poisoning,Gastroenterologist,15,4.7,882
2479,Dr. Rohit Kulkarni,Chandrapur,Food Poisoning,Gastroenterologist,17,3.5,603
2480,Dr. Neha Shinde,Chandrapur,Food Poisoning,Gastroenterologist,34,4.4,1028
2481,Dr. Neha Kulkarni,Chandrapur,Jaundice,Hepatologist,28,3.5,259
2482,Dr. Sneha Shinde,Chandrapur,Jaundice,Hepatologist,14,3.8,896
2483,Dr. Pooja Sharma,Chandrapur,Jaundice,Hepatologist,30,4.0,1189
2484,Dr. Neha Shinde,Chandrapur,Jaundice,Hepatologist,7,3.9,251
2485,Dr. Rohit Shinde,Chandrapur,Jaundice,Hepatologist,30,3.6,240
2486,Dr. Rahul Jadhav,Chandrapur,Jaundice,Hepatologist,13,4.9,1169
2487,Dr. Neha Joshi,Chandrapur,Jaundice,Hepatologist,17,4.1,1222
2488,Dr. Rahul Joshi,Chandrapur,Jaundice,Hepatologist,33,4.3,948
2489,Dr. Pooja Deshmukh,Chandrapur,Jaundice,Hepatologist,34,4.4,1220
2490,Dr. Rahul Jadhav,Chandrapur,Jaundice,Hepatologist,18,3.8,1315
2491,Dr. Priya Sharma,Chandrapur,Chickenpox,Dermatologist,10,4.8,995
2492,Dr. Sneha Gupta,Chandrapur,Chickenpox,Dermatologist,18,4.9,1301
2493,Dr. Neha Patil,Chandrapur,Chickenpox,Dermatologist,26,3.6,471
2494,Dr. Rohit Shinde,Chandrapur,Chickenpox,Dermatologist,29,4.2,572
2495,Dr. Kiran Joshi,Chandrapur,Chickenpox,Dermatologist,28,4.8,1182
2496,Dr. Amit Joshi,Chandrapur,Chickenpox,Dermatologist,10,4.5,798
2497,Dr. Vikas Shinde,Chandrapur,Chickenpox,Dermatologist,19,5.0,477
2498,Dr. Priya Patil,Chandrapur,Chickenpox,Dermatologist,16,3.6,688
2499,Dr. Sneha Shinde,Chandrapur,Chickenpox,Dermatologist,5,4.5,311
2500,Dr. Neha Kulkarni,Chandrapur,Chickenpox,Dermatologist,16,4.9,1254
2501,Dr. Kiran Kulkarni,Chandrapur,Measles,Pediatrician,34,4.6,1380
2502,Dr. Anil Shinde,Chandrapur,Measles,Pediatrician,2,3.6,1016
2503,Dr. Pooja Joshi,Chandrapur,Measles,Pediatrician,30,3.5,1178
2504,Dr. Sneha Gupta,Chandrapur,Measles,Pediatrician,11,3.7,871
2505,Dr. Pooja Gupta,Chandrapur,Measles,Pediatrician,12,4.3,450
2506,Dr. Vikas Shinde,Chandrapur,Measles,Pediatrician,30,4.8,554
2507,Dr. Pooja Deshmukh,Chandrapur,Measles,Pediatrician,4,4.6,743
2508,Dr. Neha Gupta,Chandrapur,Measles,Pediatrician,13,3.8,383
2509,Dr. Rohit Sharma,Chandrapur,Measles,Pediatrician,28,5.0,1078
2510,Dr. Rohit Deshmukh,Chandrapur,Measles,Pediatrician,12,3.6,672
2511,Dr. Kiran Patil,Chandrapur,Arthritis,Orthopedic,13,4.5,472
2512,Dr. Amit Patil,Chandrapur,Arthritis,Orthopedic,15,4.7,1071
2513,Dr. Rohit Kulkarni,Chandrapur,Arthritis,Orthopedic,26,3.7,879
2514,Dr. Anil Joshi,Chandrapur,Arthritis,Orthopedic,18,4.6,1027
2515,Dr. Sneha Joshi,Chandrapur,Arthritis,Orthopedic,18,4.9,1380
2516,Dr. Sneha Patil,Chandrapur,Arthritis,Orthopedic,34,4.8,1456
2517,Dr. Sneha Kulkarni,Chandrapur,Arthritis,Orthopedic,11,3.9,244
2518,Dr. Vikas Kulkarni,Chandrapur,Arthritis,Orthopedic,13,5.0,622
2519,Dr. Sneha Shinde,Chandrapur,Arthritis,Orthopedic,4,3.9,1458
2520,Dr. Priya Sharma,Chandrapur,Arthritis,Orthopedic,9,4.6,368
2521,Dr. Vikas Kulkarni,Parbhani,Flu,General Physician,24,3.8,1311
2522,Dr. Sneha Joshi,Parbhani,Flu,General Physician,15,4.3,389
2523,Dr. Kiran Deshmukh,Parbhani,Flu,General Physician,14,4.9,1499
2524,Dr. Rohit Gupta,Parbhani,Flu,General Physician,18,3.6,1160
2525,Dr. Neha Sharma,Parbhani,Flu,General Physician,23,4.2,1172
2526,Dr. Priya Kulkarni,Parbhani,Flu,General Physician,32,3.9,737
2527,Dr. Vikas Sharma,Parbhani,Flu,General Physician,25,4.9,623
2528,Dr. Vikas Sharma,Parbhani,Flu,General Physician,7,4.4,836
2529,Dr. Priya Joshi,Parbhani,Flu,General Physician,29,3.6,658
2530,Dr. Rahul Jadhav,Parbhani,Flu,General Physician,10,4.0,967
2531,Dr. Kiran Kulkarni,Parbhani,Cold,General Physician,33,4.7,576
2532,Dr. Vikas Shinde,Parbhani,Cold,General Physician,21,3.6,791
2533,Dr. Vikas Patil,Parbhani,Cold,General Physician,2,3.9,255
2534,Dr. Pooja Shinde,Parbhani,Cold,General Physician,16,4.6,1367
2535,Dr. Vikas Kulkarni,Parbhani,Cold,General Physician,17,4.0,908
2536,Dr. Rohit Jadhav,Parbhani,Cold,General Physician,33,4.5,1236
2537,Dr. Anil Joshi,Parbhani,Cold,General Physician,12,3.9,260
2538,Dr. Sneha Jadhav,Parbhani,Cold,General Physician,18,4.3,1450
2539,Dr. Rahul Jadhav,Parbhani,Cold,General Physician,24,4.3,1013
2540,Dr. Priya Jadhav,Parbhani,Cold,General Physician,14,3.8,768
2541,Dr. Kiran Jadhav,Parbhani,COVID-19,Pulmonologist,8,4.6,690
2542,Dr. Amit Shinde,Parbhani,COVID-19,Pulmonologist,11,4.9,211
2543,Dr. Pooja Sharma,Parbhani,COVID-19,Pulmonologist,11,4.3,919
2544,Dr. Anil Gupta,Parbhani,COVID-19,Pulmonologist,7,3.7,591
2545,Dr. Sneha Sharma,Parbhani,COVID-19,Pulmonologist,5,4.3,602
2546,Dr. Neha Sharma,Parbhani,COVID-19,Pulmonologist,14,3.8,702
2547,Dr. Sneha Kulkarni,Parbhani,COVID-19,Pulmonologist,6,4.1,282
2548,Dr. Neha Shinde,Parbhani,COVID-19,Pulmonologist,3,4.9,365
2549,Dr. Pooja Deshmukh,Parbhani,COVID-19,Pulmonologist,7,4.3,665
2550,Dr. Neha Deshmukh,Parbhani,COVID-19,Pulmonologist,1,4.1,743
2551,Dr. Neha Kulkarni,Parbhani,Malaria,Infectious Disease,26,5.0,1162
2552,Dr. Neha Jadhav,Parbhani,Malaria,Infectious Disease,23,4.7,1416
2553,Dr. Anil Joshi,Parbhani,Malaria,Infectious Disease,23,4.9,721
2554,Dr. Neha Gupta,Parbhani,Malaria,Infectious Disease,1,4.0,1187
2555,Dr. Rahul Shinde,Parbhani,Malaria,Infectious Disease,25,4.9,1460
2556,Dr. Sneha Gupta,Parbhani,Malaria,Infectious Disease,35,4.3,927
2557,Dr. Rohit Kulkarni,Parbhani,Malaria,Infectious Disease,31,4.8,468
2558,Dr. Anil Gupta,Parbhani,Malaria,Infectious Disease,14,4.5,551
2559,Dr. Neha Jadhav,Parbhani,Malaria,Infectious Disease,2,5.0,786
2560,Dr. Sneha Joshi,Parbhani,Malaria,Infectious Disease,5,4.0,1187
2561,Dr. Kiran Gupta,Parbhani,Dengue,Infectious Disease,26,3.6,786
2562,Dr. Vikas Jadhav,Parbhani,Dengue,Infectious Disease,20,4.3,1357
2563,Dr. Pooja Kulkarni,Parbhani,Dengue,Infectious Disease,25,3.5,1030
2564,Dr. Pooja Joshi,Parbhani,Dengue,Infectious Disease,9,3.7,900
2565,Dr. Vikas Kulkarni,Parbhani,Dengue,Infectious Disease,24,3.8,427
2566,Dr. Neha Deshmukh,Parbhani,Dengue,Infectious Disease,19,4.4,1266
2567,Dr. Pooja Jadhav,Parbhani,Dengue,Infectious Disease,15,3.6,1201
2568,Dr. Pooja Sharma,Parbhani,Dengue,Infectious Disease,17,3.9,420
2569,Dr. Vikas Kulkarni,Parbhani,Dengue,Infectious Disease,4,4.6,470
2570,Dr. Rohit Jadhav,Parbhani,Dengue,Infectious Disease,5,4.2,524
2571,Dr. Amit Deshmukh,Parbhani,Typhoid,General Physician,13,4.5,587
2572,Dr. Kiran Joshi,Parbhani,Typhoid,General Physician,32,4.3,438
2573,Dr. Rahul Patil,Parbhani,Typhoid,General Physician,16,4.9,557
2574,Dr. Pooja Joshi,Parbhani,Typhoid,General Physician,19,3.9,969
2575,Dr. Rahul Patil,Parbhani,Typhoid,General Physician,33,3.8,632
2576,Dr. Vikas Shinde,Parbhani,Typhoid,General Physician,9,4.9,966
2577,Dr. Sneha Deshmukh,Parbhani,Typhoid,General Physician,13,4.5,1443
2578,Dr. Kiran Kulkarni,Parbhani,Typhoid,General Physician,17,4.5,1138
2579,Dr. Rohit Gupta,Parbhani,Typhoid,General Physician,9,4.1,1429
2580,Dr. Rohit Patil,Parbhani,Typhoid,General Physician,4,3.7,1149
2581,Dr. Rohit Patil,Parbhani,Asthma,Pulmonologist,2,4.3,1295
2582,Dr. Pooja Deshmukh,Parbhani,Asthma,Pulmonologist,19,4.0,561
2583,Dr. Neha Gupta,Parbhani,Asthma,Pulmonologist,8,4.0,1062
2584,Dr. Neha Gupta,Parbhani,Asthma,Pulmonologist,17,3.6,1461
2585,Dr. Vikas Jadhav,Parbhani,Asthma,Pulmonologist,4,4.0,965
2586,Dr. Sneha Deshmukh,Parbhani,Asthma,Pulmonologist,4,4.7,665
2587,Dr. Sneha Shinde,Parbhani,Asthma,Pulmonologist,19,4.5,1365
2588,Dr. Anil Sharma,Parbhani,Asthma,Pulmonologist,25,3.6,463
2589,Dr. Amit Patil,Parbhani,Asthma,Pulmonologist,34,4.6,1185
2590,Dr. Amit Patil,Parbhani,Asthma,Pulmonologist,26,4.1,496
2591,Dr. Rohit Jadhav,Parbhani,Diabetes,Endocrinologist,13,4.8,904
2592,Dr. Rahul Deshmukh,Parbhani,Diabetes,Endocrinologist,23,4.9,1228
2593,Dr. Sneha Patil,Parbhani,Diabetes,Endocrinologist,14,4.6,1239
2594,Dr. Amit Sharma,Parbhani,Diabetes,Endocrinologist,20,4.9,824
2595,Dr. Kiran Joshi,Parbhani,Diabetes,Endocrinologist,21,5.0,781
2596,Dr. Priya Patil,Parbhani,Diabetes,Endocrinologist,32,4.6,584
2597,Dr. Anil Shinde,Parbhani,Diabetes,Endocrinologist,4,4.8,949
2598,Dr. Kiran Sharma,Parbhani,Diabetes,Endocrinologist,20,5.0,1161
2599,Dr. Sneha Joshi,Parbhani,Diabetes,Endocrinologist,34,3.5,269
2600,Dr. Sneha Deshmukh,Parbhani,Diabetes,Endocrinologist,22,4.8,1184
2601,Dr. Rohit Joshi,Parbhani,Migraine,Neurologist,21,4.6,1235
2602,Dr. Neha Kulkarni,Parbhani,Migraine,Neurologist,9,4.9,522
2603,Dr. Rahul Kulkarni,Parbhani,Migraine,Neurologist,9,4.9,937
2604,Dr. Anil Sharma,Parbhani,Migraine,Neurologist,27,4.9,1456
2605,Dr. Rohit Joshi,Parbhani,Migraine,Neurologist,2,4.5,1377
2606,Dr. Anil Gupta,Parbhani,Migraine,Neurologist,29,3.9,559
2607,Dr. Rohit Jadhav,Parbhani,Migraine,Neurologist,5,4.6,889
2608,Dr. Amit Jadhav,Parbhani,Migraine,Neurologist,14,3.6,1140
2609,Dr. Rohit Jadhav,Parbhani,Migraine,Neurologist,21,3.7,1152
2610,Dr. Kiran Kulkarni,Parbhani,Migraine,Neurologist,8,3.6,954
2611,Dr. Priya Patil,Parbhani,Food Poisoning,Gastroenterologist,26,4.8,1237
2612,Dr. Rohit Patil,Parbhani,Food Poisoning,Gastroenterologist,16,4.6,1294
2613,Dr. Vikas Joshi,Parbhani,Food Poisoning,Gastroenterologist,23,3.6,1342
2614,Dr. Rahul Gupta,Parbhani,Food Poisoning,Gastroenterologist,22,4.6,1384
2615,Dr. Rahul Shinde,Parbhani,Food Poisoning,Gastroenterologist,23,4.0,618
2616,Dr. Anil Shinde,Parbhani,Food Poisoning,Gastroenterologist,25,4.7,663
2617,Dr. Neha Shinde,Parbhani,Food Poisoning,Gastroenterologist,6,4.2,1145
2618,Dr. Pooja Patil,Parbhani,Food Poisoning,Gastroenterologist,14,4.5,625
2619,Dr. Rahul Patil,Parbhani,Food Poisoning,Gastroenterologist,11,4.3,765
2620,Dr. Vikas Gupta,Parbhani,Food Poisoning,Gastroenterologist,30,3.9,666
2621,Dr. Rahul Patil,Parbhani,Jaundice,Hepatologist,34,4.7,1255
2622,Dr. Rahul Kulkarni,Parbhani,Jaundice,Hepatologist,9,3.7,1395
2623,Dr. Neha Patil,Parbhani,Jaundice,Hepatologist,14,3.7,1182
2624,Dr. Rahul Jadhav,Parbhani,Jaundice,Hepatologist,21,4.2,1421
2625,Dr. Anil Deshmukh,Parbhani,Jaundice,Hepatologist,10,3.6,1472
2626,Dr. Sneha Jadhav,Parbhani,Jaundice,Hepatologist,8,4.8,463
2627,Dr. Vikas Joshi,Parbhani,Jaundice,Hepatologist,7,4.2,1458
2628,Dr. Sneha Deshmukh,Parbhani,Jaundice,Hepatologist,28,4.3,1074
2629,Dr. Neha Gupta,Parbhani,Jaundice,Hepatologist,7,4.6,1021
2630,Dr. Anil Joshi,Parbhani,Jaundice,Hepatologist,30,5.0,1434
2631,Dr. Neha Gupta,Parbhani,Chickenpox,Dermatologist,13,4.6,679
2632,Dr. Kiran Joshi,Parbhani,Chickenpox,Dermatologist,6,4.8,332
2633,Dr. Kiran Patil,Parbhani,Chickenpox,Dermatologist,25,4.7,488
2634,Dr. Rohit Patil,Parbhani,Chickenpox,Dermatologist,12,5.0,387
2635,Dr. Neha Joshi,Parbhani,Chickenpox,Dermatologist,10,4.6,1073
2636,Dr. Anil Gupta,Parbhani,Chickenpox,Dermatologist,28,4.8,362
2637,Dr. Rohit Deshmukh,Parbhani,Chickenpox,Dermatologist,5,4.3,686
2638,Dr. Vikas Deshmukh,Parbhani,Chickenpox,Dermatologist,30,4.9,1115
2639,Dr. Priya Sharma,Parbhani,Chickenpox,Dermatologist,7,4.0,1300
2640,Dr. Rohit Jadhav,Parbhani,Chickenpox,Dermatologist,18,3.6,744
2641,Dr. Pooja Deshmukh,Parbhani,Measles,Pediatrician,2,3.7,883
2642,Dr. Pooja Shinde,Parbhani,Measles,Pediatrician,7,4.2,549
2643,Dr. Rahul Gupta,Parbhani,Measles,Pediatrician,27,4.1,551
2644,Dr. Kiran Patil,Parbhani,Measles,Pediatrician,2,3.9,726
2645,Dr. Rahul Deshmukh,Parbhani,Measles,Pediatrician,31,3.6,489
2646,Dr. Anil Gupta,Parbhani,Measles,Pediatrician,34,4.8,1476
2647,Dr. Vikas Jadhav,Parbhani,Measles,Pediatrician,35,4.2,433
2648,Dr. Vikas Joshi,Parbhani,Measles,Pediatrician,33,4.3,1402
2649,Dr. Sneha Jadhav,Parbhani,Measles,Pediatrician,33,4.8,707
2650,Dr. Amit Patil,Parbhani,Measles,Pediatrician,2,3.5,247
2651,Dr. Anil Shinde,Parbhani,Arthritis,Orthopedic,13,4.1,626
2652,Dr. Vikas Gupta,Parbhani,Arthritis,Orthopedic,7,4.4,970
2653,Dr. Kiran Jadhav,Parbhani,Arthritis,Orthopedic,15,5.0,342
2654,Dr. Rahul Shinde,Parbhani,Arthritis,Orthopedic,3,4.4,868
2655,Dr. Rahul Jadhav,Parbhani,Arthritis,Orthopedic,21,4.7,885
2656,Dr. Rohit Sharma,Parbhani,Arthritis,Orthopedic,5,5.0,361
2657,Dr. Rohit Jadhav,Parbhani,Arthritis,Orthopedic,11,4.3,873
2658,Dr. Rahul Patil,Parbhani,Arthritis,Orthopedic,33,3.7,442
2659,Dr. Rohit Gupta,Parbhani,Arthritis,Orthopedic,18,3.8,898
2660,Dr. Vikas Deshmukh,Parbhani,Arthritis,Orthopedic,11,5.0,282
2661,Dr. Vikas Sharma,Beed,Flu,General Physician,10,4.8,535
2662,Dr. Neha Joshi,Beed,Flu,General Physician,29,4.4,476
2663,Dr. Anil Deshmukh,Beed,Flu,General Physician,29,4.2,482
2664,Dr. Kiran Joshi,Beed,Flu,General Physician,1,4.0,386
2665,Dr. Rohit Patil,Beed,Flu,General Physician,25,4.1,864
2666,Dr. Rohit Shinde,Beed,Flu,General Physician,12,4.4,700
2667,Dr. Kiran Jadhav,Beed,Flu,General Physician,8,4.7,1406
2668,Dr. Rahul Joshi,Beed,Flu,General Physician,11,4.7,1002
2669,Dr. Sneha Patil,Beed,Flu,General Physician,35,4.3,509
2670,Dr. Rahul Kulkarni,Beed,Flu,General Physician,2,3.6,1295
2671,Dr. Pooja Shinde,Beed,Cold,General Physician,4,4.6,1454
2672,Dr. Vikas Deshmukh,Beed,Cold,General Physician,8,4.8,240
2673,Dr. Amit Jadhav,Beed,Cold,General Physician,3,4.4,668
2674,Dr. Priya Shinde,Beed,Cold,General Physician,10,4.4,1071
2675,Dr. Kiran Patil,Beed,Cold,General Physician,27,3.6,923
2676,Dr. Vikas Joshi,Beed,Cold,General Physician,21,4.1,1127
2677,Dr. Rahul Deshmukh,Beed,Cold,General Physician,23,4.2,444
2678,Dr. Kiran Shinde,Beed,Cold,General Physician,3,4.4,1159
2679,Dr. Rohit Patil,Beed,Cold,General Physician,24,3.7,452
2680,Dr. Anil Gupta,Beed,Cold,General Physician,35,4.1,427
2681,Dr. Anil Deshmukh,Beed,COVID-19,Pulmonologist,31,3.9,1398
2682,Dr. Vikas Shinde,Beed,COVID-19,Pulmonologist,35,4.5,759
2683,Dr. Neha Joshi,Beed,COVID-19,Pulmonologist,14,4.4,306
2684,Dr. Priya Sharma,Beed,COVID-19,Pulmonologist,19,4.9,816
2685,Dr. Rahul Gupta,Beed,COVID-19,Pulmonologist,11,4.9,1254
2686,Dr. Vikas Patil,Beed,COVID-19,Pulmonologist,6,4.8,227
2687,Dr. Pooja Shinde,Beed,COVID-19,Pulmonologist,20,4.8,246
2688,Dr. Rohit Jadhav,Beed,COVID-19,Pulmonologist,34,3.6,634
2689,Dr. Amit Deshmukh,Beed,COVID-19,Pulmonologist,34,4.1,919
2690,Dr. Rahul Kulkarni,Beed,COVID-19,Pulmonologist,9,3.8,976
2691,Dr. Rohit Deshmukh,Beed,Malaria,Infectious Disease,27,4.9,1276
2692,Dr. Vikas Patil,Beed,Malaria,Infectious Disease,35,4.9,759
2693,Dr. Priya Sharma,Beed,Malaria,Infectious Disease,15,4.1,1245
2694,Dr. Rohit Joshi,Beed,Malaria,Infectious Disease,6,4.0,257
2695,Dr. Kiran Joshi,Beed,Malaria,Infectious Disease,2,4.3,1206
2696,Dr. Neha Deshmukh,Beed,Malaria,Infectious Disease,22,3.5,619
2697,Dr. Neha Patil,Beed,Malaria,Infectious Disease,31,4.8,208
2698,Dr. Kiran Joshi,Beed,Malaria,Infectious Disease,20,4.2,806
2699,Dr. Amit Jadhav,Beed,Malaria,Infectious Disease,34,4.1,1105
2700,Dr. Rahul Gupta,Beed,Malaria,Infectious Disease,16,4.8,834
2701,Dr. Neha Joshi,Beed,Dengue,Infectious Disease,2,3.6,433
2702,Dr. Pooja Kulkarni,Beed,Dengue,Infectious Disease,2,5.0,1183
2703,Dr. Amit Shinde,Beed,Dengue,Infectious Disease,26,3.6,352
2704,Dr. Amit Gupta,Beed,Dengue,Infectious Disease,33,4.7,402
2705,Dr. Rahul Shinde,Beed,Dengue,Infectious Disease,35,4.6,524
2706,Dr. Rahul Shinde,Beed,Dengue,Infectious Disease,23,4.2,1372
2707,Dr. Neha Jadhav,Beed,Dengue,Infectious Disease,26,4.8,383
2708,Dr. Kiran Deshmukh,Beed,Dengue,Infectious Disease,33,4.3,843
2709,Dr. Pooja Deshmukh,Beed,Dengue,Infectious Disease,25,5.0,1029
2710,Dr. Neha Deshmukh,Beed,Dengue,Infectious Disease,12,3.7,407
2711,Dr. Pooja Shinde,Beed,Typhoid,General Physician,24,4.6,611
2712,Dr. Pooja Joshi,Beed,Typhoid,General Physician,20,4.2,869
2713,Dr. Anil Shinde,Beed,Typhoid,General Physician,19,4.1,1293
2714,Dr. Rahul Kulkarni,Beed,Typhoid,General Physician,6,4.7,1242
2715,Dr. Vikas Joshi,Beed,Typhoid,General Physician,27,4.9,1109
2716,Dr. Amit Jadhav,Beed,Typhoid,General Physician,16,5.0,1287
2717,Dr. Neha Jadhav,Beed,Typhoid,General Physician,10,4.4,507
2718,Dr. Neha Gupta,Beed,Typhoid,General Physician,22,4.9,1291
2719,Dr. Kiran Shinde,Beed,Typhoid,General Physician,22,4.6,877
2720,Dr. Vikas Jadhav,Beed,Typhoid,General Physician,25,4.4,1023
2721,Dr. Amit Gupta,Beed,Asthma,Pulmonologist,10,4.0,1016
2722,Dr. Pooja Joshi,Beed,Asthma,Pulmonologist,25,4.4,488
2723,Dr. Rohit Patil,Beed,Asthma,Pulmonologist,6,4.2,1157
2724,Dr. Priya Kulkarni,Beed,Asthma,Pulmonologist,2,3.6,1104
2725,Dr. Vikas Kulkarni,Beed,Asthma,Pulmonologist,18,3.7,916
2726,Dr. Pooja Gupta,Beed,Asthma,Pulmonologist,31,3.5,956
2727,Dr. Amit Kulkarni,Beed,Asthma,Pulmonologist,18,4.7,1045
2728,Dr. Anil Jadhav,Beed,Asthma,Pulmonologist,12,3.5,220
2729,Dr. Rahul Patil,Beed,Asthma,Pulmonologist,12,4.2,355
2730,Dr. Pooja Patil,Beed,Asthma,Pulmonologist,26,4.2,1162
2731,Dr. Rohit Kulkarni,Beed,Diabetes,Endocrinologist,10,4.2,1240
2732,Dr. Neha Gupta,Beed,Diabetes,Endocrinologist,12,4.9,294
2733,Dr. Rohit Joshi,Beed,Diabetes,Endocrinologist,22,4.1,270
2734,Dr. Amit Kulkarni,Beed,Diabetes,Endocrinologist,22,3.9,1494
2735,Dr. Rahul Kulkarni,Beed,Diabetes,Endocrinologist,25,3.7,1369
2736,Dr. Anil Shinde,Beed,Diabetes,Endocrinologist,10,4.6,512
2737,Dr. Rahul Jadhav,Beed,Diabetes,Endocrinologist,6,3.7,1355
2738,Dr. Sneha Joshi,Beed,Diabetes,Endocrinologist,20,4.7,1160
2739,Dr. Rahul Joshi,Beed,Diabetes,Endocrinologist,28,3.6,712
2740,Dr. Neha Gupta,Beed,Diabetes,Endocrinologist,9,4.2,686
2741,Dr. Sneha Jadhav,Beed,Migraine,Neurologist,33,3.8,909
2742,Dr. Priya Gupta,Beed,Migraine,Neurologist,34,4.4,418
2743,Dr. Rohit Gupta,Beed,Migraine,Neurologist,25,4.1,1030
2744,Dr. Vikas Patil,Beed,Migraine,Neurologist,13,4.4,513
2745,Dr. Amit Sharma,Beed,Migraine,Neurologist,13,4.6,416
2746,Dr. Amit Sharma,Beed,Migraine,Neurologist,33,3.6,1347
2747,Dr. Sneha Joshi,Beed,Migraine,Neurologist,32,3.8,304
2748,Dr. Vikas Deshmukh,Beed,Migraine,Neurologist,15,3.9,920
2749,Dr. Rohit Deshmukh,Beed,Migraine,Neurologist,26,5.0,1142
2750,Dr. Rahul Sharma,Beed,Migraine,Neurologist,7,4.5,357
2751,Dr. Anil Jadhav,Beed,Food Poisoning,Gastroenterologist,6,4.0,1449
2752,Dr. Pooja Joshi,Beed,Food Poisoning,Gastroenterologist,31,3.8,1111
2753,Dr. Pooja Gupta,Beed,Food Poisoning,Gastroenterologist,12,4.0,1366
2754,Dr. Pooja Kulkarni,Beed,Food Poisoning,Gastroenterologist,23,3.9,491
2755,Dr. Kiran Shinde,Beed,Food Poisoning,Gastroenterologist,13,4.7,395
2756,Dr. Neha Kulkarni,Beed,Food Poisoning,Gastroenterologist,20,3.6,589
2757,Dr. Pooja Shinde,Beed,Food Poisoning,Gastroenterologist,30,4.9,577
2758,Dr. Amit Shinde,Beed,Food Poisoning,Gastroenterologist,14,4.6,1264
2759,Dr. Rahul Jadhav,Beed,Food Poisoning,Gastroenterologist,6,4.9,1068
2760,Dr. Amit Sharma,Beed,Food Poisoning,Gastroenterologist,29,3.8,457
2761,Dr. Sneha Sharma,Beed,Jaundice,Hepatologist,18,5.0,840
2762,Dr. Anil Gupta,Beed,Jaundice,Hepatologist,24,4.8,1330
2763,Dr. Priya Deshmukh,Beed,Jaundice,Hepatologist,10,3.9,282
2764,Dr. Vikas Jadhav,Beed,Jaundice,Hepatologist,1,4.1,960
2765,Dr. Priya Kulkarni,Beed,Jaundice,Hepatologist,31,3.5,1304
2766,Dr. Priya Jadhav,Beed,Jaundice,Hepatologist,19,4.2,742
2767,Dr. Kiran Sharma,Beed,Jaundice,Hepatologist,11,4.2,1297
2768,Dr. Kiran Jadhav,Beed,Jaundice,Hepatologist,30,4.6,795
2769,Dr. Pooja Sharma,Beed,Jaundice,Hepatologist,7,4.4,269
2770,Dr. Neha Deshmukh,Beed,Jaundice,Hepatologist,7,4.2,959
2771,Dr. Rohit Jadhav,Beed,Chickenpox,Dermatologist,32,3.9,850
2772,Dr. Neha Patil,Beed,Chickenpox,Dermatologist,9,4.7,597
2773,Dr. Priya Gupta,Beed,Chickenpox,Dermatologist,7,4.8,466
2774,Dr. Pooja Patil,Beed,Chickenpox,Dermatologist,6,3.5,1283
2775,Dr. Amit Joshi,Beed,Chickenpox,Dermatologist,6,4.8,423
2776,Dr. Rahul Deshmukh,Beed,Chickenpox,Dermatologist,30,4.3,919
2777,Dr. Sneha Patil,Beed,Chickenpox,Dermatologist,8,4.1,1230
2778,Dr. Vikas Deshmukh,Beed,Chickenpox,Dermatologist,31,4.8,1048
2779,Dr. Rohit Gupta,Beed,Chickenpox,Dermatologist,2,4.3,741
2780,Dr. Vikas Kulkarni,Beed,Chickenpox,Dermatologist,14,4.4,743
2781,Dr. Pooja Gupta,Beed,Measles,Pediatrician,17,3.7,204
2782,Dr. Pooja Kulkarni,Beed,Measles,Pediatrician,13,4.7,256
2783,Dr. Priya Deshmukh,Beed,Measles,Pediatrician,33,4.3,593
2784,Dr. Anil Deshmukh,Beed,Measles,Pediatrician,4,4.1,774
2785,Dr. Kiran Joshi,Beed,Measles,Pediatrician,8,4.6,288
2786,Dr. Amit Patil,Beed,Measles,Pediatrician,9,3.9,1304
2787,Dr. Priya Shinde,Beed,Measles,Pediatrician,1,4.6,677
2788,Dr. Priya Sharma,Beed,Measles,Pediatrician,19,4.5,242
2789,Dr. Priya Joshi,Beed,Measles,Pediatrician,15,4.2,442
2790,Dr. Amit Gupta,Beed,Measles,Pediatrician,27,4.8,710
2791,Dr. Pooja Gupta,Beed,Arthritis,Orthopedic,32,4.5,466
2792,Dr. Priya Kulkarni,Beed,Arthritis,Orthopedic,20,4.5,1347
2793,Dr. Pooja Gupta,Beed,Arthritis,Orthopedic,1,4.7,727
2794,Dr. Neha Deshmukh,Beed,Arthritis,Orthopedic,19,4.5,397
2795,Dr. Priya Joshi,Beed,Arthritis,Orthopedic,35,4.2,1455
2796,Dr. Rohit Patil,Beed,Arthritis,Orthopedic,24,4.7,611
2797,Dr. Kiran Sharma,Beed,Arthritis,Orthopedic,4,3.7,982
2798,Dr. Rohit Patil,Beed,Arthritis,Orthopedic,12,4.9,1471
2799,Dr. Kiran Deshmukh,Beed,Arthritis,Orthopedic,2,4.6,1089
2800,Dr. Pooja Patil,Beed,Arthritis,Orthopedic,22,4.7,429
2801,Dr. Sneha Jadhav,Osmanabad,Flu,General Physician,7,4.8,842
2802,Dr. Sneha Shinde,Osmanabad,Flu,General Physician,18,4.5,1104
2803,Dr. Vikas Sharma,Osmanabad,Flu,General Physician,6,3.6,523
2804,Dr. Sneha Gupta,Osmanabad,Flu,General Physician,3,4.9,315
2805,Dr. Anil Joshi,Osmanabad,Flu,General Physician,27,4.9,589
2806,Dr. Anil Joshi,Osmanabad,Flu,General Physician,35,5.0,919
2807,Dr. Sneha Patil,Osmanabad,Flu,General Physician,7,4.3,548
2808,Dr. Rahul Patil,Osmanabad,Flu,General Physician,8,4.6,1162
2809,Dr. Kiran Shinde,Osmanabad,Flu,General Physician,27,4.3,1005
2810,Dr. Neha Sharma,Osmanabad,Flu,General Physician,5,3.7,1235
2811,Dr. Anil Gupta,Osmanabad,Cold,General Physician,29,3.5,777
2812,Dr. Pooja Joshi,Osmanabad,Cold,General Physician,17,3.7,1007
2813,Dr. Vikas Shinde,Osmanabad,Cold,General Physician,25,4.4,1258
2814,Dr. Sneha Jadhav,Osmanabad,Cold,General Physician,19,4.5,1428
2815,Dr. Rahul Gupta,Osmanabad,Cold,General Physician,25,3.5,1017
2816,Dr. Vikas Jadhav,Osmanabad,Cold,General Physician,30,3.9,1089
2817,Dr. Vikas Patil,Osmanabad,Cold,General Physician,23,4.8,519
2818,Dr. Rahul Sharma,Osmanabad,Cold,General Physician,28,3.6,226
2819,Dr. Priya Kulkarni,Osmanabad,Cold,General Physician,34,3.7,232
2820,Dr. Neha Sharma,Osmanabad,Cold,General Physician,20,4.1,1416
2821,Dr. Priya Patil,Osmanabad,COVID-19,Pulmonologist,7,4.4,454
2822,Dr. Priya Joshi,Osmanabad,COVID-19,Pulmonologist,27,3.7,589
2823,Dr. Kiran Shinde,Osmanabad,COVID-19,Pulmonologist,28,4.4,396
2824,Dr. Vikas Joshi,Osmanabad,COVID-19,Pulmonologist,5,3.8,1343
2825,Dr. Priya Jadhav,Osmanabad,COVID-19,Pulmonologist,18,4.7,680
2826,Dr. Priya Gupta,Osmanabad,COVID-19,Pulmonologist,16,3.6,422
2827,Dr. Rohit Kulkarni,Osmanabad,COVID-19,Pulmonologist,22,4.6,1452
2828,Dr. Anil Kulkarni,Osmanabad,COVID-19,Pulmonologist,21,4.9,450
2829,Dr. Anil Shinde,Osmanabad,COVID-19,Pulmonologist,35,3.6,1351
2830,Dr. Priya Patil,Osmanabad,COVID-19,Pulmonologist,2,4.2,1180
2831,Dr. Kiran Patil,Osmanabad,Malaria,Infectious Disease,33,3.7,1416
2832,Dr. Pooja Shinde,Osmanabad,Malaria,Infectious Disease,35,4.4,977
2833,Dr. Sneha Deshmukh,Osmanabad,Malaria,Infectious Disease,15,3.5,1391
2834,Dr. Rohit Patil,Osmanabad,Malaria,Infectious Disease,20,3.8,860
2835,Dr. Kiran Joshi,Osmanabad,Malaria,Infectious Disease,16,3.5,928
2836,Dr. Priya Kulkarni,Osmanabad,Malaria,Infectious Disease,6,3.5,519
2837,Dr. Pooja Joshi,Osmanabad,Malaria,Infectious Disease,18,4.2,1465
2838,Dr. Priya Patil,Osmanabad,Malaria,Infectious Disease,29,3.5,213
2839,Dr. Rahul Kulkarni,Osmanabad,Malaria,Infectious Disease,27,4.3,270
2840,Dr. Rahul Sharma,Osmanabad,Malaria,Infectious Disease,12,4.7,1420
2841,Dr. Pooja Shinde,Osmanabad,Dengue,Infectious Disease,16,4.6,912
2842,Dr. Vikas Shinde,Osmanabad,Dengue,Infectious Disease,20,4.5,320
2843,Dr. Sneha Gupta,Osmanabad,Dengue,Infectious Disease,32,3.7,1417
2844,Dr. Kiran Patil,Osmanabad,Dengue,Infectious Disease,2,3.9,957
2845,Dr. Rahul Deshmukh,Osmanabad,Dengue,Infectious Disease,3,4.9,1294
2846,Dr. Pooja Gupta,Osmanabad,Dengue,Infectious Disease,28,4.0,288
2847,Dr. Vikas Jadhav,Osmanabad,Dengue,Infectious Disease,19,4.4,418
2848,Dr. Vikas Gupta,Osmanabad,Dengue,Infectious Disease,20,4.4,1235
2849,Dr. Pooja Shinde,Osmanabad,Dengue,Infectious Disease,13,4.0,1283
2850,Dr. Priya Gupta,Osmanabad,Dengue,Infectious Disease,6,4.9,1437
2851,Dr. Sneha Kulkarni,Osmanabad,Typhoid,General Physician,15,4.2,585
2852,Dr. Amit Patil,Osmanabad,Typhoid,General Physician,22,4.9,1278
2853,Dr. Anil Shinde,Osmanabad,Typhoid,General Physician,33,4.9,1479
2854,Dr. Neha Sharma,Osmanabad,Typhoid,General Physician,31,4.9,901
2855,Dr. Neha Deshmukh,Osmanabad,Typhoid,General Physician,2,3.8,334
2856,Dr. Vikas Deshmukh,Osmanabad,Typhoid,General Physician,2,4.9,884
2857,Dr. Kiran Jadhav,Osmanabad,Typhoid,General Physician,22,4.4,596
2858,Dr. Amit Patil,Osmanabad,Typhoid,General Physician,10,4.6,490
2859,Dr. Sneha Jadhav,Osmanabad,Typhoid,General Physician,13,4.7,1489
2860,Dr. Priya Kulkarni,Osmanabad,Typhoid,General Physician,3,4.1,533
2861,Dr. Rohit Sharma,Osmanabad,Asthma,Pulmonologist,12,3.7,1265
2862,Dr. Rahul Kulkarni,Osmanabad,Asthma,Pulmonologist,11,4.5,420
2863,Dr. Kiran Joshi,Osmanabad,Asthma,Pulmonologist,6,3.8,1303
2864,Dr. Neha Deshmukh,Osmanabad,Asthma,Pulmonologist,17,4.1,550
2865,Dr. Pooja Joshi,Osmanabad,Asthma,Pulmonologist,9,3.7,357
2866,Dr. Amit Gupta,Osmanabad,Asthma,Pulmonologist,31,4.4,206
2867,Dr. Kiran Kulkarni,Osmanabad,Asthma,Pulmonologist,7,4.9,943
2868,Dr. Anil Deshmukh,Osmanabad,Asthma,Pulmonologist,3,4.4,699
2869,Dr. Pooja Kulkarni,Osmanabad,Asthma,Pulmonologist,18,3.8,896
2870,Dr. Kiran Kulkarni,Osmanabad,Asthma,Pulmonologist,24,4.9,982
2871,Dr. Sneha Shinde,Osmanabad,Diabetes,Endocrinologist,28,4.7,372
2872,Dr. Vikas Joshi,Osmanabad,Diabetes,Endocrinologist,25,4.3,751
2873,Dr. Pooja Gupta,Osmanabad,Diabetes,Endocrinologist,26,3.8,1122
2874,Dr. Kiran Gupta,Osmanabad,Diabetes,Endocrinologist,34,3.8,1376
2875,Dr. Rahul Gupta,Osmanabad,Diabetes,Endocrinologist,23,4.2,740
2876,Dr. Neha Deshmukh,Osmanabad,Diabetes,Endocrinologist,34,3.6,876
2877,Dr. Vikas Jadhav,Osmanabad,Diabetes,Endocrinologist,2,4.2,383
2878,Dr. Rohit Gupta,Osmanabad,Diabetes,Endocrinologist,9,4.8,890
2879,Dr. Amit Deshmukh,Osmanabad,Diabetes,Endocrinologist,19,4.5,222
2880,Dr. Priya Deshmukh,Osmanabad,Diabetes,Endocrinologist,30,3.9,1071
2881,Dr. Priya Joshi,Osmanabad,Migraine,Neurologist,8,4.4,1024
2882,Dr. Rohit Joshi,Osmanabad,Migraine,Neurologist,32,3.7,840
2883,Dr. Rahul Patil,Osmanabad,Migraine,Neurologist,32,4.0,417
2884,Dr. Priya Gupta,Osmanabad,Migraine,Neurologist,21,3.6,877
2885,Dr. Kiran Kulkarni,Osmanabad,Migraine,Neurologist,11,3.7,1249
2886,Dr. Kiran Deshmukh,Osmanabad,Migraine,Neurologist,5,4.5,886
2887,Dr. Amit Jadhav,Osmanabad,Migraine,Neurologist,24,3.9,799
2888,Dr. Pooja Patil,Osmanabad,Migraine,Neurologist,20,3.8,538
2889,Dr. Neha Kulkarni,Osmanabad,Migraine,Neurologist,15,3.5,1074
2890,Dr. Rahul Joshi,Osmanabad,Migraine,Neurologist,7,4.3,533
2891,Dr. Anil Kulkarni,Osmanabad,Food Poisoning,Gastroenterologist,18,4.8,1280
2892,Dr. Neha Gupta,Osmanabad,Food Poisoning,Gastroenterologist,8,3.7,531
2893,Dr. Sneha Joshi,Osmanabad,Food Poisoning,Gastroenterologist,11,3.8,1330
2894,Dr. Kiran Shinde,Osmanabad,Food Poisoning,Gastroenterologist,30,4.2,1267
2895,Dr. Neha Kulkarni,Osmanabad,Food Poisoning,Gastroenterologist,20,4.0,1379
2896,Dr. Kiran Gupta,Osmanabad,Food Poisoning,Gastroenterologist,34,4.7,1467
2897,Dr. Rahul Sharma,Osmanabad,Food Poisoning,Gastroenterologist,19,4.5,736
2898,Dr. Priya Shinde,Osmanabad,Food Poisoning,Gastroenterologist,27,4.2,713
2899,Dr. Sneha Deshmukh,Osmanabad,Food Poisoning,Gastroenterologist,27,3.8,855
2900,Dr. Priya Gupta,Osmanabad,Food Poisoning,Gastroenterologist,23,4.7,1421
2901,Dr. Amit Sharma,Osmanabad,Jaundice,Hepatologist,16,4.2,1086
2902,Dr. Sneha Deshmukh,Osmanabad,Jaundice,Hepatologist,27,4.0,802
2903,Dr. Vikas Joshi,Osmanabad,Jaundice,Hepatologist,14,4.1,247
2904,Dr. Rahul Deshmukh,Osmanabad,Jaundice,Hepatologist,12,4.2,754
2905,Dr. Rohit Deshmukh,Osmanabad,Jaundice,Hepatologist,21,4.8,318
2906,Dr. Pooja Deshmukh,Osmanabad,Jaundice,Hepatologist,18,4.9,1063
2907,Dr. Priya Shinde,Osmanabad,Jaundice,Hepatologist,22,4.2,468
2908,Dr. Priya Sharma,Osmanabad,Jaundice,Hepatologist,18,3.6,380
2909,Dr. Priya Patil,Osmanabad,Jaundice,Hepatologist,22,4.5,344
2910,Dr. Sneha Kulkarni,Osmanabad,Jaundice,Hepatologist,2,4.0,1183
2911,Dr. Anil Sharma,Osmanabad,Chickenpox,Dermatologist,18,4.9,259
2912,Dr. Rahul Sharma,Osmanabad,Chickenpox,Dermatologist,4,4.8,1431
2913,Dr. Anil Patil,Osmanabad,Chickenpox,Dermatologist,12,4.1,1077
2914,Dr. Sneha Kulkarni,Osmanabad,Chickenpox,Dermatologist,5,4.6,1356
2915,Dr. Sneha Jadhav,Osmanabad,Chickenpox,Dermatologist,23,4.6,843
2916,Dr. Vikas Sharma,Osmanabad,Chickenpox,Dermatologist,8,4.4,237
2917,Dr. Pooja Kulkarni,Osmanabad,Chickenpox,Dermatologist,6,5.0,649
2918,Dr. Kiran Gupta,Osmanabad,Chickenpox,Dermatologist,6,4.6,1249
2919,Dr. Sneha Shinde,Osmanabad,Chickenpox,Dermatologist,24,4.1,894
2920,Dr. Amit Sharma,Osmanabad,Chickenpox,Dermatologist,13,3.8,909
2921,Dr. Kiran Jadhav,Osmanabad,Measles,Pediatrician,33,4.4,655
2922,Dr. Vikas Jadhav,Osmanabad,Measles,Pediatrician,20,3.9,879
2923,Dr. Pooja Shinde,Osmanabad,Measles,Pediatrician,23,4.2,563
2924,Dr. Neha Shinde,Osmanabad,Measles,Pediatrician,1,4.6,867
2925,Dr. Priya Shinde,Osmanabad,Measles,Pediatrician,29,4.0,1294
2926,Dr. Vikas Deshmukh,Osmanabad,Measles,Pediatrician,4,4.7,1419
2927,Dr. Rahul Sharma,Osmanabad,Measles,Pediatrician,19,3.6,902
2928,Dr. Sneha Joshi,Osmanabad,Measles,Pediatrician,21,5.0,307
2929,Dr. Rahul Jadhav,Osmanabad,Measles,Pediatrician,18,4.3,329
2930,Dr. Vikas Gupta,Osmanabad,Measles,Pediatrician,30,4.4,684
2931,Dr. Rahul Joshi,Osmanabad,Arthritis,Orthopedic,27,4.7,706
2932,Dr. Kiran Jadhav,Osmanabad,Arthritis,Orthopedic,23,5.0,1168
2933,Dr. Pooja Joshi,Osmanabad,Arthritis,Orthopedic,20,3.5,516
2934,Dr. Neha Patil,Osmanabad,Arthritis,Orthopedic,23,3.6,1061
2935,Dr. Anil Kulkarni,Osmanabad,Arthritis,Orthopedic,29,4.1,492
2936,Dr. Anil Sharma,Osmanabad,Arthritis,Orthopedic,23,4.3,256
2937,Dr. Priya Patil,Osmanabad,Arthritis,Orthopedic,34,4.6,682
2938,Dr. Sneha Patil,Osmanabad,Arthritis,Orthopedic,25,4.1,1326
2939,Dr. Vikas Kulkarni,Osmanabad,Arthritis,Orthopedic,9,3.7,602
2940,Dr. Rahul Gupta,Osmanabad,Arthritis,Orthopedic,24,4.1,637
2941,Dr. Vikas Sharma,Gondia,Flu,General Physician,13,3.9,352
2942,Dr. Neha Deshmukh,Gondia,Flu,General Physician,27,3.8,1049
2943,Dr. Sneha Jadhav,Gondia,Flu,General Physician,22,3.9,1140
2944,Dr. Kiran Gupta,Gondia,Flu,General Physician,29,4.5,1062
2945,Dr. Rohit Kulkarni,Gondia,Flu,General Physician,20,4.9,334
2946,Dr. Amit Jadhav,Gondia,Flu,General Physician,30,3.7,1180
2947,Dr. Pooja Kulkarni,Gondia,Flu,General Physician,2,4.7,1091
2948,Dr. Amit Gupta,Gondia,Flu,General Physician,34,4.0,366
2949,Dr. Anil Kulkarni,Gondia,Flu,General Physician,2,3.8,1294
2950,Dr. Anil Shinde,Gondia,Flu,General Physician,27,4.1,1468
2951,Dr. Anil Deshmukh,Gondia,Cold,General Physician,1,4.3,681
2952,Dr. Rohit Gupta,Gondia,Cold,General Physician,2,4.1,813
2953,Dr. Sneha Kulkarni,Gondia,Cold,General Physician,30,3.6,484
2954,Dr. Rohit Kulkarni,Gondia,Cold,General Physician,30,3.9,1394
2955,Dr. Priya Jadhav,Gondia,Cold,General Physician,13,3.8,1036
2956,Dr. Priya Jadhav,Gondia,Cold,General Physician,14,4.1,814
2957,Dr. Kiran Jadhav,Gondia,Cold,General Physician,32,4.3,978
2958,Dr. Vikas Gupta,Gondia,Cold,General Physician,10,4.9,464
2959,Dr. Kiran Patil,Gondia,Cold,General Physician,31,3.7,275
2960,Dr. Rohit Deshmukh,Gondia,Cold,General Physician,33,4.0,792
2961,Dr. Amit Gupta,Gondia,COVID-19,Pulmonologist,33,3.8,1100
2962,Dr. Rahul Gupta,Gondia,COVID-19,Pulmonologist,13,4.6,791
2963,Dr. Amit Jadhav,Gondia,COVID-19,Pulmonologist,27,4.4,1116
2964,Dr. Rahul Gupta,Gondia,COVID-19,Pulmonologist,6,3.6,222
2965,Dr. Rahul Jadhav,Gondia,COVID-19,Pulmonologist,24,4.8,223
2966,Dr. Anil Jadhav,Gondia,COVID-19,Pulmonologist,11,3.5,1180
2967,Dr. Neha Jadhav,Gondia,COVID-19,Pulmonologist,8,4.4,937
2968,Dr. Amit Gupta,Gondia,COVID-19,Pulmonologist,10,3.8,817
2969,Dr. Vikas Gupta,Gondia,COVID-19,Pulmonologist,11,5.0,1193
2970,Dr. Rohit Kulkarni,Gondia,COVID-19,Pulmonologist,2,4.7,252
2971,Dr. Rahul Jadhav,Gondia,Malaria,Infectious Disease,22,4.2,1411
2972,Dr. Amit Shinde,Gondia,Malaria,Infectious Disease,14,4.0,1100
2973,Dr. Sneha Deshmukh,Gondia,Malaria,Infectious Disease,30,4.5,739
2974,Dr. Neha Shinde,Gondia,Malaria,Infectious Disease,20,3.7,310
2975,Dr. Kiran Jadhav,Gondia,Malaria,Infectious Disease,17,3.5,922
2976,Dr. Priya Jadhav,Gondia,Malaria,Infectious Disease,34,4.7,863
2977,Dr. Anil Gupta,Gondia,Malaria,Infectious Disease,8,4.9,852
2978,Dr. Rohit Sharma,Gondia,Malaria,Infectious Disease,2,3.9,670
2979,Dr. Neha Gupta,Gondia,Malaria,Infectious Disease,7,4.2,734
2980,Dr. Amit Joshi,Gondia,Malaria,Infectious Disease,2,4.9,233
2981,Dr. Rohit Shinde,Gondia,Dengue,Infectious Disease,21,3.8,1431
2982,Dr. Sneha Jadhav,Gondia,Dengue,Infectious Disease,13,4.7,1006
2983,Dr. Rahul Sharma,Gondia,Dengue,Infectious Disease,3,4.4,348
2984,Dr. Rohit Joshi,Gondia,Dengue,Infectious Disease,11,3.5,601
2985,Dr. Sneha Deshmukh,Gondia,Dengue,Infectious Disease,6,4.4,215
2986,Dr. Pooja Deshmukh,Gondia,Dengue,Infectious Disease,32,4.9,1021
2987,Dr. Vikas Kulkarni,Gondia,Dengue,Infectious Disease,19,4.0,1277
2988,Dr. Anil Jadhav,Gondia,Dengue,Infectious Disease,17,4.8,1451
2989,Dr. Kiran Sharma,Gondia,Dengue,Infectious Disease,32,3.7,484
2990,Dr. Rohit Joshi,Gondia,Dengue,Infectious Disease,21,4.2,947
2991,Dr. Amit Deshmukh,Gondia,Typhoid,General Physician,28,4.1,556
2992,Dr. Amit Deshmukh,Gondia,Typhoid,General Physician,18,4.0,1113
2993,Dr. Amit Jadhav,Gondia,Typhoid,General Physician,13,3.9,998
2994,Dr. Anil Shinde,Gondia,Typhoid,General Physician,1,4.8,228
2995,Dr. Kiran Jadhav,Gondia,Typhoid,General Physician,24,4.5,476
2996,Dr. Priya Deshmukh,Gondia,Typhoid,General Physician,14,3.6,877
2997,Dr. Vikas Shinde,Gondia,Typhoid,General Physician,34,3.6,629
2998,Dr. Amit Kulkarni,Gondia,Typhoid,General Physician,23,4.8,346
2999,Dr. Pooja Shinde,Gondia,Typhoid,General Physician,29,3.7,1494
3000,Dr. Kiran Gupta,Gondia,Typhoid,General Physician,11,3.6,1264
3001,Dr. Amit Patil,Gondia,Asthma,Pulmonologist,4,3.6,274
3002,Dr. Rahul Jadhav,Gondia,Asthma,Pulmonologist,17,4.3,782
3003,Dr. Priya Shinde,Gondia,Asthma,Pulmonologist,6,4.6,570
3004,Dr. Kiran Jadhav,Gondia,Asthma,Pulmonologist,18,4.0,702
3005,Dr. Rahul Shinde,Gondia,Asthma,Pulmonologist,15,4.5,255
3006,Dr. Sneha Jadhav,Gondia,Asthma,Pulmonologist,11,4.6,1105
3007,Dr. Kiran Jadhav,Gondia,Asthma,Pulmonologist,35,4.0,952
3008,Dr. Sneha Joshi,Gondia,Asthma,Pulmonologist,12,3.7,999
3009,Dr. Vikas Sharma,Gondia,Asthma,Pulmonologist,16,3.8,1166
3010,Dr. Sneha Shinde,Gondia,Asthma,Pulmonologist,4,4.0,516
3011,Dr. Amit Gupta,Gondia,Diabetes,Endocrinologist,2,3.8,1480
3012,Dr. Kiran Sharma,Gondia,Diabetes,Endocrinologist,6,4.9,1231
3013,Dr. Rahul Sharma,Gondia,Diabetes,Endocrinologist,12,4.7,376
3014,Dr. Anil Gupta,Gondia,Diabetes,Endocrinologist,28,3.5,286
3015,Dr. Rahul Sharma,Gondia,Diabetes,Endocrinologist,8,4.3,741
3016,Dr. Amit Gupta,Gondia,Diabetes,Endocrinologist,23,4.5,1494
3017,Dr. Rahul Shinde,Gondia,Diabetes,Endocrinologist,29,3.6,1019
3018,Dr. Vikas Kulkarni,Gondia,Diabetes,Endocrinologist,33,4.1,621
3019,Dr. Neha Kulkarni,Gondia,Diabetes,Endocrinologist,1,3.7,573
3020,Dr. Sneha Patil,Gondia,Diabetes,Endocrinologist,27,4.4,932
3021,Dr. Rohit Sharma,Gondia,Migraine,Neurologist,34,5.0,1406
3022,Dr. Priya Kulkarni,Gondia,Migraine,Neurologist,34,4.1,517
3023,Dr. Priya Gupta,Gondia,Migraine,Neurologist,12,4.5,1376
3024,Dr. Rohit Sharma,Gondia,Migraine,Neurologist,29,3.7,869
3025,Dr. Vikas Patil,Gondia,Migraine,Neurologist,19,4.8,556
3026,Dr. Neha Sharma,Gondia,Migraine,Neurologist,8,3.6,650
3027,Dr. Priya Jadhav,Gondia,Migraine,Neurologist,1,5.0,661
3028,Dr. Kiran Deshmukh,Gondia,Migraine,Neurologist,1,4.6,1056
3029,Dr. Vikas Gupta,Gondia,Migraine,Neurologist,11,4.7,776
3030,Dr. Pooja Shinde,Gondia,Migraine,Neurologist,34,3.8,759
3031,Dr. Priya Kulkarni,Gondia,Food Poisoning,Gastroenterologist,21,4.5,1291
3032,Dr. Amit Gupta,Gondia,Food Poisoning,Gastroenterologist,6,3.8,1455
3033,Dr. Amit Gupta,Gondia,Food Poisoning,Gastroenterologist,24,3.9,1188
3034,Dr. Pooja Joshi,Gondia,Food Poisoning,Gastroenterologist,17,4.6,486
3035,Dr. Anil Deshmukh,Gondia,Food Poisoning,Gastroenterologist,31,4.8,293
3036,Dr. Vikas Jadhav,Gondia,Food Poisoning,Gastroenterologist,34,4.9,1293
3037,Dr. Sneha Jadhav,Gondia,Food Poisoning,Gastroenterologist,21,4.2,1336
3038,Dr. Kiran Jadhav,Gondia,Food Poisoning,Gastroenterologist,34,4.9,1003
3039,Dr. Neha Joshi,Gondia,Food Poisoning,Gastroenterologist,35,4.6,292
3040,Dr. Sneha Patil,Gondia,Food Poisoning,Gastroenterologist,35,3.8,600
3041,Dr. Amit Deshmukh,Gondia,Jaundice,Hepatologist,31,4.7,1272
3042,Dr. Amit Deshmukh,Gondia,Jaundice,Hepatologist,27,4.1,855
3043,Dr. Vikas Gupta,Gondia,Jaundice,Hepatologist,34,3.9,818
3044,Dr. Rohit Kulkarni,Gondia,Jaundice,Hepatologist,8,4.4,423
3045,Dr. Anil Patil,Gondia,Jaundice,Hepatologist,1,3.9,1114
3046,Dr. Sneha Sharma,Gondia,Jaundice,Hepatologist,15,3.7,1132
3047,Dr. Priya Shinde,Gondia,Jaundice,Hepatologist,17,3.7,1280
3048,Dr. Neha Deshmukh,Gondia,Jaundice,Hepatologist,2,4.7,1150
3049,Dr. Rahul Shinde,Gondia,Jaundice,Hepatologist,15,4.9,253
3050,Dr. Rahul Gupta,Gondia,Jaundice,Hepatologist,10,4.2,822
3051,Dr. Rahul Sharma,Gondia,Chickenpox,Dermatologist,3,4.4,1057
3052,Dr. Anil Sharma,Gondia,Chickenpox,Dermatologist,27,3.7,726
3053,Dr. Anil Sharma,Gondia,Chickenpox,Dermatologist,5,4.4,323
3054,Dr. Vikas Patil,Gondia,Chickenpox,Dermatologist,11,4.9,1118
3055,Dr. Priya Patil,Gondia,Chickenpox,Dermatologist,31,4.5,811
3056,Dr. Priya Gupta,Gondia,Chickenpox,Dermatologist,29,4.9,1472
3057,Dr. Vikas Shinde,Gondia,Chickenpox,Dermatologist,16,4.0,216
3058,Dr. Pooja Deshmukh,Gondia,Chickenpox,Dermatologist,7,3.8,1105
3059,Dr. Amit Gupta,Gondia,Chickenpox,Dermatologist,9,4.8,1454
3060,Dr. Vikas Patil,Gondia,Chickenpox,Dermatologist,19,4.6,952
3061,Dr. Vikas Kulkarni,Gondia,Measles,Pediatrician,26,4.9,545
3062,Dr. Rahul Gupta,Gondia,Measles,Pediatrician,9,3.9,512
3063,Dr. Rahul Deshmukh,Gondia,Measles,Pediatrician,13,4.5,246
3064,Dr. Pooja Shinde,Gondia,Measles,Pediatrician,1,4.5,663
3065,Dr. Neha Deshmukh,Gondia,Measles,Pediatrician,25,4.2,401
3066,Dr. Pooja Kulkarni,Gondia,Measles,Pediatrician,30,4.2,1318
3067,Dr. Priya Shinde,Gondia,Measles,Pediatrician,5,3.6,387
3068,Dr. Neha Patil,Gondia,Measles,Pediatrician,24,3.8,618
3069,Dr. Kiran Jadhav,Gondia,Measles,Pediatrician,32,4.4,1449
3070,Dr. Kiran Sharma,Gondia,Measles,Pediatrician,5,4.7,685
3071,Dr. Rohit Patil,Gondia,Arthritis,Orthopedic,13,4.1,1428
3072,Dr. Rahul Sharma,Gondia,Arthritis,Orthopedic,4,3.6,868
3073,Dr. Kiran Kulkarni,Gondia,Arthritis,Orthopedic,4,3.9,1082
3074,Dr. Rohit Patil,Gondia,Arthritis,Orthopedic,22,4.2,588
3075,Dr. Amit Joshi,Gondia,Arthritis,Orthopedic,8,3.8,250
3076,Dr. Vikas Sharma,Gondia,Arthritis,Orthopedic,26,4.3,878
3077,Dr. Neha Shinde,Gondia,Arthritis,Orthopedic,30,3.5,463
3078,Dr. Rohit Patil,Gondia,Arthritis,Orthopedic,6,3.6,446
3079,Dr. Kiran Jadhav,Gondia,Arthritis,Orthopedic,8,3.8,243
3080,Dr. Rohit Sharma,Gondia,Arthritis,Orthopedic,22,3.9,272
3081,Dr. Rahul Kulkarni,Bhandara,Flu,General Physician,14,4.6,892
3082,Dr. Rohit Gupta,Bhandara,Flu,General Physician,33,3.8,1289
3083,Dr. Neha Gupta,Bhandara,Flu,General Physician,30,4.0,584
3084,Dr. Anil Jadhav,Bhandara,Flu,General Physician,32,4.8,864
3085,Dr. Priya Jadhav,Bhandara,Flu,General Physician,31,4.7,337
3086,Dr. Neha Sharma,Bhandara,Flu,General Physician,28,4.9,1407
3087,Dr. Kiran Jadhav,Bhandara,Flu,General Physician,17,4.7,784
3088,Dr. Sneha Jadhav,Bhandara,Flu,General Physician,18,4.8,1460
3089,Dr. Pooja Joshi,Bhandara,Flu,General Physician,11,4.4,755
3090,Dr. Anil Kulkarni,Bhandara,Flu,General Physician,16,3.8,1156
3091,Dr. Rahul Shinde,Bhandara,Cold,General Physician,21,4.0,549
3092,Dr. Neha Sharma,Bhandara,Cold,General Physician,11,3.6,1486
3093,Dr. Rahul Jadhav,Bhandara,Cold,General Physician,19,3.7,1367
3094,Dr. Rahul Deshmukh,Bhandara,Cold,General Physician,14,4.6,466
3095,Dr. Vikas Patil,Bhandara,Cold,General Physician,14,4.0,889
3096,Dr. Rahul Sharma,Bhandara,Cold,General Physician,7,3.5,1183
3097,Dr. Amit Shinde,Bhandara,Cold,General Physician,20,4.4,306
3098,Dr. Vikas Sharma,Bhandara,Cold,General Physician,31,4.4,737
3099,Dr. Anil Deshmukh,Bhandara,Cold,General Physician,30,3.8,547
3100,Dr. Anil Kulkarni,Bhandara,Cold,General Physician,11,3.5,998
3101,Dr. Sneha Joshi,Bhandara,COVID-19,Pulmonologist,18,4.7,380
3102,Dr. Sneha Patil,Bhandara,COVID-19,Pulmonologist,4,4.2,783
3103,Dr. Anil Shinde,Bhandara,COVID-19,Pulmonologist,2,3.7,1007
3104,Dr. Anil Sharma,Bhandara,COVID-19,Pulmonologist,7,3.8,1405
3105,Dr. Neha Kulkarni,Bhandara,COVID-19,Pulmonologist,17,4.7,1306
3106,Dr. Anil Gupta,Bhandara,COVID-19,Pulmonologist,3,3.5,1343
3107,Dr. Amit Patil,Bhandara,COVID-19,Pulmonologist,10,4.4,1300
3108,Dr. Anil Patil,Bhandara,COVID-19,Pulmonologist,7,3.8,600
3109,Dr. Pooja Deshmukh,Bhandara,COVID-19,Pulmonologist,35,4.4,617
3110,Dr. Kiran Deshmukh,Bhandara,COVID-19,Pulmonologist,8,4.3,553
3111,Dr. Anil Shinde,Bhandara,Malaria,Infectious Disease,34,4.5,527
3112,Dr. Kiran Kulkarni,Bhandara,Malaria,Infectious Disease,13,4.6,382
3113,Dr. Vikas Kulkarni,Bhandara,Malaria,Infectious Disease,13,3.6,1240
3114,Dr. Rahul Shinde,Bhandara,Malaria,Infectious Disease,19,4.6,441
3115,Dr. Priya Shinde,Bhandara,Malaria,Infectious Disease,23,4.5,1102
3116,Dr. Vikas Joshi,Bhandara,Malaria,Infectious Disease,17,4.3,1388
3117,Dr. Pooja Shinde,Bhandara,Malaria,Infectious Disease,6,3.9,303
3118,Dr. Sneha Sharma,Bhandara,Malaria,Infectious Disease,20,4.9,1228
3119,Dr. Rahul Joshi,Bhandara,Malaria,Infectious Disease,4,4.7,1043
3120,Dr. Amit Sharma,Bhandara,Malaria,Infectious Disease,6,3.8,842
3121,Dr. Priya Shinde,Bhandara,Dengue,Infectious Disease,12,4.3,274
3122,Dr. Neha Kulkarni,Bhandara,Dengue,Infectious Disease,29,4.1,506
3123,Dr. Amit Gupta,Bhandara,Dengue,Infectious Disease,7,5.0,1064
3124,Dr. Kiran Jadhav,Bhandara,Dengue,Infectious Disease,7,4.0,614
3125,Dr. Neha Gupta,Bhandara,Dengue,Infectious Disease,21,4.4,482
3126,Dr. Vikas Deshmukh,Bhandara,Dengue,Infectious Disease,19,4.9,1407
3127,Dr. Pooja Patil,Bhandara,Dengue,Infectious Disease,30,4.2,944
3128,Dr. Priya Sharma,Bhandara,Dengue,Infectious Disease,5,4.2,659
3129,Dr. Priya Gupta,Bhandara,Dengue,Infectious Disease,29,4.1,1219
3130,Dr. Neha Sharma,Bhandara,Dengue,Infectious Disease,10,4.9,596
3131,Dr. Pooja Shinde,Bhandara,Typhoid,General Physician,5,4.5,870
3132,Dr. Anil Deshmukh,Bhandara,Typhoid,General Physician,4,4.1,1158
3133,Dr. Neha Sharma,Bhandara,Typhoid,General Physician,29,4.0,533
3134,Dr. Sneha Shinde,Bhandara,Typhoid,General Physician,33,4.7,1425
3135,Dr. Anil Jadhav,Bhandara,Typhoid,General Physician,15,4.2,990
3136,Dr. Amit Jadhav,Bhandara,Typhoid,General Physician,15,4.7,1118
3137,Dr. Vikas Kulkarni,Bhandara,Typhoid,General Physician,15,3.6,1495
3138,Dr. Pooja Patil,Bhandara,Typhoid,General Physician,1,4.1,1176
3139,Dr. Priya Jadhav,Bhandara,Typhoid,General Physician,22,4.4,1009
3140,Dr. Rahul Kulkarni,Bhandara,Typhoid,General Physician,21,4.4,341
3141,Dr. Amit Gupta,Bhandara,Asthma,Pulmonologist,32,4.3,995
3142,Dr. Priya Jadhav,Bhandara,Asthma,Pulmonologist,24,3.7,394
3143,Dr. Priya Gupta,Bhandara,Asthma,Pulmonologist,14,4.3,724
3144,Dr. Sneha Shinde,Bhandara,Asthma,Pulmonologist,10,4.3,1009
3145,Dr. Vikas Sharma,Bhandara,Asthma,Pulmonologist,21,4.9,622
3146,Dr. Vikas Gupta,Bhandara,Asthma,Pulmonologist,10,4.2,549
3147,Dr. Rohit Shinde,Bhandara,Asthma,Pulmonologist,30,3.8,641
3148,Dr. Neha Kulkarni,Bhandara,Asthma,Pulmonologist,1,3.8,620
3149,Dr. Sneha Shinde,Bhandara,Asthma,Pulmonologist,17,4.2,271
3150,Dr. Sneha Deshmukh,Bhandara,Asthma,Pulmonologist,26,3.5,1378
3151,Dr. Anil Joshi,Bhandara,Diabetes,Endocrinologist,31,4.5,298
3152,Dr. Sneha Deshmukh,Bhandara,Diabetes,Endocrinologist,7,3.6,961
3153,Dr. Vikas Patil,Bhandara,Diabetes,Endocrinologist,33,4.4,297
3154,Dr. Rohit Sharma,Bhandara,Diabetes,Endocrinologist,31,4.3,1006
3155,Dr. Rahul Deshmukh,Bhandara,Diabetes,Endocrinologist,2,3.7,1055
3156,Dr. Kiran Joshi,Bhandara,Diabetes,Endocrinologist,29,4.0,841
3157,Dr. Neha Deshmukh,Bhandara,Diabetes,Endocrinologist,1,4.0,901
3158,Dr. Kiran Kulkarni,Bhandara,Diabetes,Endocrinologist,6,4.0,382
3159,Dr. Pooja Gupta,Bhandara,Diabetes,Endocrinologist,4,3.5,608
3160,Dr. Sneha Patil,Bhandara,Diabetes,Endocrinologist,10,4.6,1409
3161,Dr. Priya Deshmukh,Bhandara,Migraine,Neurologist,14,5.0,432
3162,Dr. Sneha Patil,Bhandara,Migraine,Neurologist,23,4.7,1253
3163,Dr. Kiran Sharma,Bhandara,Migraine,Neurologist,29,4.9,1348
3164,Dr. Neha Sharma,Bhandara,Migraine,Neurologist,30,4.5,1278
3165,Dr. Neha Jadhav,Bhandara,Migraine,Neurologist,6,4.1,1074
3166,Dr. Amit Patil,Bhandara,Migraine,Neurologist,20,4.7,993
3167,Dr. Amit Shinde,Bhandara,Migraine,Neurologist,31,4.6,1008
3168,Dr. Rahul Gupta,Bhandara,Migraine,Neurologist,17,5.0,1458
3169,Dr. Rahul Gupta,Bhandara,Migraine,Neurologist,3,3.9,1205
3170,Dr. Amit Patil,Bhandara,Migraine,Neurologist,30,4.1,674
3171,Dr. Vikas Jadhav,Bhandara,Food Poisoning,Gastroenterologist,19,4.7,1487
3172,Dr. Amit Sharma,Bhandara,Food Poisoning,Gastroenterologist,21,4.3,261
3173,Dr. Kiran Sharma,Bhandara,Food Poisoning,Gastroenterologist,1,4.4,710
3174,Dr. Rahul Sharma,Bhandara,Food Poisoning,Gastroenterologist,34,3.9,500
3175,Dr. Rohit Shinde,Bhandara,Food Poisoning,Gastroenterologist,10,4.5,1122
3176,Dr. Sneha Shinde,Bhandara,Food Poisoning,Gastroenterologist,18,4.5,908
3177,Dr. Sneha Deshmukh,Bhandara,Food Poisoning,Gastroenterologist,6,4.8,589
3178,Dr. Amit Kulkarni,Bhandara,Food Poisoning,Gastroenterologist,15,4.5,526
3179,Dr. Neha Shinde,Bhandara,Food Poisoning,Gastroenterologist,27,3.6,1212
3180,Dr. Vikas Jadhav,Bhandara,Food Poisoning,Gastroenterologist,1,4.5,794
3181,Dr. Neha Patil,Bhandara,Jaundice,Hepatologist,34,3.8,1226
3182,Dr. Priya Joshi,Bhandara,Jaundice,Hepatologist,35,4.0,835
3183,Dr. Priya Gupta,Bhandara,Jaundice,Hepatologist,6,4.6,1452
3184,Dr. Neha Jadhav,Bhandara,Jaundice,Hepatologist,29,3.8,1141
3185,Dr. Priya Patil,Bhandara,Jaundice,Hepatologist,1,3.7,1063
3186,Dr. Neha Gupta,Bhandara,Jaundice,Hepatologist,2,4.1,934
3187,Dr. Sneha Deshmukh,Bhandara,Jaundice,Hepatologist,3,3.8,1274
3188,Dr. Pooja Gupta,Bhandara,Jaundice,Hepatologist,12,4.6,1054
3189,Dr. Rohit Joshi,Bhandara,Jaundice,Hepatologist,21,4.7,1083
3190,Dr. Pooja Sharma,Bhandara,Jaundice,Hepatologist,7,4.8,1225
3191,Dr. Neha Jadhav,Bhandara,Chickenpox,Dermatologist,22,3.6,976
3192,Dr. Sneha Sharma,Bhandara,Chickenpox,Dermatologist,9,4.6,1389
3193,Dr. Anil Joshi,Bhandara,Chickenpox,Dermatologist,15,4.3,1083
3194,Dr. Anil Patil,Bhandara,Chickenpox,Dermatologist,23,3.5,1253
3195,Dr. Priya Deshmukh,Bhandara,Chickenpox,Dermatologist,13,4.2,1115
3196,Dr. Priya Gupta,Bhandara,Chickenpox,Dermatologist,18,4.6,1043
3197,Dr. Neha Sharma,Bhandara,Chickenpox,Dermatologist,35,4.6,1185
3198,Dr. Vikas Patil,Bhandara,Chickenpox,Dermatologist,18,4.3,360
3199,Dr. Anil Sharma,Bhandara,Chickenpox,Dermatologist,33,4.9,636
3200,Dr. Kiran Kulkarni,Bhandara,Chickenpox,Dermatologist,7,3.5,748
3201,Dr. Neha Kulkarni,Bhandara,Measles,Pediatrician,17,4.4,1093
3202,Dr. Rahul Kulkarni,Bhandara,Measles,Pediatrician,7,4.1,1264
3203,Dr. Sneha Shinde,Bhandara,Measles,Pediatrician,26,3.8,227
3204,Dr. Amit Patil,Bhandara,Measles,Pediatrician,19,4.4,833
3205,Dr. Rahul Deshmukh,Bhandara,Measles,Pediatrician,13,4.0,439
3206,Dr. Vikas Joshi,Bhandara,Measles,Pediatrician,8,3.9,745
3207,Dr. Rahul Kulkarni,Bhandara,Measles,Pediatrician,5,3.6,1110
3208,Dr. Neha Shinde,Bhandara,Measles,Pediatrician,15,3.9,965
3209,Dr. Sneha Shinde,Bhandara,Measles,Pediatrician,27,4.7,1447
3210,Dr. Rohit Kulkarni,Bhandara,Measles,Pediatrician,21,4.9,538
3211,Dr. Amit Gupta,Bhandara,Arthritis,Orthopedic,24,4.1,799
3212,Dr. Kiran Joshi,Bhandara,Arthritis,Orthopedic,26,4.5,1073
3213,Dr. Rahul Joshi,Bhandara,Arthritis,Orthopedic,22,4.8,1291
3214,Dr. Priya Patil,Bhandara,Arthritis,Orthopedic,23,3.9,961
3215,Dr. Rohit Sharma,Bhandara,Arthritis,Orthopedic,10,4.9,1482
3216,Dr. Rahul Shinde,Bhandara,Arthritis,Orthopedic,23,4.2,278
3217,Dr. Sneha Sharma,Bhandara,Arthritis,Orthopedic,12,4.5,397
3218,Dr. Anil Sharma,Bhandara,Arthritis,Orthopedic,19,4.5,1313
3219,Dr. Priya Kulkarni,Bhandara,Arthritis,Orthopedic,17,3.6,1236
3220,Dr. Anil Deshmukh,Bhandara,Arthritis,Orthopedic,19,4.5,865
3221,Dr. Priya Patil,Wardha,Flu,General Physician,7,3.7,506
3222,Dr. Amit Jadhav,Wardha,Flu,General Physician,19,5.0,470
3223,Dr. Rohit Joshi,Wardha,Flu,General Physician,29,4.3,626
3224,Dr. Neha Deshmukh,Wardha,Flu,General Physician,26,3.7,691
3225,Dr. Neha Gupta,Wardha,Flu,General Physician,26,4.4,1132
3226,Dr. Vikas Patil,Wardha,Flu,General Physician,31,3.7,1156
3227,Dr. Rohit Deshmukh,Wardha,Flu,General Physician,5,4.8,1452
3228,Dr. Pooja Jadhav,Wardha,Flu,General Physician,21,3.8,1300
3229,Dr. Rahul Jadhav,Wardha,Flu,General Physician,4,4.0,354
3230,Dr. Neha Gupta,Wardha,Flu,General Physician,15,3.8,718
3231,Dr. Priya Patil,Wardha,Cold,General Physician,27,4.2,1218
3232,Dr. Sneha Gupta,Wardha,Cold,General Physician,8,3.8,389
3233,Dr. Rahul Jadhav,Wardha,Cold,General Physician,25,4.1,510
3234,Dr. Rahul Patil,Wardha,Cold,General Physician,22,4.9,846
3235,Dr. Rohit Patil,Wardha,Cold,General Physician,16,4.2,1483
3236,Dr. Anil Deshmukh,Wardha,Cold,General Physician,10,5.0,266
3237,Dr. Kiran Patil,Wardha,Cold,General Physician,8,3.6,490
3238,Dr. Neha Deshmukh,Wardha,Cold,General Physician,24,4.9,899
3239,Dr. Sneha Joshi,Wardha,Cold,General Physician,9,4.7,1254
3240,Dr. Kiran Shinde,Wardha,Cold,General Physician,20,4.0,1207
3241,Dr. Anil Jadhav,Wardha,COVID-19,Pulmonologist,26,4.0,748
3242,Dr. Anil Gupta,Wardha,COVID-19,Pulmonologist,26,4.0,259
3243,Dr. Kiran Shinde,Wardha,COVID-19,Pulmonologist,24,4.0,459
3244,Dr. Pooja Joshi,Wardha,COVID-19,Pulmonologist,4,4.0,1351
3245,Dr. Sneha Gupta,Wardha,COVID-19,Pulmonologist,15,4.5,1042
3246,Dr. Vikas Joshi,Wardha,COVID-19,Pulmonologist,32,4.6,1355
3247,Dr. Rahul Patil,Wardha,COVID-19,Pulmonologist,18,4.1,917
3248,Dr. Vikas Joshi,Wardha,COVID-19,Pulmonologist,27,4.4,555
3249,Dr. Pooja Gupta,Wardha,COVID-19,Pulmonologist,29,4.0,1121
3250,Dr. Neha Kulkarni,Wardha,COVID-19,Pulmonologist,8,4.9,1355
3251,Dr. Sneha Gupta,Wardha,Malaria,Infectious Disease,18,3.7,1390
3252,Dr. Priya Sharma,Wardha,Malaria,Infectious Disease,6,4.1,900
3253,Dr. Rahul Jadhav,Wardha,Malaria,Infectious Disease,32,3.6,1309
3254,Dr. Pooja Shinde,Wardha,Malaria,Infectious Disease,22,3.7,262
3255,Dr. Vikas Kulkarni,Wardha,Malaria,Infectious Disease,30,4.1,300
3256,Dr. Sneha Sharma,Wardha,Malaria,Infectious Disease,11,3.9,1366
3257,Dr. Pooja Jadhav,Wardha,Malaria,Infectious Disease,6,4.6,1296
3258,Dr. Neha Patil,Wardha,Malaria,Infectious Disease,25,4.6,812
3259,Dr. Vikas Sharma,Wardha,Malaria,Infectious Disease,12,4.3,366
3260,Dr. Amit Sharma,Wardha,Malaria,Infectious Disease,16,3.6,723
3261,Dr. Neha Joshi,Wardha,Dengue,Infectious Disease,15,3.9,1165
3262,Dr. Rahul Joshi,Wardha,Dengue,Infectious Disease,11,5.0,267
3263,Dr. Pooja Patil,Wardha,Dengue,Infectious Disease,29,4.3,597
3264,Dr. Neha Joshi,Wardha,Dengue,Infectious Disease,19,4.6,740
3265,Dr. Anil Deshmukh,Wardha,Dengue,Infectious Disease,16,4.3,1357
3266,Dr. Sneha Jadhav,Wardha,Dengue,Infectious Disease,34,3.8,1130
3267,Dr. Rahul Kulkarni,Wardha,Dengue,Infectious Disease,13,4.8,757
3268,Dr. Kiran Gupta,Wardha,Dengue,Infectious Disease,35,4.2,1429
3269,Dr. Anil Patil,Wardha,Dengue,Infectious Disease,5,4.8,805
3270,Dr. Rahul Shinde,Wardha,Dengue,Infectious Disease,28,4.3,1393
3271,Dr. Anil Sharma,Wardha,Typhoid,General Physician,17,3.5,298
3272,Dr. Anil Sharma,Wardha,Typhoid,General Physician,20,4.5,449
3273,Dr. Rahul Gupta,Wardha,Typhoid,General Physician,15,4.6,1247
3274,Dr. Kiran Jadhav,Wardha,Typhoid,General Physician,26,3.8,1349
3275,Dr. Amit Kulkarni,Wardha,Typhoid,General Physician,6,4.2,1385
3276,Dr. Rahul Deshmukh,Wardha,Typhoid,General Physician,10,4.8,1273
3277,Dr. Rahul Shinde,Wardha,Typhoid,General Physician,27,4.0,414
3278,Dr. Neha Patil,Wardha,Typhoid,General Physician,13,3.9,911
3279,Dr. Anil Joshi,Wardha,Typhoid,General Physician,8,3.6,418
3280,Dr. Sneha Joshi,Wardha,Typhoid,General Physician,18,3.5,1361
3281,Dr. Kiran Shinde,Wardha,Asthma,Pulmonologist,26,4.5,1247
3282,Dr. Sneha Gupta,Wardha,Asthma,Pulmonologist,31,3.7,923
3283,Dr. Rahul Deshmukh,Wardha,Asthma,Pulmonologist,9,4.4,1346
3284,Dr. Sneha Deshmukh,Wardha,Asthma,Pulmonologist,1,3.9,701
3285,Dr. Priya Jadhav,Wardha,Asthma,Pulmonologist,33,4.9,400
3286,Dr. Priya Deshmukh,Wardha,Asthma,Pulmonologist,9,4.2,490
3287,Dr. Rahul Patil,Wardha,Asthma,Pulmonologist,11,4.9,410
3288,Dr. Rohit Kulkarni,Wardha,Asthma,Pulmonologist,15,3.9,388
3289,Dr. Rohit Gupta,Wardha,Asthma,Pulmonologist,24,3.8,1208
3290,Dr. Amit Kulkarni,Wardha,Asthma,Pulmonologist,29,4.1,1143
3291,Dr. Kiran Kulkarni,Wardha,Diabetes,Endocrinologist,34,4.5,776
3292,Dr. Sneha Joshi,Wardha,Diabetes,Endocrinologist,31,3.8,1434
3293,Dr. Pooja Jadhav,Wardha,Diabetes,Endocrinologist,9,4.3,1381
3294,Dr. Anil Kulkarni,Wardha,Diabetes,Endocrinologist,5,4.0,881
3295,Dr. Amit Shinde,Wardha,Diabetes,Endocrinologist,16,3.6,527
3296,Dr. Vikas Patil,Wardha,Diabetes,Endocrinologist,13,3.7,1256
3297,Dr. Sneha Sharma,Wardha,Diabetes,Endocrinologist,16,3.7,1226
3298,Dr. Sneha Sharma,Wardha,Diabetes,Endocrinologist,33,4.5,807
3299,Dr. Rahul Kulkarni,Wardha,Diabetes,Endocrinologist,3,4.1,1079
3300,Dr. Vikas Joshi,Wardha,Diabetes,Endocrinologist,11,4.4,969
3301,Dr. Anil Patil,Wardha,Migraine,Neurologist,4,4.6,1030
3302,Dr. Rahul Jadhav,Wardha,Migraine,Neurologist,10,4.3,276
3303,Dr. Vikas Shinde,Wardha,Migraine,Neurologist,3,4.1,1172
3304,Dr. Anil Shinde,Wardha,Migraine,Neurologist,6,4.5,1237
3305,Dr. Rahul Joshi,Wardha,Migraine,Neurologist,16,3.9,650
3306,Dr. Rahul Gupta,Wardha,Migraine,Neurologist,24,4.4,1053
3307,Dr. Sneha Kulkarni,Wardha,Migraine,Neurologist,16,4.8,1052
3308,Dr. Kiran Jadhav,Wardha,Migraine,Neurologist,24,4.9,923
3309,Dr. Vikas Deshmukh,Wardha,Migraine,Neurologist,31,4.1,801
3310,Dr. Priya Deshmukh,Wardha,Migraine,Neurologist,11,4.5,453
3311,Dr. Rohit Jadhav,Wardha,Food Poisoning,Gastroenterologist,34,4.3,369
3312,Dr. Sneha Joshi,Wardha,Food Poisoning,Gastroenterologist,12,4.4,693
3313,Dr. Priya Sharma,Wardha,Food Poisoning,Gastroenterologist,10,4.2,692
3314,Dr. Anil Jadhav,Wardha,Food Poisoning,Gastroenterologist,4,3.9,835
3315,Dr. Priya Gupta,Wardha,Food Poisoning,Gastroenterologist,14,4.6,1101
3316,Dr. Rohit Deshmukh,Wardha,Food Poisoning,Gastroenterologist,24,4.6,1285
3317,Dr. Neha Kulkarni,Wardha,Food Poisoning,Gastroenterologist,1,3.6,858
3318,Dr. Sneha Kulkarni,Wardha,Food Poisoning,Gastroenterologist,4,3.8,797
3319,Dr. Anil Shinde,Wardha,Food Poisoning,Gastroenterologist,24,4.6,580
3320,Dr. Anil Patil,Wardha,Food Poisoning,Gastroenterologist,20,4.8,902
3321,Dr. Kiran Shinde,Wardha,Jaundice,Hepatologist,30,4.0,539
3322,Dr. Rohit Patil,Wardha,Jaundice,Hepatologist,24,4.2,577
3323,Dr. Priya Joshi,Wardha,Jaundice,Hepatologist,20,4.6,214
3324,Dr. Anil Joshi,Wardha,Jaundice,Hepatologist,19,4.0,1175
3325,Dr. Priya Jadhav,Wardha,Jaundice,Hepatologist,14,4.0,900
3326,Dr. Neha Deshmukh,Wardha,Jaundice,Hepatologist,21,4.1,663
3327,Dr. Vikas Shinde,Wardha,Jaundice,Hepatologist,11,4.9,1456
3328,Dr. Kiran Sharma,Wardha,Jaundice,Hepatologist,25,4.2,1257
3329,Dr. Sneha Joshi,Wardha,Jaundice,Hepatologist,33,3.9,1327
3330,Dr. Sneha Jadhav,Wardha,Jaundice,Hepatologist,27,4.3,247
3331,Dr. Anil Jadhav,Wardha,Chickenpox,Dermatologist,18,4.3,299
3332,Dr. Neha Joshi,Wardha,Chickenpox,Dermatologist,1,4.0,1184
3333,Dr. Kiran Gupta,Wardha,Chickenpox,Dermatologist,9,3.7,730
3334,Dr. Rohit Gupta,Wardha,Chickenpox,Dermatologist,31,3.6,1486
3335,Dr. Priya Sharma,Wardha,Chickenpox,Dermatologist,17,4.8,382
3336,Dr. Pooja Kulkarni,Wardha,Chickenpox,Dermatologist,28,4.4,426
3337,Dr. Rahul Kulkarni,Wardha,Chickenpox,Dermatologist,22,3.6,956
3338,Dr. Priya Gupta,Wardha,Chickenpox,Dermatologist,20,3.9,575
3339,Dr. Vikas Kulkarni,Wardha,Chickenpox,Dermatologist,24,5.0,1144
3340,Dr. Sneha Kulkarni,Wardha,Chickenpox,Dermatologist,12,4.3,1196
3341,Dr. Anil Joshi,Wardha,Measles,Pediatrician,15,5.0,349
3342,Dr. Pooja Jadhav,Wardha,Measles,Pediatrician,25,4.4,1075
3343,Dr. Priya Jadhav,Wardha,Measles,Pediatrician,7,4.4,806
3344,Dr. Amit Patil,Wardha,Measles,Pediatrician,22,5.0,675
3345,Dr. Sneha Gupta,Wardha,Measles,Pediatrician,7,4.5,1128
3346,Dr. Rahul Sharma,Wardha,Measles,Pediatrician,35,4.2,1440
3347,Dr. Pooja Jadhav,Wardha,Measles,Pediatrician,26,3.6,746
3348,Dr. Sneha Kulkarni,Wardha,Measles,Pediatrician,13,4.1,933
3349,Dr. Priya Kulkarni,Wardha,Measles,Pediatrician,23,3.8,905
3350,Dr. Pooja Sharma,Wardha,Measles,Pediatrician,29,4.2,1294
3351,Dr. Priya Deshmukh,Wardha,Arthritis,Orthopedic,14,4.6,723
3352,Dr. Neha Shinde,Wardha,Arthritis,Orthopedic,25,4.6,1406
3353,Dr. Priya Kulkarni,Wardha,Arthritis,Orthopedic,27,4.1,821
3354,Dr. Kiran Shinde,Wardha,Arthritis,Orthopedic,8,4.9,1348
3355,Dr. Rohit Jadhav,Wardha,Arthritis,Orthopedic,31,4.5,408
3356,Dr. Vikas Gupta,Wardha,Arthritis,Orthopedic,20,5.0,1229
3357,Dr. Pooja Jadhav,Wardha,Arthritis,Orthopedic,30,3.8,806
3358,Dr. Rohit Jadhav,Wardha,Arthritis,Orthopedic,24,4.2,1053
3359,Dr. Kiran Joshi,Wardha,Arthritis,Orthopedic,33,4.7,1204
3360,Dr. Anil Shinde,Wardha,Arthritis,Orthopedic,28,4.4,648
3361,Dr. Anil Patil,Yavatmal,Flu,General Physician,25,4.0,559
3362,Dr. Amit Joshi,Yavatmal,Flu,General Physician,5,4.9,1406
3363,Dr. Rahul Kulkarni,Yavatmal,Flu,General Physician,32,4.8,671
3364,Dr. Amit Gupta,Yavatmal,Flu,General Physician,24,4.3,700
3365,Dr. Sneha Shinde,Yavatmal,Flu,General Physician,22,4.8,422
3366,Dr. Priya Joshi,Yavatmal,Flu,General Physician,2,4.9,522
3367,Dr. Pooja Jadhav,Yavatmal,Flu,General Physician,33,3.7,1381
3368,Dr. Kiran Joshi,Yavatmal,Flu,General Physician,5,4.0,636
3369,Dr. Pooja Joshi,Yavatmal,Flu,General Physician,9,4.5,489
3370,Dr. Rahul Jadhav,Yavatmal,Flu,General Physician,9,4.6,653
3371,Dr. Sneha Kulkarni,Yavatmal,Cold,General Physician,9,4.9,540
3372,Dr. Amit Jadhav,Yavatmal,Cold,General Physician,2,4.2,961
3373,Dr. Neha Jadhav,Yavatmal,Cold,General Physician,14,4.4,803
3374,Dr. Priya Joshi,Yavatmal,Cold,General Physician,21,5.0,1499
3375,Dr. Rahul Gupta,Yavatmal,Cold,General Physician,21,3.9,1387
3376,Dr. Priya Shinde,Yavatmal,Cold,General Physician,7,4.4,545
3377,Dr. Amit Shinde,Yavatmal,Cold,General Physician,6,3.9,321
3378,Dr. Priya Joshi,Yavatmal,Cold,General Physician,15,3.9,1202
3379,Dr. Rohit Patil,Yavatmal,Cold,General Physician,32,5.0,285
3380,Dr. Vikas Jadhav,Yavatmal,Cold,General Physician,30,4.7,295
3381,Dr. Priya Deshmukh,Yavatmal,COVID-19,Pulmonologist,15,3.5,1205
3382,Dr. Rahul Shinde,Yavatmal,COVID-19,Pulmonologist,30,4.1,309
3383,Dr. Amit Patil,Yavatmal,COVID-19,Pulmonologist,17,4.1,930
3384,Dr. Priya Joshi,Yavatmal,COVID-19,Pulmonologist,32,4.1,1432
3385,Dr. Kiran Jadhav,Yavatmal,COVID-19,Pulmonologist,2,3.6,918
3386,Dr. Priya Kulkarni,Yavatmal,COVID-19,Pulmonologist,8,4.6,1356
3387,Dr. Kiran Gupta,Yavatmal,COVID-19,Pulmonologist,26,4.4,631
3388,Dr. Vikas Joshi,Yavatmal,COVID-19,Pulmonologist,1,3.7,838
3389,Dr. Neha Jadhav,Yavatmal,COVID-19,Pulmonologist,5,4.8,547
3390,Dr. Vikas Joshi,Yavatmal,COVID-19,Pulmonologist,21,3.8,868
3391,Dr. Amit Shinde,Yavatmal,Malaria,Infectious Disease,6,4.8,701
3392,Dr. Vikas Sharma,Yavatmal,Malaria,Infectious Disease,11,3.6,1273
3393,Dr. Pooja Deshmukh,Yavatmal,Malaria,Infectious Disease,27,4.4,526
3394,Dr. Neha Deshmukh,Yavatmal,Malaria,Infectious Disease,30,4.7,1179
3395,Dr. Rohit Gupta,Yavatmal,Malaria,Infectious Disease,35,3.9,1013
3396,Dr. Sneha Gupta,Yavatmal,Malaria,Infectious Disease,12,4.1,278
3397,Dr. Anil Sharma,Yavatmal,Malaria,Infectious Disease,31,4.4,1151
3398,Dr. Kiran Kulkarni,Yavatmal,Malaria,Infectious Disease,9,3.8,955
3399,Dr. Kiran Patil,Yavatmal,Malaria,Infectious Disease,12,4.9,719
3400,Dr. Anil Kulkarni,Yavatmal,Malaria,Infectious Disease,5,4.3,1116
3401,Dr. Kiran Sharma,Yavatmal,Dengue,Infectious Disease,32,4.9,382
3402,Dr. Sneha Patil,Yavatmal,Dengue,Infectious Disease,1,4.9,421
3403,Dr. Amit Deshmukh,Yavatmal,Dengue,Infectious Disease,31,4.6,899
3404,Dr. Sneha Deshmukh,Yavatmal,Dengue,Infectious Disease,2,4.0,1371
3405,Dr. Sneha Kulkarni,Yavatmal,Dengue,Infectious Disease,22,3.8,1404
3406,Dr. Pooja Jadhav,Yavatmal,Dengue,Infectious Disease,33,4.9,996
3407,Dr. Anil Jadhav,Yavatmal,Dengue,Infectious Disease,9,3.7,700
3408,Dr. Neha Kulkarni,Yavatmal,Dengue,Infectious Disease,28,4.1,712
3409,Dr. Rohit Jadhav,Yavatmal,Dengue,Infectious Disease,10,3.7,646
3410,Dr. Vikas Sharma,Yavatmal,Dengue,Infectious Disease,24,4.3,345
3411,Dr. Rahul Joshi,Yavatmal,Typhoid,General Physician,16,4.4,1367
3412,Dr. Anil Deshmukh,Yavatmal,Typhoid,General Physician,23,4.9,1045
3413,Dr. Priya Sharma,Yavatmal,Typhoid,General Physician,16,4.4,1071
3414,Dr. Kiran Joshi,Yavatmal,Typhoid,General Physician,2,3.8,597
3415,Dr. Kiran Jadhav,Yavatmal,Typhoid,General Physician,3,3.6,1215
3416,Dr. Amit Gupta,Yavatmal,Typhoid,General Physician,25,4.5,880
3417,Dr. Pooja Sharma,Yavatmal,Typhoid,General Physician,12,3.7,734
3418,Dr. Sneha Deshmukh,Yavatmal,Typhoid,General Physician,24,4.6,394
3419,Dr. Rohit Gupta,Yavatmal,Typhoid,General Physician,20,4.8,289
3420,Dr. Anil Patil,Yavatmal,Typhoid,General Physician,4,4.8,989
3421,Dr. Anil Joshi,Yavatmal,Asthma,Pulmonologist,14,4.0,908
3422,Dr. Vikas Shinde,Yavatmal,Asthma,Pulmonologist,10,4.5,675
3423,Dr. Neha Gupta,Yavatmal,Asthma,Pulmonologist,18,3.6,415
3424,Dr. Priya Kulkarni,Yavatmal,Asthma,Pulmonologist,2,4.3,1497
3425,Dr. Rohit Shinde,Yavatmal,Asthma,Pulmonologist,23,4.2,1052
3426,Dr. Amit Patil,Yavatmal,Asthma,Pulmonologist,24,4.8,955
3427,Dr. Kiran Sharma,Yavatmal,Asthma,Pulmonologist,18,4.5,340
3428,Dr. Neha Gupta,Yavatmal,Asthma,Pulmonologist,24,4.3,1058
3429,Dr. Anil Patil,Yavatmal,Asthma,Pulmonologist,32,4.3,1067
3430,Dr. Kiran Gupta,Yavatmal,Asthma,Pulmonologist,26,3.7,1372
3431,Dr. Anil Sharma,Yavatmal,Diabetes,Endocrinologist,10,3.8,600
3432,Dr. Amit Shinde,Yavatmal,Diabetes,Endocrinologist,33,3.5,761
3433,Dr. Neha Patil,Yavatmal,Diabetes,Endocrinologist,21,4.8,455
3434,Dr. Rohit Deshmukh,Yavatmal,Diabetes,Endocrinologist,19,4.2,1195
3435,Dr. Kiran Deshmukh,Yavatmal,Diabetes,Endocrinologist,26,3.9,534
3436,Dr. Kiran Kulkarni,Yavatmal,Diabetes,Endocrinologist,32,3.9,985
3437,Dr. Vikas Gupta,Yavatmal,Diabetes,Endocrinologist,14,4.5,286
3438,Dr. Kiran Kulkarni,Yavatmal,Diabetes,Endocrinologist,2,4.4,961
3439,Dr. Pooja Jadhav,Yavatmal,Diabetes,Endocrinologist,32,3.7,580
3440,Dr. Pooja Shinde,Yavatmal,Diabetes,Endocrinologist,35,4.1,941
3441,Dr. Pooja Patil,Yavatmal,Migraine,Neurologist,12,3.8,1369
3442,Dr. Priya Shinde,Yavatmal,Migraine,Neurologist,32,3.6,1364
3443,Dr. Amit Jadhav,Yavatmal,Migraine,Neurologist,15,4.0,870
3444,Dr. Neha Kulkarni,Yavatmal,Migraine,Neurologist,9,4.3,1204
3445,Dr. Sneha Gupta,Yavatmal,Migraine,Neurologist,32,4.7,1362
3446,Dr. Vikas Shinde,Yavatmal,Migraine,Neurologist,9,4.9,807
3447,Dr. Kiran Joshi,Yavatmal,Migraine,Neurologist,32,4.7,1288
3448,Dr. Rahul Deshmukh,Yavatmal,Migraine,Neurologist,25,4.6,998
3449,Dr. Priya Gupta,Yavatmal,Migraine,Neurologist,13,3.8,1394
3450,Dr. Neha Sharma,Yavatmal,Migraine,Neurologist,13,4.2,208
3451,Dr. Neha Shinde,Yavatmal,Food Poisoning,Gastroenterologist,11,4.5,487
3452,Dr. Sneha Patil,Yavatmal,Food Poisoning,Gastroenterologist,32,4.4,364
3453,Dr. Sneha Joshi,Yavatmal,Food Poisoning,Gastroenterologist,4,4.2,230
3454,Dr. Rahul Deshmukh,Yavatmal,Food Poisoning,Gastroenterologist,9,4.0,1351
3455,Dr. Sneha Jadhav,Yavatmal,Food Poisoning,Gastroenterologist,34,4.4,1281
3456,Dr. Sneha Deshmukh,Yavatmal,Food Poisoning,Gastroenterologist,33,4.1,214
3457,Dr. Vikas Jadhav,Yavatmal,Food Poisoning,Gastroenterologist,14,3.7,623
3458,Dr. Pooja Patil,Yavatmal,Food Poisoning,Gastroenterologist,8,3.9,419
3459,Dr. Priya Kulkarni,Yavatmal,Food Poisoning,Gastroenterologist,10,4.8,948
3460,Dr. Amit Shinde,Yavatmal,Food Poisoning,Gastroenterologist,14,4.5,863
3461,Dr. Priya Deshmukh,Yavatmal,Jaundice,Hepatologist,23,4.8,207
3462,Dr. Amit Patil,Yavatmal,Jaundice,Hepatologist,8,3.8,275
3463,Dr. Priya Kulkarni,Yavatmal,Jaundice,Hepatologist,1,3.9,1055
3464,Dr. Sneha Sharma,Yavatmal,Jaundice,Hepatologist,17,4.8,501
3465,Dr. Vikas Deshmukh,Yavatmal,Jaundice,Hepatologist,6,3.6,344
3466,Dr. Anil Deshmukh,Yavatmal,Jaundice,Hepatologist,18,4.5,850
3467,Dr. Anil Patil,Yavatmal,Jaundice,Hepatologist,10,3.5,1226
3468,Dr. Rahul Patil,Yavatmal,Jaundice,Hepatologist,26,4.7,280
3469,Dr. Rohit Shinde,Yavatmal,Jaundice,Hepatologist,31,4.5,1165
3470,Dr. Neha Gupta,Yavatmal,Jaundice,Hepatologist,5,4.0,398
3471,Dr. Rahul Patil,Yavatmal,Chickenpox,Dermatologist,3,3.8,516
3472,Dr. Anil Deshmukh,Yavatmal,Chickenpox,Dermatologist,29,4.3,518
3473,Dr. Kiran Kulkarni,Yavatmal,Chickenpox,Dermatologist,9,4.3,1478
3474,Dr. Rohit Gupta,Yavatmal,Chickenpox,Dermatologist,32,4.3,782
3475,Dr. Anil Shinde,Yavatmal,Chickenpox,Dermatologist,23,3.6,1242
3476,Dr. Kiran Deshmukh,Yavatmal,Chickenpox,Dermatologist,5,3.8,607
3477,Dr. Rahul Sharma,Yavatmal,Chickenpox,Dermatologist,23,4.5,446
3478,Dr. Amit Shinde,Yavatmal,Chickenpox,Dermatologist,14,4.2,952
3479,Dr. Anil Deshmukh,Yavatmal,Chickenpox,Dermatologist,21,3.5,1198
3480,Dr. Anil Patil,Yavatmal,Chickenpox,Dermatologist,14,3.8,589
3481,Dr. Rohit Deshmukh,Yavatmal,Measles,Pediatrician,23,4.3,440
3482,Dr. Pooja Joshi,Yavatmal,Measles,Pediatrician,32,3.7,815
3483,Dr. Amit Joshi,Yavatmal,Measles,Pediatrician,31,4.1,263
3484,Dr. Pooja Shinde,Yavatmal,Measles,Pediatrician,15,3.6,929
3485,Dr. Vikas Kulkarni,Yavatmal,Measles,Pediatrician,26,4.0,1253
3486,Dr. Amit Sharma,Yavatmal,Measles,Pediatrician,23,4.8,516
3487,Dr. Pooja Patil,Yavatmal,Measles,Pediatrician,8,4.4,894
3488,Dr. Priya Patil,Yavatmal,Measles,Pediatrician,23,5.0,1109
3489,Dr. Kiran Deshmukh,Yavatmal,Measles,Pediatrician,22,3.5,1219
3490,Dr. Pooja Sharma,Yavatmal,Measles,Pediatrician,23,3.5,1147
3491,Dr. Pooja Shinde,Yavatmal,Arthritis,Orthopedic,16,3.6,653
3492,Dr. Amit Jadhav,Yavatmal,Arthritis,Orthopedic,2,4.2,1135
3493,Dr. Sneha Jadhav,Yavatmal,Arthritis,Orthopedic,10,4.3,314
3494,Dr. Rahul Kulkarni,Yavatmal,Arthritis,Orthopedic,2,3.7,1044
3495,Dr. Neha Jadhav,Yavatmal,Arthritis,Orthopedic,23,4.4,208
3496,Dr. Rahul Kulkarni,Yavatmal,Arthritis,Orthopedic,18,3.5,1439
3497,Dr. Kiran Patil,Yavatmal,Arthritis,Orthopedic,2,4.0,418
3498,Dr. Sneha Jadhav,Yavatmal,Arthritis,Orthopedic,5,4.2,257
3499,Dr. Rahul Sharma,Yavatmal,Arthritis,Orthopedic,16,4.5,423
3500,Dr. Vikas Sharma,Yavatmal,Arthritis,Orthopedic,4,3.6,1012
3501,Dr. Neha Deshmukh,Hingoli,Flu,General Physician,10,4.5,1001
3502,Dr. Rahul Gupta,Hingoli,Flu,General Physician,29,3.9,1467
3503,Dr. Sneha Patil,Hingoli,Flu,General Physician,33,4.2,623
3504,Dr. Kiran Jadhav,Hingoli,Flu,General Physician,28,3.9,1365
3505,Dr. Neha Deshmukh,Hingoli,Flu,General Physician,32,4.1,1450
3506,Dr. Priya Shinde,Hingoli,Flu,General Physician,3,4.6,1345
3507,Dr. Vikas Kulkarni,Hingoli,Flu,General Physician,35,4.3,998
3508,Dr. Priya Deshmukh,Hingoli,Flu,General Physician,14,4.5,1225
3509,Dr. Kiran Jadhav,Hingoli,Flu,General Physician,15,3.7,342
3510,Dr. Sneha Patil,Hingoli,Flu,General Physician,7,3.7,683
3511,Dr. Rahul Shinde,Hingoli,Cold,General Physician,14,4.7,564
3512,Dr. Anil Sharma,Hingoli,Cold,General Physician,34,3.8,1222
3513,Dr. Pooja Patil,Hingoli,Cold,General Physician,21,4.4,706
3514,Dr. Pooja Jadhav,Hingoli,Cold,General Physician,20,4.9,285
3515,Dr. Priya Jadhav,Hingoli,Cold,General Physician,11,4.0,573
3516,Dr. Rahul Patil,Hingoli,Cold,General Physician,20,4.8,1169
3517,Dr. Amit Deshmukh,Hingoli,Cold,General Physician,23,3.6,1277
3518,Dr. Kiran Joshi,Hingoli,Cold,General Physician,16,3.9,1032
3519,Dr. Amit Kulkarni,Hingoli,Cold,General Physician,6,4.7,1291
3520,Dr. Rahul Jadhav,Hingoli,Cold,General Physician,15,3.7,989
3521,Dr. Vikas Deshmukh,Hingoli,COVID-19,Pulmonologist,17,3.5,630
3522,Dr. Pooja Patil,Hingoli,COVID-19,Pulmonologist,21,4.6,1051
3523,Dr. Vikas Gupta,Hingoli,COVID-19,Pulmonologist,16,4.7,864
3524,Dr. Vikas Sharma,Hingoli,COVID-19,Pulmonologist,4,3.9,977
3525,Dr. Sneha Patil,Hingoli,COVID-19,Pulmonologist,5,3.8,384
3526,Dr. Kiran Gupta,Hingoli,COVID-19,Pulmonologist,27,3.7,1145
3527,Dr. Neha Shinde,Hingoli,COVID-19,Pulmonologist,6,4.4,617
3528,Dr. Neha Deshmukh,Hingoli,COVID-19,Pulmonologist,11,4.0,1124
3529,Dr. Rahul Gupta,Hingoli,COVID-19,Pulmonologist,14,4.7,490
3530,Dr. Pooja Jadhav,Hingoli,COVID-19,Pulmonologist,27,4.1,477
3531,Dr. Neha Deshmukh,Hingoli,Malaria,Infectious Disease,29,5.0,1160
3532,Dr. Amit Joshi,Hingoli,Malaria,Infectious Disease,18,3.8,805
3533,Dr. Amit Patil,Hingoli,Malaria,Infectious Disease,11,4.3,1017
3534,Dr. Vikas Jadhav,Hingoli,Malaria,Infectious Disease,33,3.5,1468
3535,Dr. Rohit Deshmukh,Hingoli,Malaria,Infectious Disease,27,4.9,649
3536,Dr. Anil Shinde,Hingoli,Malaria,Infectious Disease,4,4.0,1232
3537,Dr. Amit Shinde,Hingoli,Malaria,Infectious Disease,10,3.7,1304
3538,Dr. Priya Sharma,Hingoli,Malaria,Infectious Disease,34,5.0,707
3539,Dr. Neha Joshi,Hingoli,Malaria,Infectious Disease,27,4.0,1303
3540,Dr. Rahul Sharma,Hingoli,Malaria,Infectious Disease,29,4.8,798
3541,Dr. Amit Deshmukh,Hingoli,Dengue,Infectious Disease,14,4.3,283
3542,Dr. Kiran Jadhav,Hingoli,Dengue,Infectious Disease,26,3.9,1433
3543,Dr. Priya Shinde,Hingoli,Dengue,Infectious Disease,22,4.1,244
3544,Dr. Priya Sharma,Hingoli,Dengue,Infectious Disease,24,4.2,365
3545,Dr. Vikas Patil,Hingoli,Dengue,Infectious Disease,16,4.3,597
3546,Dr. Neha Sharma,Hingoli,Dengue,Infectious Disease,34,4.7,895
3547,Dr. Anil Shinde,Hingoli,Dengue,Infectious Disease,33,4.0,971
3548,Dr. Anil Patil,Hingoli,Dengue,Infectious Disease,23,4.3,1312
3549,Dr. Rohit Kulkarni,Hingoli,Dengue,Infectious Disease,11,3.9,655
3550,Dr. Rahul Shinde,Hingoli,Dengue,Infectious Disease,2,4.4,581
3551,Dr. Neha Sharma,Hingoli,Typhoid,General Physician,9,4.6,762
3552,Dr. Priya Jadhav,Hingoli,Typhoid,General Physician,32,4.3,1024
3553,Dr. Anil Patil,Hingoli,Typhoid,General Physician,7,4.1,962
3554,Dr. Amit Sharma,Hingoli,Typhoid,General Physician,20,3.9,719
3555,Dr. Rahul Kulkarni,Hingoli,Typhoid,General Physician,23,4.0,937
3556,Dr. Pooja Deshmukh,Hingoli,Typhoid,General Physician,33,4.4,792
3557,Dr. Anil Jadhav,Hingoli,Typhoid,General Physician,3,3.6,1476
3558,Dr. Neha Kulkarni,Hingoli,Typhoid,General Physician,33,4.9,736
3559,Dr. Anil Deshmukh,Hingoli,Typhoid,General Physician,23,4.0,1196
3560,Dr. Neha Deshmukh,Hingoli,Typhoid,General Physician,22,4.6,275
3561,Dr. Amit Jadhav,Hingoli,Asthma,Pulmonologist,6,3.6,1465
3562,Dr. Vikas Shinde,Hingoli,Asthma,Pulmonologist,16,3.8,1154
3563,Dr. Priya Jadhav,Hingoli,Asthma,Pulmonologist,28,4.7,941
3564,Dr. Pooja Sharma,Hingoli,Asthma,Pulmonologist,11,4.4,369
3565,Dr. Sneha Joshi,Hingoli,Asthma,Pulmonologist,14,4.4,933
3566,Dr. Rahul Sharma,Hingoli,Asthma,Pulmonologist,21,4.9,1039
3567,Dr. Amit Deshmukh,Hingoli,Asthma,Pulmonologist,13,3.8,834
3568,Dr. Kiran Shinde,Hingoli,Asthma,Pulmonologist,1,3.8,587
3569,Dr. Sneha Deshmukh,Hingoli,Asthma,Pulmonologist,26,4.8,335
3570,Dr. Sneha Joshi,Hingoli,Asthma,Pulmonologist,22,4.8,1140
3571,Dr. Rohit Deshmukh,Hingoli,Diabetes,Endocrinologist,31,3.9,1476
3572,Dr. Pooja Shinde,Hingoli,Diabetes,Endocrinologist,14,5.0,1477
3573,Dr. Kiran Joshi,Hingoli,Diabetes,Endocrinologist,6,4.8,690
3574,Dr. Neha Deshmukh,Hingoli,Diabetes,Endocrinologist,26,3.6,258
3575,Dr. Amit Joshi,Hingoli,Diabetes,Endocrinologist,35,5.0,1224
3576,Dr. Rohit Joshi,Hingoli,Diabetes,Endocrinologist,34,4.1,1330
3577,Dr. Pooja Joshi,Hingoli,Diabetes,Endocrinologist,1,3.5,682
3578,Dr. Kiran Jadhav,Hingoli,Diabetes,Endocrinologist,18,4.0,863
3579,Dr. Rahul Patil,Hingoli,Diabetes,Endocrinologist,2,4.1,1108
3580,Dr. Priya Jadhav,Hingoli,Diabetes,Endocrinologist,1,3.7,1426
3581,Dr. Priya Sharma,Hingoli,Migraine,Neurologist,2,4.1,981
3582,Dr. Priya Jadhav,Hingoli,Migraine,Neurologist,23,4.3,452
3583,Dr. Rohit Joshi,Hingoli,Migraine,Neurologist,5,4.3,1422
3584,Dr. Sneha Patil,Hingoli,Migraine,Neurologist,9,5.0,849
3585,Dr. Amit Deshmukh,Hingoli,Migraine,Neurologist,12,4.3,1360
3586,Dr. Rahul Patil,Hingoli,Migraine,Neurologist,29,4.4,928
3587,Dr. Pooja Patil,Hingoli,Migraine,Neurologist,17,4.4,1246
3588,Dr. Sneha Kulkarni,Hingoli,Migraine,Neurologist,32,3.9,1087
3589,Dr. Rohit Shinde,Hingoli,Migraine,Neurologist,7,4.9,759
3590,Dr. Neha Jadhav,Hingoli,Migraine,Neurologist,35,3.8,481
3591,Dr. Vikas Kulkarni,Hingoli,Food Poisoning,Gastroenterologist,34,4.2,966
3592,Dr. Amit Deshmukh,Hingoli,Food Poisoning,Gastroenterologist,31,4.7,1377
3593,Dr. Priya Deshmukh,Hingoli,Food Poisoning,Gastroenterologist,13,4.9,394
3594,Dr. Vikas Sharma,Hingoli,Food Poisoning,Gastroenterologist,9,4.0,1146
3595,Dr. Pooja Joshi,Hingoli,Food Poisoning,Gastroenterologist,23,5.0,778
3596,Dr. Kiran Kulkarni,Hingoli,Food Poisoning,Gastroenterologist,2,3.7,864
3597,Dr. Kiran Shinde,Hingoli,Food Poisoning,Gastroenterologist,11,4.7,1312
3598,Dr. Vikas Gupta,Hingoli,Food Poisoning,Gastroenterologist,16,5.0,1010
3599,Dr. Sneha Shinde,Hingoli,Food Poisoning,Gastroenterologist,24,4.2,1172
3600,Dr. Rahul Shinde,Hingoli,Food Poisoning,Gastroenterologist,15,4.0,1449
3601,Dr. Sneha Sharma,Hingoli,Jaundice,Hepatologist,27,4.8,924
3602,Dr. Sneha Patil,Hingoli,Jaundice,Hepatologist,13,4.1,967
3603,Dr. Vikas Gupta,Hingoli,Jaundice,Hepatologist,20,4.8,1233
3604,Dr. Neha Kulkarni,Hingoli,Jaundice,Hepatologist,18,3.9,1287
3605,Dr. Anil Shinde,Hingoli,Jaundice,Hepatologist,27,3.7,1327
3606,Dr. Rohit Gupta,Hingoli,Jaundice,Hepatologist,14,3.9,834
3607,Dr. Neha Jadhav,Hingoli,Jaundice,Hepatologist,14,3.9,1276
3608,Dr. Anil Gupta,Hingoli,Jaundice,Hepatologist,29,3.8,479
3609,Dr. Pooja Sharma,Hingoli,Jaundice,Hepatologist,6,3.5,1031
3610,Dr. Rahul Kulkarni,Hingoli,Jaundice,Hepatologist,16,3.5,946
3611,Dr. Rohit Sharma,Hingoli,Chickenpox,Dermatologist,22,4.0,1350
3612,Dr. Anil Deshmukh,Hingoli,Chickenpox,Dermatologist,12,4.4,426
3613,Dr. Pooja Gupta,Hingoli,Chickenpox,Dermatologist,11,4.5,888
3614,Dr. Rohit Sharma,Hingoli,Chickenpox,Dermatologist,6,3.7,651
3615,Dr. Amit Gupta,Hingoli,Chickenpox,Dermatologist,1,3.9,1371
3616,Dr. Vikas Shinde,Hingoli,Chickenpox,Dermatologist,8,4.5,779
3617,Dr. Anil Deshmukh,Hingoli,Chickenpox,Dermatologist,8,3.6,655
3618,Dr. Priya Jadhav,Hingoli,Chickenpox,Dermatologist,10,4.9,213
3619,Dr. Amit Gupta,Hingoli,Chickenpox,Dermatologist,31,4.9,687
3620,Dr. Rohit Kulkarni,Hingoli,Chickenpox,Dermatologist,28,4.2,1150
3621,Dr. Sneha Deshmukh,Hingoli,Measles,Pediatrician,25,4.1,670
3622,Dr. Rohit Jadhav,Hingoli,Measles,Pediatrician,15,3.7,264
3623,Dr. Anil Gupta,Hingoli,Measles,Pediatrician,22,3.5,1155
3624,Dr. Priya Kulkarni,Hingoli,Measles,Pediatrician,29,4.7,679
3625,Dr. Amit Patil,Hingoli,Measles,Pediatrician,29,4.1,1310
3626,Dr. Amit Deshmukh,Hingoli,Measles,Pediatrician,26,4.1,913
3627,Dr. Kiran Kulkarni,Hingoli,Measles,Pediatrician,10,4.9,722
3628,Dr. Kiran Jadhav,Hingoli,Measles,Pediatrician,1,3.8,1121
3629,Dr. Sneha Jadhav,Hingoli,Measles,Pediatrician,13,4.2,444
3630,Dr. Neha Jadhav,Hingoli,Measles,Pediatrician,11,4.9,864
3631,Dr. Vikas Deshmukh,Hingoli,Arthritis,Orthopedic,7,4.9,1066
3632,Dr. Kiran Jadhav,Hingoli,Arthritis,Orthopedic,15,3.8,595
3633,Dr. Neha Patil,Hingoli,Arthritis,Orthopedic,3,4.8,1099
3634,Dr. Sneha Gupta,Hingoli,Arthritis,Orthopedic,13,4.6,369
3635,Dr. Pooja Kulkarni,Hingoli,Arthritis,Orthopedic,12,3.8,459
3636,Dr. Sneha Sharma,Hingoli,Arthritis,Orthopedic,35,4.1,552
3637,Dr. Rahul Deshmukh,Hingoli,Arthritis,Orthopedic,12,4.5,426
3638,Dr. Amit Sharma,Hingoli,Arthritis,Orthopedic,6,4.2,1093
3639,Dr. Pooja Joshi,Hingoli,Arthritis,Orthopedic,15,3.5,1231
3640,Dr. Rohit Gupta,Hingoli,Arthritis,Orthopedic,17,4.6,312
3641,Dr. Pooja Sharma,Sindhudurg,Flu,General Physician,28,4.1,971
3642,Dr. Sneha Joshi,Sindhudurg,Flu,General Physician,21,3.9,334
3643,Dr. Vikas Patil,Sindhudurg,Flu,General Physician,6,4.9,747
3644,Dr. Kiran Deshmukh,Sindhudurg,Flu,General Physician,22,4.5,1407
3645,Dr. Priya Patil,Sindhudurg,Flu,General Physician,35,3.5,597
3646,Dr. Amit Sharma,Sindhudurg,Flu,General Physician,30,4.6,1064
3647,Dr. Pooja Patil,Sindhudurg,Flu,General Physician,28,4.8,633
3648,Dr. Rohit Gupta,Sindhudurg,Flu,General Physician,3,4.9,634
3649,Dr. Amit Jadhav,Sindhudurg,Flu,General Physician,19,4.2,367
3650,Dr. Neha Jadhav,Sindhudurg,Flu,General Physician,24,4.5,823
3651,Dr. Pooja Jadhav,Sindhudurg,Cold,General Physician,33,4.7,1410
3652,Dr. Rahul Sharma,Sindhudurg,Cold,General Physician,9,3.8,1216
3653,Dr. Kiran Deshmukh,Sindhudurg,Cold,General Physician,5,3.9,1045
3654,Dr. Kiran Deshmukh,Sindhudurg,Cold,General Physician,28,3.9,940
3655,Dr. Pooja Joshi,Sindhudurg,Cold,General Physician,16,4.7,1263
3656,Dr. Neha Kulkarni,Sindhudurg,Cold,General Physician,23,3.6,595
3657,Dr. Sneha Gupta,Sindhudurg,Cold,General Physician,28,3.9,403
3658,Dr. Rahul Shinde,Sindhudurg,Cold,General Physician,2,4.8,1247
3659,Dr. Sneha Patil,Sindhudurg,Cold,General Physician,9,4.1,284
3660,Dr. Vikas Jadhav,Sindhudurg,Cold,General Physician,14,3.7,750
3661,Dr. Pooja Sharma,Sindhudurg,COVID-19,Pulmonologist,26,4.2,986
3662,Dr. Pooja Jadhav,Sindhudurg,COVID-19,Pulmonologist,22,3.6,442
3663,Dr. Anil Sharma,Sindhudurg,COVID-19,Pulmonologist,34,3.6,1137
3664,Dr. Sneha Gupta,Sindhudurg,COVID-19,Pulmonologist,11,4.3,359
3665,Dr. Priya Jadhav,Sindhudurg,COVID-19,Pulmonologist,9,3.7,1146
3666,Dr. Sneha Jadhav,Sindhudurg,COVID-19,Pulmonologist,5,4.2,887
3667,Dr. Sneha Shinde,Sindhudurg,COVID-19,Pulmonologist,18,3.8,1455
3668,Dr. Vikas Jadhav,Sindhudurg,COVID-19,Pulmonologist,16,3.8,1028
3669,Dr. Amit Jadhav,Sindhudurg,COVID-19,Pulmonologist,27,3.8,292
3670,Dr. Priya Joshi,Sindhudurg,COVID-19,Pulmonologist,29,5.0,534
3671,Dr. Sneha Shinde,Sindhudurg,Malaria,Infectious Disease,16,4.1,1114
3672,Dr. Sneha Patil,Sindhudurg,Malaria,Infectious Disease,14,4.4,698
3673,Dr. Anil Sharma,Sindhudurg,Malaria,Infectious Disease,26,3.6,761
3674,Dr. Sneha Patil,Sindhudurg,Malaria,Infectious Disease,1,3.8,1326
3675,Dr. Anil Gupta,Sindhudurg,Malaria,Infectious Disease,24,4.4,1127
3676,Dr. Amit Kulkarni,Sindhudurg,Malaria,Infectious Disease,26,4.1,478
3677,Dr. Amit Gupta,Sindhudurg,Malaria,Infectious Disease,31,4.6,452
3678,Dr. Kiran Joshi,Sindhudurg,Malaria,Infectious Disease,28,4.0,545
3679,Dr. Amit Patil,Sindhudurg,Malaria,Infectious Disease,34,4.0,996
3680,Dr. Kiran Kulkarni,Sindhudurg,Malaria,Infectious Disease,22,4.2,1115
3681,Dr. Amit Joshi,Sindhudurg,Dengue,Infectious Disease,26,3.9,553
3682,Dr. Neha Joshi,Sindhudurg,Dengue,Infectious Disease,3,3.7,945
3683,Dr. Sneha Gupta,Sindhudurg,Dengue,Infectious Disease,1,4.5,1144
3684,Dr. Kiran Jadhav,Sindhudurg,Dengue,Infectious Disease,7,4.1,307
3685,Dr. Rohit Kulkarni,Sindhudurg,Dengue,Infectious Disease,15,4.7,1013
3686,Dr. Kiran Shinde,Sindhudurg,Dengue,Infectious Disease,16,4.2,1142
3687,Dr. Priya Sharma,Sindhudurg,Dengue,Infectious Disease,7,4.8,1476
3688,Dr. Pooja Sharma,Sindhudurg,Dengue,Infectious Disease,4,4.5,341
3689,Dr. Priya Jadhav,Sindhudurg,Dengue,Infectious Disease,7,4.0,1453
3690,Dr. Vikas Patil,Sindhudurg,Dengue,Infectious Disease,8,3.9,441
3691,Dr. Sneha Deshmukh,Sindhudurg,Typhoid,General Physician,2,4.4,292
3692,Dr. Rahul Jadhav,Sindhudurg,Typhoid,General Physician,34,4.6,1235
3693,Dr. Pooja Joshi,Sindhudurg,Typhoid,General Physician,4,4.0,987
3694,Dr. Vikas Gupta,Sindhudurg,Typhoid,General Physician,22,5.0,895
3695,Dr. Anil Jadhav,Sindhudurg,Typhoid,General Physician,14,4.5,935
3696,Dr. Pooja Deshmukh,Sindhudurg,Typhoid,General Physician,7,3.7,863
3697,Dr. Vikas Jadhav,Sindhudurg,Typhoid,General Physician,21,4.2,1328
3698,Dr. Pooja Shinde,Sindhudurg,Typhoid,General Physician,27,4.0,1176
3699,Dr. Kiran Joshi,Sindhudurg,Typhoid,General Physician,30,4.9,298
3700,Dr. Priya Sharma,Sindhudurg,Typhoid,General Physician,14,4.0,1339
3701,Dr. Rohit Kulkarni,Sindhudurg,Asthma,Pulmonologist,1,4.3,283
3702,Dr. Amit Kulkarni,Sindhudurg,Asthma,Pulmonologist,34,4.9,489
3703,Dr. Amit Shinde,Sindhudurg,Asthma,Pulmonologist,5,4.8,1136
3704,Dr. Rahul Deshmukh,Sindhudurg,Asthma,Pulmonologist,6,4.8,398
3705,Dr. Rahul Kulkarni,Sindhudurg,Asthma,Pulmonologist,18,4.4,603
3706,Dr. Priya Joshi,Sindhudurg,Asthma,Pulmonologist,16,3.6,298
3707,Dr. Kiran Deshmukh,Sindhudurg,Asthma,Pulmonologist,22,3.8,236
3708,Dr. Rohit Shinde,Sindhudurg,Asthma,Pulmonologist,23,3.5,989
3709,Dr. Neha Joshi,Sindhudurg,Asthma,Pulmonologist,15,4.3,1084
3710,Dr. Rohit Sharma,Sindhudurg,Asthma,Pulmonologist,3,4.5,1176
3711,Dr. Priya Joshi,Sindhudurg,Diabetes,Endocrinologist,1,3.7,1230
3712,Dr. Sneha Kulkarni,Sindhudurg,Diabetes,Endocrinologist,31,4.6,1202
3713,Dr. Sneha Jadhav,Sindhudurg,Diabetes,Endocrinologist,17,3.7,712
3714,Dr. Rahul Kulkarni,Sindhudurg,Diabetes,Endocrinologist,5,4.4,355
3715,Dr. Rohit Deshmukh,Sindhudurg,Diabetes,Endocrinologist,35,4.3,1304
3716,Dr. Sneha Shinde,Sindhudurg,Diabetes,Endocrinologist,26,4.7,488
3717,Dr. Sneha Jadhav,Sindhudurg,Diabetes,Endocrinologist,6,4.5,334
3718,Dr. Anil Jadhav,Sindhudurg,Diabetes,Endocrinologist,19,4.5,424
3719,Dr. Sneha Shinde,Sindhudurg,Diabetes,Endocrinologist,20,4.6,1103
3720,Dr. Rahul Kulkarni,Sindhudurg,Diabetes,Endocrinologist,20,5.0,1429
3721,Dr. Sneha Sharma,Sindhudurg,Migraine,Neurologist,16,4.3,619
3722,Dr. Amit Joshi,Sindhudurg,Migraine,Neurologist,20,4.7,747
3723,Dr. Anil Kulkarni,Sindhudurg,Migraine,Neurologist,16,4.3,842
3724,Dr. Vikas Joshi,Sindhudurg,Migraine,Neurologist,24,4.7,607
3725,Dr. Anil Sharma,Sindhudurg,Migraine,Neurologist,9,3.8,801
3726,Dr. Kiran Sharma,Sindhudurg,Migraine,Neurologist,22,4.5,1289
3727,Dr. Rohit Kulkarni,Sindhudurg,Migraine,Neurologist,23,4.7,1401
3728,Dr. Rahul Jadhav,Sindhudurg,Migraine,Neurologist,10,3.6,591
3729,Dr. Rohit Patil,Sindhudurg,Migraine,Neurologist,34,4.6,700
3730,Dr. Sneha Deshmukh,Sindhudurg,Migraine,Neurologist,11,4.2,1075
3731,Dr. Neha Gupta,Sindhudurg,Food Poisoning,Gastroenterologist,17,4.7,483
3732,Dr. Rohit Kulkarni,Sindhudurg,Food Poisoning,Gastroenterologist,28,5.0,1218
3733,Dr. Rohit Sharma,Sindhudurg,Food Poisoning,Gastroenterologist,33,3.9,1446
3734,Dr. Vikas Kulkarni,Sindhudurg,Food Poisoning,Gastroenterologist,10,3.9,1282
3735,Dr. Neha Shinde,Sindhudurg,Food Poisoning,Gastroenterologist,7,3.7,696
3736,Dr. Amit Shinde,Sindhudurg,Food Poisoning,Gastroenterologist,26,4.7,925
3737,Dr. Anil Patil,Sindhudurg,Food Poisoning,Gastroenterologist,25,4.5,281
3738,Dr. Anil Gupta,Sindhudurg,Food Poisoning,Gastroenterologist,8,4.2,1035
3739,Dr. Sneha Joshi,Sindhudurg,Food Poisoning,Gastroenterologist,24,4.5,211
3740,Dr. Amit Gupta,Sindhudurg,Food Poisoning,Gastroenterologist,23,3.9,982
3741,Dr. Vikas Deshmukh,Sindhudurg,Jaundice,Hepatologist,2,3.5,1035
3742,Dr. Amit Deshmukh,Sindhudurg,Jaundice,Hepatologist,2,3.9,581
3743,Dr. Pooja Shinde,Sindhudurg,Jaundice,Hepatologist,25,4.3,780
3744,Dr. Amit Deshmukh,Sindhudurg,Jaundice,Hepatologist,21,4.2,325
3745,Dr. Amit Sharma,Sindhudurg,Jaundice,Hepatologist,2,3.9,663
3746,Dr. Rohit Joshi,Sindhudurg,Jaundice,Hepatologist,35,4.0,1071
3747,Dr. Neha Shinde,Sindhudurg,Jaundice,Hepatologist,22,3.5,474
3748,Dr. Rohit Joshi,Sindhudurg,Jaundice,Hepatologist,13,3.9,967
3749,Dr. Neha Gupta,Sindhudurg,Jaundice,Hepatologist,18,4.4,1117
3750,Dr. Sneha Kulkarni,Sindhudurg,Jaundice,Hepatologist,12,4.4,470
3751,Dr. Vikas Kulkarni,Sindhudurg,Chickenpox,Dermatologist,32,4.3,860
3752,Dr. Pooja Patil,Sindhudurg,Chickenpox,Dermatologist,23,3.7,1121
3753,Dr. Neha Sharma,Sindhudurg,Chickenpox,Dermatologist,35,4.9,418
3754,Dr. Amit Jadhav,Sindhudurg,Chickenpox,Dermatologist,19,4.5,1053
3755,Dr. Neha Deshmukh,Sindhudurg,Chickenpox,Dermatologist,15,4.6,1047
3756,Dr. Vikas Kulkarni,Sindhudurg,Chickenpox,Dermatologist,20,3.9,827
3757,Dr. Sneha Joshi,Sindhudurg,Chickenpox,Dermatologist,15,4.6,311
3758,Dr. Kiran Jadhav,Sindhudurg,Chickenpox,Dermatologist,3,4.8,1419
3759,Dr. Kiran Patil,Sindhudurg,Chickenpox,Dermatologist,18,3.9,850
3760,Dr. Sneha Deshmukh,Sindhudurg,Chickenpox,Dermatologist,2,3.8,1139
3761,Dr. Pooja Patil,Sindhudurg,Measles,Pediatrician,1,3.6,899
3762,Dr. Priya Patil,Sindhudurg,Measles,Pediatrician,16,4.9,944
3763,Dr. Neha Sharma,Sindhudurg,Measles,Pediatrician,18,4.0,913
3764,Dr. Neha Joshi,Sindhudurg,Measles,Pediatrician,10,4.8,1446
3765,Dr. Kiran Shinde,Sindhudurg,Measles,Pediatrician,29,4.8,1078
3766,Dr. Rahul Sharma,Sindhudurg,Measles,Pediatrician,29,3.8,1013
3767,Dr. Sneha Patil,Sindhudurg,Measles,Pediatrician,15,4.2,1034
3768,Dr. Vikas Sharma,Sindhudurg,Measles,Pediatrician,28,4.5,817
3769,Dr. Neha Shinde,Sindhudurg,Measles,Pediatrician,15,4.8,1198
3770,Dr. Sneha Deshmukh,Sindhudurg,Measles,Pediatrician,22,4.5,1223
3771,Dr. Pooja Jadhav,Sindhudurg,Arthritis,Orthopedic,14,4.4,262
3772,Dr. Neha Jadhav,Sindhudurg,Arthritis,Orthopedic,29,3.5,1007
3773,Dr. Neha Joshi,Sindhudurg,Arthritis,Orthopedic,10,3.6,394
3774,Dr. Pooja Sharma,Sindhudurg,Arthritis,Orthopedic,35,4.7,1335
3775,Dr. Amit Deshmukh,Sindhudurg,Arthritis,Orthopedic,9,4.3,1130
3776,Dr. Neha Kulkarni,Sindhudurg,Arthritis,Orthopedic,23,4.3,557
3777,Dr. Amit Gupta,Sindhudurg,Arthritis,Orthopedic,26,4.5,422
3778,Dr. Kiran Kulkarni,Sindhudurg,Arthritis,Orthopedic,7,4.7,288
3779,Dr. Sneha Gupta,Sindhudurg,Arthritis,Orthopedic,31,4.1,1448
3780,Dr. Rahul Gupta,Sindhudurg,Arthritis,Orthopedic,34,4.6,246
3781,Dr. Neha Joshi,Palghar,Flu,General Physician,4,4.7,1006
3782,Dr. Kiran Shinde,Palghar,Flu,General Physician,7,3.9,1488
3783,Dr. Pooja Deshmukh,Palghar,Flu,General Physician,12,3.6,321
3784,Dr. Rohit Sharma,Palghar,Flu,General Physician,12,4.8,1473
3785,Dr. Vikas Sharma,Palghar,Flu,General Physician,11,4.1,350
3786,Dr. Pooja Joshi,Palghar,Flu,General Physician,5,4.3,568
3787,Dr. Rohit Jadhav,Palghar,Flu,General Physician,11,4.6,549
3788,Dr. Rahul Patil,Palghar,Flu,General Physician,25,4.6,1227
3789,Dr. Neha Sharma,Palghar,Flu,General Physician,28,4.6,776
3790,Dr. Rahul Gupta,Palghar,Flu,General Physician,7,4.5,505
3791,Dr. Rahul Shinde,Palghar,Cold,General Physician,16,3.8,973
3792,Dr. Pooja Kulkarni,Palghar,Cold,General Physician,27,4.9,1250
3793,Dr. Rohit Kulkarni,Palghar,Cold,General Physician,15,4.3,1325
3794,Dr. Amit Deshmukh,Palghar,Cold,General Physician,18,4.4,1472
3795,Dr. Amit Deshmukh,Palghar,Cold,General Physician,29,4.8,651
3796,Dr. Vikas Jadhav,Palghar,Cold,General Physician,3,4.2,647
3797,Dr. Anil Jadhav,Palghar,Cold,General Physician,6,4.5,234
3798,Dr. Rohit Kulkarni,Palghar,Cold,General Physician,10,4.4,514
3799,Dr. Rohit Jadhav,Palghar,Cold,General Physician,22,4.8,868
3800,Dr. Neha Kulkarni,Palghar,Cold,General Physician,34,4.7,313
3801,Dr. Priya Kulkarni,Palghar,COVID-19,Pulmonologist,10,4.3,640
3802,Dr. Rahul Sharma,Palghar,COVID-19,Pulmonologist,11,4.2,456
3803,Dr. Rohit Joshi,Palghar,COVID-19,Pulmonologist,14,4.0,711
3804,Dr. Amit Shinde,Palghar,COVID-19,Pulmonologist,31,4.4,1416
3805,Dr. Sneha Joshi,Palghar,COVID-19,Pulmonologist,2,4.2,1369
3806,Dr. Sneha Sharma,Palghar,COVID-19,Pulmonologist,5,4.7,979
3807,Dr. Sneha Deshmukh,Palghar,COVID-19,Pulmonologist,19,4.3,878
3808,Dr. Anil Gupta,Palghar,COVID-19,Pulmonologist,11,4.5,282
3809,Dr. Neha Patil,Palghar,COVID-19,Pulmonologist,29,4.1,477
3810,Dr. Anil Deshmukh,Palghar,COVID-19,Pulmonologist,11,3.8,488
3811,Dr. Rohit Deshmukh,Palghar,Malaria,Infectious Disease,29,5.0,832
3812,Dr. Kiran Kulkarni,Palghar,Malaria,Infectious Disease,22,4.2,592
3813,Dr. Vikas Kulkarni,Palghar,Malaria,Infectious Disease,18,4.9,526
3814,Dr. Anil Shinde,Palghar,Malaria,Infectious Disease,5,3.5,840
3815,Dr. Priya Joshi,Palghar,Malaria,Infectious Disease,34,4.6,1307
3816,Dr. Anil Kulkarni,Palghar,Malaria,Infectious Disease,24,4.6,1311
3817,Dr. Amit Shinde,Palghar,Malaria,Infectious Disease,29,4.0,1398
3818,Dr. Pooja Patil,Palghar,Malaria,Infectious Disease,32,3.7,574
3819,Dr. Neha Patil,Palghar,Malaria,Infectious Disease,12,4.3,1024
3820,Dr. Pooja Patil,Palghar,Malaria,Infectious Disease,21,4.5,846
3821,Dr. Anil Deshmukh,Palghar,Dengue,Infectious Disease,16,4.5,305
3822,Dr. Kiran Patil,Palghar,Dengue,Infectious Disease,15,3.5,238
3823,Dr. Kiran Deshmukh,Palghar,Dengue,Infectious Disease,27,3.6,1140
3824,Dr. Amit Kulkarni,Palghar,Dengue,Infectious Disease,1,3.8,630
3825,Dr. Sneha Joshi,Palghar,Dengue,Infectious Disease,2,3.8,1090
3826,Dr. Sneha Shinde,Palghar,Dengue,Infectious Disease,6,4.6,680
3827,Dr. Amit Gupta,Palghar,Dengue,Infectious Disease,8,3.5,1331
3828,Dr. Neha Gupta,Palghar,Dengue,Infectious Disease,21,3.6,725
3829,Dr. Anil Patil,Palghar,Dengue,Infectious Disease,11,5.0,1257
3830,Dr. Sneha Jadhav,Palghar,Dengue,Infectious Disease,3,3.6,1480
3831,Dr. Pooja Gupta,Palghar,Typhoid,General Physician,15,4.8,1494
3832,Dr. Rahul Sharma,Palghar,Typhoid,General Physician,14,4.9,317
3833,Dr. Anil Jadhav,Palghar,Typhoid,General Physician,25,3.8,322
3834,Dr. Anil Joshi,Palghar,Typhoid,General Physician,28,4.2,1163
3835,Dr. Neha Joshi,Palghar,Typhoid,General Physician,7,4.0,976
3836,Dr. Priya Gupta,Palghar,Typhoid,General Physician,35,4.1,1375
3837,Dr. Sneha Jadhav,Palghar,Typhoid,General Physician,19,4.3,1002
3838,Dr. Neha Shinde,Palghar,Typhoid,General Physician,18,4.4,1133
3839,Dr. Sneha Sharma,Palghar,Typhoid,General Physician,17,3.8,1127
3840,Dr. Rahul Sharma,Palghar,Typhoid,General Physician,7,4.3,519
3841,Dr. Neha Kulkarni,Palghar,Asthma,Pulmonologist,34,3.8,820
3842,Dr. Rohit Patil,Palghar,Asthma,Pulmonologist,7,4.0,948
3843,Dr. Vikas Deshmukh,Palghar,Asthma,Pulmonologist,8,4.6,248
3844,Dr. Anil Joshi,Palghar,Asthma,Pulmonologist,22,5.0,1219
3845,Dr. Rahul Kulkarni,Palghar,Asthma,Pulmonologist,24,4.4,998
3846,Dr. Neha Gupta,Palghar,Asthma,Pulmonologist,27,3.9,751
3847,Dr. Kiran Jadhav,Palghar,Asthma,Pulmonologist,20,3.9,1047
3848,Dr. Pooja Joshi,Palghar,Asthma,Pulmonologist,3,4.4,225
3849,Dr. Kiran Kulkarni,Palghar,Asthma,Pulmonologist,26,4.9,1185
3850,Dr. Priya Patil,Palghar,Asthma,Pulmonologist,33,5.0,1220
3851,Dr. Rohit Jadhav,Palghar,Diabetes,Endocrinologist,17,3.6,744
3852,Dr. Rohit Jadhav,Palghar,Diabetes,Endocrinologist,21,3.6,213
3853,Dr. Pooja Gupta,Palghar,Diabetes,Endocrinologist,34,4.7,818
3854,Dr. Kiran Gupta,Palghar,Diabetes,Endocrinologist,2,4.8,290
3855,Dr. Neha Patil,Palghar,Diabetes,Endocrinologist,33,3.6,1029
3856,Dr. Sneha Gupta,Palghar,Diabetes,Endocrinologist,7,4.6,625
3857,Dr. Anil Sharma,Palghar,Diabetes,Endocrinologist,28,4.7,455
3858,Dr. Kiran Patil,Palghar,Diabetes,Endocrinologist,7,3.6,1425
3859,Dr. Vikas Shinde,Palghar,Diabetes,Endocrinologist,31,3.9,203
3860,Dr. Pooja Kulkarni,Palghar,Diabetes,Endocrinologist,8,3.6,1041
3861,Dr. Vikas Gupta,Palghar,Migraine,Neurologist,13,4.2,1458
3862,Dr. Pooja Jadhav,Palghar,Migraine,Neurologist,30,4.4,1205
3863,Dr. Anil Kulkarni,Palghar,Migraine,Neurologist,17,3.8,955
3864,Dr. Kiran Jadhav,Palghar,Migraine,Neurologist,15,4.7,1104
3865,Dr. Pooja Deshmukh,Palghar,Migraine,Neurologist,3,4.6,1095
3866,Dr. Priya Shinde,Palghar,Migraine,Neurologist,31,4.9,1209
3867,Dr. Rahul Sharma,Palghar,Migraine,Neurologist,28,4.7,1351
3868,Dr. Anil Shinde,Palghar,Migraine,Neurologist,35,3.8,224
3869,Dr. Pooja Deshmukh,Palghar,Migraine,Neurologist,13,4.9,357
3870,Dr. Pooja Jadhav,Palghar,Migraine,Neurologist,6,3.8,848
3871,Dr. Rohit Deshmukh,Palghar,Food Poisoning,Gastroenterologist,32,4.5,453
3872,Dr. Rahul Shinde,Palghar,Food Poisoning,Gastroenterologist,22,4.3,547
3873,Dr. Rahul Sharma,Palghar,Food Poisoning,Gastroenterologist,20,4.3,1224
3874,Dr. Amit Kulkarni,Palghar,Food Poisoning,Gastroenterologist,32,3.9,293
3875,Dr. Pooja Shinde,Palghar,Food Poisoning,Gastroenterologist,23,4.9,397
3876,Dr. Vikas Kulkarni,Palghar,Food Poisoning,Gastroenterologist,15,4.6,1244
3877,Dr. Sneha Deshmukh,Palghar,Food Poisoning,Gastroenterologist,8,4.3,907
3878,Dr. Rahul Kulkarni,Palghar,Food Poisoning,Gastroenterologist,9,4.6,1490
3879,Dr. Rahul Gupta,Palghar,Food Poisoning,Gastroenterologist,18,4.6,231
3880,Dr. Sneha Kulkarni,Palghar,Food Poisoning,Gastroenterologist,34,4.9,459
3881,Dr. Anil Jadhav,Palghar,Jaundice,Hepatologist,27,3.7,1348
3882,Dr. Kiran Sharma,Palghar,Jaundice,Hepatologist,6,4.3,1349
3883,Dr. Sneha Deshmukh,Palghar,Jaundice,Hepatologist,6,3.9,1080
3884,Dr. Rahul Gupta,Palghar,Jaundice,Hepatologist,32,4.5,1444
3885,Dr. Anil Shinde,Palghar,Jaundice,Hepatologist,19,4.0,310
3886,Dr. Amit Gupta,Palghar,Jaundice,Hepatologist,13,4.1,535
3887,Dr. Sneha Patil,Palghar,Jaundice,Hepatologist,28,4.0,521
3888,Dr. Anil Gupta,Palghar,Jaundice,Hepatologist,16,4.1,400
3889,Dr. Amit Deshmukh,Palghar,Jaundice,Hepatologist,24,4.7,1298
3890,Dr. Kiran Shinde,Palghar,Jaundice,Hepatologist,31,4.8,322
3891,Dr. Sneha Shinde,Palghar,Chickenpox,Dermatologist,9,4.2,579
3892,Dr. Anil Jadhav,Palghar,Chickenpox,Dermatologist,35,4.0,326
3893,Dr. Vikas Joshi,Palghar,Chickenpox,Dermatologist,31,4.6,560
3894,Dr. Pooja Sharma,Palghar,Chickenpox,Dermatologist,34,3.9,383
3895,Dr. Priya Jadhav,Palghar,Chickenpox,Dermatologist,30,4.2,1008
3896,Dr. Neha Gupta,Palghar,Chickenpox,Dermatologist,19,3.7,908
3897,Dr. Neha Sharma,Palghar,Chickenpox,Dermatologist,10,4.4,518
3898,Dr. Kiran Shinde,Palghar,Chickenpox,Dermatologist,6,4.9,864
3899,Dr. Rohit Patil,Palghar,Chickenpox,Dermatologist,9,3.5,864
3900,Dr. Pooja Joshi,Palghar,Chickenpox,Dermatologist,7,3.7,1272
3901,Dr. Priya Deshmukh,Palghar,Measles,Pediatrician,26,3.6,605
3902,Dr. Vikas Gupta,Palghar,Measles,Pediatrician,12,4.4,378
3903,Dr. Vikas Shinde,Palghar,Measles,Pediatrician,5,4.1,1113
3904,Dr. Pooja Gupta,Palghar,Measles,Pediatrician,17,4.6,889
3905,Dr. Rohit Jadhav,Palghar,Measles,Pediatrician,3,4.3,763
3906,Dr. Anil Shinde,Palghar,Measles,Pediatrician,28,4.6,302
3907,Dr. Anil Kulkarni,Palghar,Measles,Pediatrician,33,3.7,679
3908,Dr. Anil Patil,Palghar,Measles,Pediatrician,25,3.9,1347
3909,Dr. Priya Gupta,Palghar,Measles,Pediatrician,3,4.2,1248
3910,Dr. Kiran Gupta,Palghar,Measles,Pediatrician,21,4.6,759
3911,Dr. Sneha Jadhav,Palghar,Arthritis,Orthopedic,11,3.6,604
3912,Dr. Vikas Sharma,Palghar,Arthritis,Orthopedic,15,4.1,868
3913,Dr. Kiran Joshi,Palghar,Arthritis,Orthopedic,24,4.6,814
3914,Dr. Neha Kulkarni,Palghar,Arthritis,Orthopedic,2,3.6,519
3915,Dr. Kiran Joshi,Palghar,Arthritis,Orthopedic,21,3.8,1273
3916,Dr. Rohit Gupta,Palghar,Arthritis,Orthopedic,13,3.8,1405
3917,Dr. Anil Gupta,Palghar,Arthritis,Orthopedic,22,3.9,1392
3918,Dr. Priya Kulkarni,Palghar,Arthritis,Orthopedic,3,3.5,1347
3919,Dr. Vikas Patil,Palghar,Arthritis,Orthopedic,8,3.5,1237
3920,Dr. Neha Jadhav,Palghar,Arthritis,Orthopedic,21,4.0,1226
3921,Dr. Rahul Shinde,Raigad,Flu,General Physician,10,4.6,601
3922,Dr. Pooja Gupta,Raigad,Flu,General Physician,18,4.9,457
3923,Dr. Sneha Kulkarni,Raigad,Flu,General Physician,20,4.5,317
3924,Dr. Sneha Kulkarni,Raigad,Flu,General Physician,28,3.7,740
3925,Dr. Kiran Deshmukh,Raigad,Flu,General Physician,28,3.7,1459
3926,Dr. Priya Jadhav,Raigad,Flu,General Physician,32,4.4,237
3927,Dr. Vikas Kulkarni,Raigad,Flu,General Physician,5,4.2,316
3928,Dr. Sneha Gupta,Raigad,Flu,General Physician,13,3.6,237
3929,Dr. Sneha Jadhav,Raigad,Flu,General Physician,7,4.0,1003
3930,Dr. Sneha Joshi,Raigad,Flu,General Physician,30,4.5,1418
3931,Dr. Amit Deshmukh,Raigad,Cold,General Physician,26,3.5,1111
3932,Dr. Rahul Deshmukh,Raigad,Cold,General Physician,14,5.0,548
3933,Dr. Neha Shinde,Raigad,Cold,General Physician,14,4.0,769
3934,Dr. Rahul Shinde,Raigad,Cold,General Physician,26,4.1,696
3935,Dr. Sneha Deshmukh,Raigad,Cold,General Physician,34,4.9,626
3936,Dr. Anil Gupta,Raigad,Cold,General Physician,10,4.3,744
3937,Dr. Kiran Patil,Raigad,Cold,General Physician,16,4.7,697
3938,Dr. Priya Sharma,Raigad,Cold,General Physician,31,4.1,562
3939,Dr. Kiran Gupta,Raigad,Cold,General Physician,33,4.7,384
3940,Dr. Anil Shinde,Raigad,Cold,General Physician,20,3.7,1287
3941,Dr. Neha Patil,Raigad,COVID-19,Pulmonologist,8,4.7,960
3942,Dr. Rahul Gupta,Raigad,COVID-19,Pulmonologist,16,4.5,1124
3943,Dr. Amit Shinde,Raigad,COVID-19,Pulmonologist,15,3.6,823
3944,Dr. Anil Joshi,Raigad,COVID-19,Pulmonologist,28,4.1,496
3945,Dr. Rahul Gupta,Raigad,COVID-19,Pulmonologist,15,4.8,683
3946,Dr. Rohit Sharma,Raigad,COVID-19,Pulmonologist,26,4.7,873
3947,Dr. Neha Joshi,Raigad,COVID-19,Pulmonologist,13,4.7,921
3948,Dr. Kiran Jadhav,Raigad,COVID-19,Pulmonologist,26,4.4,1410
3949,Dr. Vikas Jadhav,Raigad,COVID-19,Pulmonologist,25,3.5,225
3950,Dr. Sneha Deshmukh,Raigad,COVID-19,Pulmonologist,16,3.6,639
3951,Dr. Rohit Deshmukh,Raigad,Malaria,Infectious Disease,17,3.6,285
3952,Dr. Rohit Joshi,Raigad,Malaria,Infectious Disease,10,4.8,877
3953,Dr. Anil Joshi,Raigad,Malaria,Infectious Disease,19,3.6,960
3954,Dr. Pooja Jadhav,Raigad,Malaria,Infectious Disease,8,4.4,827
3955,Dr. Anil Shinde,Raigad,Malaria,Infectious Disease,6,4.7,609
3956,Dr. Rohit Deshmukh,Raigad,Malaria,Infectious Disease,14,4.1,1177
3957,Dr. Neha Sharma,Raigad,Malaria,Infectious Disease,22,3.9,668
3958,Dr. Pooja Sharma,Raigad,Malaria,Infectious Disease,2,4.3,291
3959,Dr. Sneha Deshmukh,Raigad,Malaria,Infectious Disease,2,4.6,232
3960,Dr. Priya Deshmukh,Raigad,Malaria,Infectious Disease,1,4.6,831
3961,Dr. Rahul Gupta,Raigad,Dengue,Infectious Disease,6,4.8,1463
3962,Dr. Vikas Gupta,Raigad,Dengue,Infectious Disease,17,4.6,775
3963,Dr. Amit Shinde,Raigad,Dengue,Infectious Disease,29,4.1,870
3964,Dr. Vikas Deshmukh,Raigad,Dengue,Infectious Disease,3,3.9,1209
3965,Dr. Neha Kulkarni,Raigad,Dengue,Infectious Disease,20,4.0,1198
3966,Dr. Sneha Kulkarni,Raigad,Dengue,Infectious Disease,17,4.3,854
3967,Dr. Vikas Gupta,Raigad,Dengue,Infectious Disease,25,3.7,1342
3968,Dr. Anil Jadhav,Raigad,Dengue,Infectious Disease,28,4.0,963
3969,Dr. Priya Deshmukh,Raigad,Dengue,Infectious Disease,27,4.0,532
3970,Dr. Rahul Kulkarni,Raigad,Dengue,Infectious Disease,14,4.4,1213
3971,Dr. Neha Jadhav,Raigad,Typhoid,General Physician,4,3.8,720
3972,Dr. Vikas Joshi,Raigad,Typhoid,General Physician,17,4.8,500
3973,Dr. Pooja Patil,Raigad,Typhoid,General Physician,18,3.9,481
3974,Dr. Pooja Gupta,Raigad,Typhoid,General Physician,4,3.6,973
3975,Dr. Vikas Joshi,Raigad,Typhoid,General Physician,22,4.1,758
3976,Dr. Sneha Joshi,Raigad,Typhoid,General Physician,5,4.3,1489
3977,Dr. Anil Patil,Raigad,Typhoid,General Physician,20,4.9,532
3978,Dr. Neha Patil,Raigad,Typhoid,General Physician,22,3.7,1454
3979,Dr. Sneha Patil,Raigad,Typhoid,General Physician,35,3.6,285
3980,Dr. Vikas Shinde,Raigad,Typhoid,General Physician,35,4.6,1419
3981,Dr. Rohit Patil,Raigad,Asthma,Pulmonologist,10,4.3,696
3982,Dr. Rahul Kulkarni,Raigad,Asthma,Pulmonologist,9,3.6,1496
3983,Dr. Vikas Kulkarni,Raigad,Asthma,Pulmonologist,13,4.4,622
3984,Dr. Vikas Kulkarni,Raigad,Asthma,Pulmonologist,29,3.6,807
3985,Dr. Sneha Joshi,Raigad,Asthma,Pulmonologist,6,4.5,1379
3986,Dr. Anil Gupta,Raigad,Asthma,Pulmonologist,17,4.2,634
3987,Dr. Anil Joshi,Raigad,Asthma,Pulmonologist,5,4.8,365
3988,Dr. Sneha Gupta,Raigad,Asthma,Pulmonologist,20,3.7,1461
3989,Dr. Kiran Patil,Raigad,Asthma,Pulmonologist,8,4.2,1018
3990,Dr. Anil Sharma,Raigad,Asthma,Pulmonologist,35,4.5,846
3991,Dr. Priya Patil,Raigad,Diabetes,Endocrinologist,28,4.1,987
3992,Dr. Amit Gupta,Raigad,Diabetes,Endocrinologist,14,4.5,382
3993,Dr. Neha Patil,Raigad,Diabetes,Endocrinologist,6,3.8,591
3994,Dr. Rohit Jadhav,Raigad,Diabetes,Endocrinologist,28,4.0,1190
3995,Dr. Vikas Patil,Raigad,Diabetes,Endocrinologist,12,4.8,776
3996,Dr. Amit Gupta,Raigad,Diabetes,Endocrinologist,17,4.0,274
3997,Dr. Kiran Sharma,Raigad,Diabetes,Endocrinologist,26,5.0,349
3998,Dr. Priya Patil,Raigad,Diabetes,Endocrinologist,7,4.5,1271
3999,Dr. Pooja Jadhav,Raigad,Diabetes,Endocrinologist,22,4.5,1485
4000,Dr. Neha Jadhav,Raigad,Diabetes,Endocrinologist,5,4.8,1312
4001,Dr. Rohit Patil,Raigad,Migraine,Neurologist,2,3.8,804
4002,Dr. Sneha Patil,Raigad,Migraine,Neurologist,23,3.8,282
4003,Dr. Neha Sharma,Raigad,Migraine,Neurologist,19,4.6,207
4004,Dr. Sneha Jadhav,Raigad,Migraine,Neurologist,35,4.3,1239
4005,Dr. Rohit Jadhav,Raigad,Migraine,Neurologist,35,4.2,584
4006,Dr. Rohit Joshi,Raigad,Migraine,Neurologist,28,4.8,1167
4007,Dr. Neha Joshi,Raigad,Migraine,Neurologist,3,4.8,491
4008,Dr. Amit Shinde,Raigad,Migraine,Neurologist,9,4.6,585
4009,Dr. Neha Joshi,Raigad,Migraine,Neurologist,31,4.2,823
4010,Dr. Priya Gupta,Raigad,Migraine,Neurologist,12,4.2,1341
4011,Dr. Anil Deshmukh,Raigad,Food Poisoning,Gastroenterologist,1,4.1,455
4012,Dr. Amit Shinde,Raigad,Food Poisoning,Gastroenterologist,4,4.2,902
4013,Dr. Amit Patil,Raigad,Food Poisoning,Gastroenterologist,10,4.7,1476
4014,Dr. Pooja Joshi,Raigad,Food Poisoning,Gastroenterologist,32,3.8,1160
4015,Dr. Kiran Patil,Raigad,Food Poisoning,Gastroenterologist,10,3.5,1010
4016,Dr. Rohit Patil,Raigad,Food Poisoning,Gastroenterologist,18,4.0,1427
4017,Dr. Vikas Gupta,Raigad,Food Poisoning,Gastroenterologist,1,3.6,1163
4018,Dr. Sneha Gupta,Raigad,Food Poisoning,Gastroenterologist,6,4.0,858
4019,Dr. Kiran Kulkarni,Raigad,Food Poisoning,Gastroenterologist,17,3.7,1381
4020,Dr. Sneha Deshmukh,Raigad,Food Poisoning,Gastroenterologist,21,4.1,844
4021,Dr. Priya Kulkarni,Raigad,Jaundice,Hepatologist,21,4.9,1167
4022,Dr. Amit Shinde,Raigad,Jaundice,Hepatologist,15,4.4,1095
4023,Dr. Pooja Jadhav,Raigad,Jaundice,Hepatologist,14,4.0,1148
4024,Dr. Kiran Gupta,Raigad,Jaundice,Hepatologist,22,4.6,1149
4025,Dr. Sneha Deshmukh,Raigad,Jaundice,Hepatologist,32,3.8,1428
4026,Dr. Vikas Shinde,Raigad,Jaundice,Hepatologist,7,4.3,1346
4027,Dr. Kiran Kulkarni,Raigad,Jaundice,Hepatologist,7,4.6,639
4028,Dr. Rohit Joshi,Raigad,Jaundice,Hepatologist,24,3.9,1113
4029,Dr. Kiran Deshmukh,Raigad,Jaundice,Hepatologist,25,5.0,738
4030,Dr. Amit Kulkarni,Raigad,Jaundice,Hepatologist,1,4.7,785
4031,Dr. Kiran Gupta,Raigad,Chickenpox,Dermatologist,29,4.4,1056
4032,Dr. Vikas Jadhav,Raigad,Chickenpox,Dermatologist,25,3.7,1423
4033,Dr. Rohit Patil,Raigad,Chickenpox,Dermatologist,1,4.7,213
4034,Dr. Kiran Deshmukh,Raigad,Chickenpox,Dermatologist,27,4.1,240
4035,Dr. Pooja Patil,Raigad,Chickenpox,Dermatologist,14,3.6,1319
4036,Dr. Anil Deshmukh,Raigad,Chickenpox,Dermatologist,6,4.2,1001
4037,Dr. Anil Shinde,Raigad,Chickenpox,Dermatologist,20,5.0,1439
4038,Dr. Amit Patil,Raigad,Chickenpox,Dermatologist,33,4.3,409
4039,Dr. Amit Joshi,Raigad,Chickenpox,Dermatologist,7,4.6,1450
4040,Dr. Kiran Jadhav,Raigad,Chickenpox,Dermatologist,25,4.1,727
4041,Dr. Rohit Gupta,Raigad,Measles,Pediatrician,24,3.9,257
4042,Dr. Kiran Joshi,Raigad,Measles,Pediatrician,1,4.0,585
4043,Dr. Rohit Kulkarni,Raigad,Measles,Pediatrician,29,4.4,372
4044,Dr. Vikas Joshi,Raigad,Measles,Pediatrician,20,3.7,435
4045,Dr. Neha Gupta,Raigad,Measles,Pediatrician,4,3.8,1189
4046,Dr. Pooja Joshi,Raigad,Measles,Pediatrician,34,4.4,316
4047,Dr. Vikas Sharma,Raigad,Measles,Pediatrician,2,4.4,709
4048,Dr. Anil Shinde,Raigad,Measles,Pediatrician,11,5.0,970
4049,Dr. Kiran Deshmukh,Raigad,Measles,Pediatrician,23,3.5,877
4050,Dr. Kiran Gupta,Raigad,Measles,Pediatrician,15,3.7,869
4051,Dr. Sneha Gupta,Raigad,Arthritis,Orthopedic,16,4.3,536
4052,Dr. Rohit Patil,Raigad,Arthritis,Orthopedic,23,4.5,1165
4053,Dr. Sneha Joshi,Raigad,Arthritis,Orthopedic,12,4.7,726
4054,Dr. Rahul Deshmukh,Raigad,Arthritis,Orthopedic,28,4.3,620
4055,Dr. Priya Sharma,Raigad,Arthritis,Orthopedic,19,3.8,663
4056,Dr. Kiran Joshi,Raigad,Arthritis,Orthopedic,22,4.7,1046
4057,Dr. Anil Deshmukh,Raigad,Arthritis,Orthopedic,24,4.0,1226
4058,Dr. Priya Sharma,Raigad,Arthritis,Orthopedic,8,4.8,259
4059,Dr. Priya Kulkarni,Raigad,Arthritis,Orthopedic,15,4.9,1380
4060,Dr. Neha Kulkarni,Raigad,Arthritis,Orthopedic,2,4.0,1141
4061,Dr. Pooja Kulkarni,Washim,Flu,General Physician,12,4.5,913
4062,Dr. Neha Jadhav,Washim,Flu,General Physician,28,3.8,484
4063,Dr. Vikas Gupta,Washim,Flu,General Physician,20,3.9,942
4064,Dr. Neha Joshi,Washim,Flu,General Physician,26,4.2,996
4065,Dr. Pooja Deshmukh,Washim,Flu,General Physician,12,4.3,1354
4066,Dr. Kiran Jadhav,Washim,Flu,General Physician,1,4.3,246
4067,Dr. Amit Shinde,Washim,Flu,General Physician,9,4.6,470
4068,Dr. Anil Sharma,Washim,Flu,General Physician,35,4.0,1280
4069,Dr. Anil Gupta,Washim,Flu,General Physician,2,4.9,258
4070,Dr. Pooja Patil,Washim,Flu,General Physician,8,3.9,746
4071,Dr. Pooja Patil,Washim,Cold,General Physician,9,4.6,677
4072,Dr. Vikas Kulkarni,Washim,Cold,General Physician,2,4.6,270
4073,Dr. Amit Sharma,Washim,Cold,General Physician,15,3.6,881
4074,Dr. Neha Shinde,Washim,Cold,General Physician,27,4.9,917
4075,Dr. Neha Deshmukh,Washim,Cold,General Physician,31,3.7,1313
4076,Dr. Anil Gupta,Washim,Cold,General Physician,20,3.9,328
4077,Dr. Kiran Joshi,Washim,Cold,General Physician,35,4.6,836
4078,Dr. Kiran Gupta,Washim,Cold,General Physician,15,5.0,359
4079,Dr. Amit Deshmukh,Washim,Cold,General Physician,26,4.9,591
4080,Dr. Pooja Sharma,Washim,Cold,General Physician,31,4.2,583
4081,Dr. Neha Gupta,Washim,COVID-19,Pulmonologist,8,4.4,1013
4082,Dr. Vikas Patil,Washim,COVID-19,Pulmonologist,5,4.7,391
4083,Dr. Priya Gupta,Washim,COVID-19,Pulmonologist,12,4.4,901
4084,Dr. Amit Sharma,Washim,COVID-19,Pulmonologist,34,3.9,545
4085,Dr. Sneha Jadhav,Washim,COVID-19,Pulmonologist,30,4.3,647
4086,Dr. Rohit Joshi,Washim,COVID-19,Pulmonologist,13,4.3,730
4087,Dr. Vikas Kulkarni,Washim,COVID-19,Pulmonologist,34,4.5,378
4088,Dr. Rahul Gupta,Washim,COVID-19,Pulmonologist,30,3.6,1364
4089,Dr. Anil Gupta,Washim,COVID-19,Pulmonologist,12,3.9,908
4090,Dr. Amit Shinde,Washim,COVID-19,Pulmonologist,17,4.5,411
4091,Dr. Pooja Patil,Washim,Malaria,Infectious Disease,25,4.5,837
4092,Dr. Kiran Deshmukh,Washim,Malaria,Infectious Disease,18,3.7,372
4093,Dr. Rohit Jadhav,Washim,Malaria,Infectious Disease,26,4.1,860
4094,Dr. Priya Gupta,Washim,Malaria,Infectious Disease,4,4.6,847
4095,Dr. Pooja Deshmukh,Washim,Malaria,Infectious Disease,10,4.7,527
4096,Dr. Rahul Sharma,Washim,Malaria,Infectious Disease,17,5.0,396
4097,Dr. Priya Patil,Washim,Malaria,Infectious Disease,10,4.5,371
4098,Dr. Neha Shinde,Washim,Malaria,Infectious Disease,7,4.1,711
4099,Dr. Anil Sharma,Washim,Malaria,Infectious Disease,10,3.9,1439
4100,Dr. Sneha Joshi,Washim,Malaria,Infectious Disease,25,4.1,1133
4101,Dr. Neha Gupta,Washim,Dengue,Infectious Disease,16,4.1,1166
4102,Dr. Kiran Shinde,Washim,Dengue,Infectious Disease,27,4.5,503
4103,Dr. Rahul Sharma,Washim,Dengue,Infectious Disease,7,4.1,1111
4104,Dr. Rohit Deshmukh,Washim,Dengue,Infectious Disease,25,3.6,697
4105,Dr. Neha Shinde,Washim,Dengue,Infectious Disease,14,4.9,1054
4106,Dr. Anil Jadhav,Washim,Dengue,Infectious Disease,27,3.6,227
4107,Dr. Rahul Shinde,Washim,Dengue,Infectious Disease,22,3.7,847
4108,Dr. Pooja Deshmukh,Washim,Dengue,Infectious Disease,32,4.9,896
4109,Dr. Priya Gupta,Washim,Dengue,Infectious Disease,9,3.5,422
4110,Dr. Pooja Kulkarni,Washim,Dengue,Infectious Disease,28,4.3,703
4111,Dr. Pooja Gupta,Washim,Typhoid,General Physician,15,4.7,983
4112,Dr. Rahul Patil,Washim,Typhoid,General Physician,24,3.6,1314
4113,Dr. Rohit Kulkarni,Washim,Typhoid,General Physician,4,4.5,525
4114,Dr. Neha Deshmukh,Washim,Typhoid,General Physician,33,4.2,845
4115,Dr. Priya Jadhav,Washim,Typhoid,General Physician,1,4.8,757
4116,Dr. Neha Jadhav,Washim,Typhoid,General Physician,25,3.7,1053
4117,Dr. Rohit Deshmukh,Washim,Typhoid,General Physician,3,4.0,405
4118,Dr. Sneha Shinde,Washim,Typhoid,General Physician,26,4.8,1096
4119,Dr. Anil Kulkarni,Washim,Typhoid,General Physician,35,4.1,971
4120,Dr. Pooja Deshmukh,Washim,Typhoid,General Physician,8,4.1,594
4121,Dr. Sneha Shinde,Washim,Asthma,Pulmonologist,33,4.6,292
4122,Dr. Rahul Shinde,Washim,Asthma,Pulmonologist,3,4.9,812
4123,Dr. Amit Joshi,Washim,Asthma,Pulmonologist,14,4.7,821
4124,Dr. Neha Shinde,Washim,Asthma,Pulmonologist,25,3.8,1400
4125,Dr. Pooja Kulkarni,Washim,Asthma,Pulmonologist,30,4.6,626
4126,Dr. Rahul Deshmukh,Washim,Asthma,Pulmonologist,20,3.7,1493
4127,Dr. Amit Jadhav,Washim,Asthma,Pulmonologist,28,3.7,1439
4128,Dr. Anil Patil,Washim,Asthma,Pulmonologist,12,3.9,1067
4129,Dr. Neha Kulkarni,Washim,Asthma,Pulmonologist,10,4.6,265
4130,Dr. Sneha Jadhav,Washim,Asthma,Pulmonologist,33,3.9,1434
4131,Dr. Sneha Sharma,Washim,Diabetes,Endocrinologist,35,4.0,740
4132,Dr. Vikas Sharma,Washim,Diabetes,Endocrinologist,8,4.2,943
4133,Dr. Pooja Sharma,Washim,Diabetes,Endocrinologist,31,4.6,287
4134,Dr. Rohit Gupta,Washim,Diabetes,Endocrinologist,3,4.0,293
4135,Dr. Sneha Joshi,Washim,Diabetes,Endocrinologist,24,3.7,1209
4136,Dr. Sneha Sharma,Washim,Diabetes,Endocrinologist,11,4.1,960
4137,Dr. Amit Joshi,Washim,Diabetes,Endocrinologist,24,3.8,1042
4138,Dr. Rahul Kulkarni,Washim,Diabetes,Endocrinologist,6,4.6,705
4139,Dr. Sneha Sharma,Washim,Diabetes,Endocrinologist,17,4.3,1356
4140,Dr. Anil Deshmukh,Washim,Diabetes,Endocrinologist,11,4.1,1399
4141,Dr. Amit Jadhav,Washim,Migraine,Neurologist,3,5.0,345
4142,Dr. Rahul Patil,Washim,Migraine,Neurologist,31,3.9,293
4143,Dr. Kiran Jadhav,Washim,Migraine,Neurologist,23,4.8,940
4144,Dr. Priya Shinde,Washim,Migraine,Neurologist,26,4.6,1276
4145,Dr. Rohit Kulkarni,Washim,Migraine,Neurologist,6,4.5,1403
4146,Dr. Neha Sharma,Washim,Migraine,Neurologist,19,4.6,769
4147,Dr. Priya Joshi,Washim,Migraine,Neurologist,32,3.6,495
4148,Dr. Neha Sharma,Washim,Migraine,Neurologist,7,4.8,639
4149,Dr. Pooja Deshmukh,Washim,Migraine,Neurologist,19,3.7,961
4150,Dr. Amit Deshmukh,Washim,Migraine,Neurologist,1,4.0,817
4151,Dr. Priya Kulkarni,Washim,Food Poisoning,Gastroenterologist,27,4.4,650
4152,Dr. Neha Sharma,Washim,Food Poisoning,Gastroenterologist,1,3.6,425
4153,Dr. Sneha Gupta,Washim,Food Poisoning,Gastroenterologist,10,3.5,677
4154,Dr. Rohit Shinde,Washim,Food Poisoning,Gastroenterologist,15,4.3,290
4155,Dr. Kiran Deshmukh,Washim,Food Poisoning,Gastroenterologist,31,3.7,1007
4156,Dr. Kiran Shinde,Washim,Food Poisoning,Gastroenterologist,15,4.5,505
4157,Dr. Pooja Gupta,Washim,Food Poisoning,Gastroenterologist,12,4.1,611
4158,Dr. Rahul Deshmukh,Washim,Food Poisoning,Gastroenterologist,6,4.0,463
4159,Dr. Vikas Jadhav,Washim,Food Poisoning,Gastroenterologist,34,4.7,762
4160,Dr. Anil Patil,Washim,Food Poisoning,Gastroenterologist,12,3.7,819
4161,Dr. Amit Joshi,Washim,Jaundice,Hepatologist,5,4.7,1247
4162,Dr. Neha Shinde,Washim,Jaundice,Hepatologist,29,5.0,764
4163,Dr. Rohit Shinde,Washim,Jaundice,Hepatologist,34,3.7,1374
4164,Dr. Priya Patil,Washim,Jaundice,Hepatologist,5,4.5,991
4165,Dr. Pooja Jadhav,Washim,Jaundice,Hepatologist,15,4.7,1233
4166,Dr. Rohit Gupta,Washim,Jaundice,Hepatologist,34,4.4,624
4167,Dr. Rahul Patil,Washim,Jaundice,Hepatologist,35,4.6,1019
4168,Dr. Anil Sharma,Washim,Jaundice,Hepatologist,6,4.7,1269
4169,Dr. Pooja Gupta,Washim,Jaundice,Hepatologist,24,3.9,1353
4170,Dr. Pooja Patil,Washim,Jaundice,Hepatologist,25,4.6,1125
4171,Dr. Vikas Jadhav,Washim,Chickenpox,Dermatologist,9,4.8,1332
4172,Dr. Priya Gupta,Washim,Chickenpox,Dermatologist,33,4.8,1187
4173,Dr. Anil Joshi,Washim,Chickenpox,Dermatologist,3,3.9,272
4174,Dr. Neha Gupta,Washim,Chickenpox,Dermatologist,30,4.8,1001
4175,Dr. Rohit Deshmukh,Washim,Chickenpox,Dermatologist,35,4.1,987
4176,Dr. Vikas Kulkarni,Washim,Chickenpox,Dermatologist,13,4.4,1226
4177,Dr. Rohit Deshmukh,Washim,Chickenpox,Dermatologist,7,3.7,1285
4178,Dr. Rohit Shinde,Washim,Chickenpox,Dermatologist,1,3.6,1245
4179,Dr. Rohit Deshmukh,Washim,Chickenpox,Dermatologist,13,4.9,1129
4180,Dr. Priya Kulkarni,Washim,Chickenpox,Dermatologist,1,5.0,447
4181,Dr. Neha Shinde,Washim,Measles,Pediatrician,33,4.4,586
4182,Dr. Rohit Patil,Washim,Measles,Pediatrician,30,3.5,1036
4183,Dr. Rahul Shinde,Washim,Measles,Pediatrician,17,4.0,800
4184,Dr. Rohit Patil,Washim,Measles,Pediatrician,14,4.1,1143
4185,Dr. Amit Gupta,Washim,Measles,Pediatrician,32,4.3,650
4186,Dr. Neha Deshmukh,Washim,Measles,Pediatrician,25,4.4,1074
4187,Dr. Rohit Patil,Washim,Measles,Pediatrician,11,4.4,1006
4188,Dr. Amit Patil,Washim,Measles,Pediatrician,31,4.1,259
4189,Dr. Neha Shinde,Washim,Measles,Pediatrician,11,4.7,1323
4190,Dr. Neha Joshi,Washim,Measles,Pediatrician,16,4.9,764
4191,Dr. Neha Jadhav,Washim,Arthritis,Orthopedic,10,4.1,1193
4192,Dr. Sneha Deshmukh,Washim,Arthritis,Orthopedic,3,4.1,300
4193,Dr. Amit Joshi,Washim,Arthritis,Orthopedic,30,4.1,246
4194,Dr. Pooja Shinde,Washim,Arthritis,Orthopedic,21,4.3,762
4195,Dr. Sneha Jadhav,Washim,Arthritis,Orthopedic,11,3.7,518
4196,Dr. Sneha Jadhav,Washim,Arthritis,Orthopedic,31,4.6,369
4197,Dr. Rahul Jadhav,Washim,Arthritis,Orthopedic,23,4.1,751
4198,Dr. Anil Deshmukh,Washim,Arthritis,Orthopedic,28,4.0,494
4199,Dr. Anil Shinde,Washim,Arthritis,Orthopedic,20,4.9,739
4200,Dr. Amit Joshi,Washim,Arthritis,Orthopedic,32,4.4,1225
4201,Dr. Vikas Deshmukh,Buldhana,Flu,General Physician,5,3.8,1072
4202,Dr. Pooja Sharma,Buldhana,Flu,General Physician,17,5.0,1178
4203,Dr. Kiran Patil,Buldhana,Flu,General Physician,24,4.1,448
4204,Dr. Rahul Sharma,Buldhana,Flu,General Physician,28,4.1,1228
4205,Dr. Priya Gupta,Buldhana,Flu,General Physician,7,4.4,542
4206,Dr. Anil Joshi,Buldhana,Flu,General Physician,26,5.0,280
4207,Dr. Sneha Sharma,Buldhana,Flu,General Physician,7,3.5,300
4208,Dr. Vikas Joshi,Buldhana,Flu,General Physician,19,4.3,367
4209,Dr. Vikas Shinde,Buldhana,Flu,General Physician,24,4.5,592
4210,Dr. Pooja Shinde,Buldhana,Flu,General Physician,35,3.7,1285
4211,Dr. Vikas Kulkarni,Buldhana,Cold,General Physician,24,4.1,1399
4212,Dr. Priya Shinde,Buldhana,Cold,General Physician,30,3.7,462
4213,Dr. Vikas Deshmukh,Buldhana,Cold,General Physician,8,4.8,1368
4214,Dr. Sneha Joshi,Buldhana,Cold,General Physician,19,3.8,1490
4215,Dr. Rohit Gupta,Buldhana,Cold,General Physician,28,4.2,385
4216,Dr. Pooja Joshi,Buldhana,Cold,General Physician,17,4.0,778
4217,Dr. Anil Gupta,Buldhana,Cold,General Physician,14,4.0,1243
4218,Dr. Sneha Deshmukh,Buldhana,Cold,General Physician,33,4.6,427
4219,Dr. Neha Patil,Buldhana,Cold,General Physician,30,4.9,585
4220,Dr. Vikas Patil,Buldhana,Cold,General Physician,10,4.6,526
4221,Dr. Rahul Patil,Buldhana,COVID-19,Pulmonologist,27,3.5,978
4222,Dr. Sneha Joshi,Buldhana,COVID-19,Pulmonologist,10,4.3,1042
4223,Dr. Sneha Shinde,Buldhana,COVID-19,Pulmonologist,10,3.5,676
4224,Dr. Anil Jadhav,Buldhana,COVID-19,Pulmonologist,14,3.9,824
4225,Dr. Rahul Joshi,Buldhana,COVID-19,Pulmonologist,29,3.6,1003
4226,Dr. Vikas Kulkarni,Buldhana,COVID-19,Pulmonologist,28,4.5,1473
4227,Dr. Rahul Jadhav,Buldhana,COVID-19,Pulmonologist,25,4.1,644
4228,Dr. Neha Joshi,Buldhana,COVID-19,Pulmonologist,33,4.6,1070
4229,Dr. Kiran Kulkarni,Buldhana,COVID-19,Pulmonologist,27,4.6,1132
4230,Dr. Sneha Gupta,Buldhana,COVID-19,Pulmonologist,24,3.7,1387
4231,Dr. Rahul Joshi,Buldhana,Malaria,Infectious Disease,23,4.1,661
4232,Dr. Rohit Sharma,Buldhana,Malaria,Infectious Disease,22,4.1,1022
4233,Dr. Rahul Joshi,Buldhana,Malaria,Infectious Disease,28,4.7,408
4234,Dr. Anil Patil,Buldhana,Malaria,Infectious Disease,31,4.9,297
4235,Dr. Rahul Deshmukh,Buldhana,Malaria,Infectious Disease,14,3.7,453
4236,Dr. Pooja Deshmukh,Buldhana,Malaria,Infectious Disease,30,4.0,271
4237,Dr. Amit Joshi,Buldhana,Malaria,Infectious Disease,21,4.7,1424
4238,Dr. Neha Deshmukh,Buldhana,Malaria,Infectious Disease,31,4.0,803
4239,Dr. Sneha Patil,Buldhana,Malaria,Infectious Disease,15,4.4,1402
4240,Dr. Vikas Jadhav,Buldhana,Malaria,Infectious Disease,27,4.6,1064
4241,Dr. Pooja Joshi,Buldhana,Dengue,Infectious Disease,5,4.3,1238
4242,Dr. Pooja Patil,Buldhana,Dengue,Infectious Disease,28,4.1,782
4243,Dr. Sneha Joshi,Buldhana,Dengue,Infectious Disease,34,4.1,211
4244,Dr. Rohit Jadhav,Buldhana,Dengue,Infectious Disease,19,4.7,742
4245,Dr. Anil Joshi,Buldhana,Dengue,Infectious Disease,16,4.7,853
4246,Dr. Pooja Sharma,Buldhana,Dengue,Infectious Disease,21,5.0,623
4247,Dr. Priya Deshmukh,Buldhana,Dengue,Infectious Disease,31,4.5,594
4248,Dr. Amit Jadhav,Buldhana,Dengue,Infectious Disease,25,4.1,1297
4249,Dr. Amit Patil,Buldhana,Dengue,Infectious Disease,6,3.7,1036
4250,Dr. Kiran Deshmukh,Buldhana,Dengue,Infectious Disease,14,4.1,784
4251,Dr. Neha Deshmukh,Buldhana,Typhoid,General Physician,13,4.6,1071
4252,Dr. Vikas Shinde,Buldhana,Typhoid,General Physician,16,4.8,1268
4253,Dr. Pooja Deshmukh,Buldhana,Typhoid,General Physician,6,5.0,1293
4254,Dr. Rahul Patil,Buldhana,Typhoid,General Physician,6,3.6,1468
4255,Dr. Priya Sharma,Buldhana,Typhoid,General Physician,3,3.7,761
4256,Dr. Pooja Shinde,Buldhana,Typhoid,General Physician,10,4.2,257
4257,Dr. Vikas Gupta,Buldhana,Typhoid,General Physician,14,3.6,562
4258,Dr. Amit Joshi,Buldhana,Typhoid,General Physician,16,4.0,308
4259,Dr. Pooja Deshmukh,Buldhana,Typhoid,General Physician,6,5.0,696
4260,Dr. Rahul Sharma,Buldhana,Typhoid,General Physician,5,3.9,384
4261,Dr. Amit Gupta,Buldhana,Asthma,Pulmonologist,34,4.1,507
4262,Dr. Vikas Shinde,Buldhana,Asthma,Pulmonologist,6,4.0,307
4263,Dr. Priya Sharma,Buldhana,Asthma,Pulmonologist,21,3.5,344
4264,Dr. Vikas Joshi,Buldhana,Asthma,Pulmonologist,25,4.1,567
4265,Dr. Pooja Joshi,Buldhana,Asthma,Pulmonologist,7,4.0,1187
4266,Dr. Neha Shinde,Buldhana,Asthma,Pulmonologist,35,5.0,546
4267,Dr. Vikas Deshmukh,Buldhana,Asthma,Pulmonologist,26,3.7,1273
4268,Dr. Rahul Jadhav,Buldhana,Asthma,Pulmonologist,23,4.7,1276
4269,Dr. Rahul Patil,Buldhana,Asthma,Pulmonologist,35,4.5,642
4270,Dr. Neha Jadhav,Buldhana,Asthma,Pulmonologist,7,4.6,1476
4271,Dr. Amit Patil,Buldhana,Diabetes,Endocrinologist,6,4.1,350
4272,Dr. Anil Deshmukh,Buldhana,Diabetes,Endocrinologist,20,4.8,1126
4273,Dr. Kiran Sharma,Buldhana,Diabetes,Endocrinologist,33,3.6,525
4274,Dr. Amit Sharma,Buldhana,Diabetes,Endocrinologist,17,3.7,1385
4275,Dr. Vikas Shinde,Buldhana,Diabetes,Endocrinologist,21,3.7,446
4276,Dr. Pooja Sharma,Buldhana,Diabetes,Endocrinologist,24,3.9,1164
4277,Dr. Anil Kulkarni,Buldhana,Diabetes,Endocrinologist,1,3.8,256
4278,Dr. Neha Gupta,Buldhana,Diabetes,Endocrinologist,14,3.6,988
4279,Dr. Pooja Gupta,Buldhana,Diabetes,Endocrinologist,1,4.5,914
4280,Dr. Pooja Deshmukh,Buldhana,Diabetes,Endocrinologist,8,3.5,436
4281,Dr. Sneha Sharma,Buldhana,Migraine,Neurologist,25,4.3,1370
4282,Dr. Sneha Joshi,Buldhana,Migraine,Neurologist,33,4.3,544
4283,Dr. Vikas Shinde,Buldhana,Migraine,Neurologist,31,4.9,282
4284,Dr. Kiran Deshmukh,Buldhana,Migraine,Neurologist,32,4.7,1082
4285,Dr. Pooja Patil,Buldhana,Migraine,Neurologist,13,4.2,1457
4286,Dr. Vikas Jadhav,Buldhana,Migraine,Neurologist,5,4.8,1029
4287,Dr. Sneha Sharma,Buldhana,Migraine,Neurologist,32,4.7,406
4288,Dr. Amit Kulkarni,Buldhana,Migraine,Neurologist,28,4.6,1171
4289,Dr. Anil Sharma,Buldhana,Migraine,Neurologist,5,4.6,1185
4290,Dr. Neha Joshi,Buldhana,Migraine,Neurologist,28,4.6,1312
4291,Dr. Rahul Sharma,Buldhana,Food Poisoning,Gastroenterologist,18,4.9,1091
4292,Dr. Rohit Jadhav,Buldhana,Food Poisoning,Gastroenterologist,4,4.9,1227
4293,Dr. Rahul Sharma,Buldhana,Food Poisoning,Gastroenterologist,14,3.8,1346
4294,Dr. Pooja Sharma,Buldhana,Food Poisoning,Gastroenterologist,20,4.0,1117
4295,Dr. Anil Sharma,Buldhana,Food Poisoning,Gastroenterologist,34,4.9,903
4296,Dr. Amit Kulkarni,Buldhana,Food Poisoning,Gastroenterologist,33,3.7,1347
4297,Dr. Sneha Shinde,Buldhana,Food Poisoning,Gastroenterologist,6,3.8,625
4298,Dr. Rohit Gupta,Buldhana,Food Poisoning,Gastroenterologist,4,4.7,1463
4299,Dr. Amit Shinde,Buldhana,Food Poisoning,Gastroenterologist,2,4.5,888
4300,Dr. Amit Joshi,Buldhana,Food Poisoning,Gastroenterologist,33,4.0,1474
4301,Dr. Vikas Jadhav,Buldhana,Jaundice,Hepatologist,2,4.9,805
4302,Dr. Vikas Patil,Buldhana,Jaundice,Hepatologist,33,3.5,349
4303,Dr. Kiran Jadhav,Buldhana,Jaundice,Hepatologist,26,3.9,1495
4304,Dr. Rohit Sharma,Buldhana,Jaundice,Hepatologist,26,4.1,560
4305,Dr. Rohit Joshi,Buldhana,Jaundice,Hepatologist,17,3.8,586
4306,Dr. Priya Jadhav,Buldhana,Jaundice,Hepatologist,18,4.9,1378
4307,Dr. Pooja Deshmukh,Buldhana,Jaundice,Hepatologist,30,3.7,1073
4308,Dr. Anil Gupta,Buldhana,Jaundice,Hepatologist,21,4.4,806
4309,Dr. Rahul Kulkarni,Buldhana,Jaundice,Hepatologist,34,3.7,334
4310,Dr. Kiran Patil,Buldhana,Jaundice,Hepatologist,31,4.6,1275
4311,Dr. Priya Jadhav,Buldhana,Chickenpox,Dermatologist,19,4.2,267
4312,Dr. Rahul Patil,Buldhana,Chickenpox,Dermatologist,34,4.6,1436
4313,Dr. Sneha Jadhav,Buldhana,Chickenpox,Dermatologist,5,4.3,483
4314,Dr. Sneha Sharma,Buldhana,Chickenpox,Dermatologist,23,4.9,859
4315,Dr. Rohit Joshi,Buldhana,Chickenpox,Dermatologist,7,3.7,298
4316,Dr. Anil Sharma,Buldhana,Chickenpox,Dermatologist,27,4.8,878
4317,Dr. Anil Jadhav,Buldhana,Chickenpox,Dermatologist,29,5.0,215
4318,Dr. Rahul Gupta,Buldhana,Chickenpox,Dermatologist,25,4.7,1363
4319,Dr. Neha Gupta,Buldhana,Chickenpox,Dermatologist,1,3.6,1200
4320,Dr. Neha Kulkarni,Buldhana,Chickenpox,Dermatologist,1,3.9,383
4321,Dr. Pooja Joshi,Buldhana,Measles,Pediatrician,30,3.8,1230
4322,Dr. Vikas Kulkarni,Buldhana,Measles,Pediatrician,33,4.4,782
4323,Dr. Neha Kulkarni,Buldhana,Measles,Pediatrician,6,3.8,1110
4324,Dr. Sneha Kulkarni,Buldhana,Measles,Pediatrician,35,3.7,1079
4325,Dr. Anil Shinde,Buldhana,Measles,Pediatrician,22,3.8,1020
4326,Dr. Anil Patil,Buldhana,Measles,Pediatrician,15,3.7,255
4327,Dr. Kiran Joshi,Buldhana,Measles,Pediatrician,29,4.1,1241
4328,Dr. Priya Patil,Buldhana,Measles,Pediatrician,24,5.0,1112
4329,Dr. Neha Sharma,Buldhana,Measles,Pediatrician,8,4.2,370
4330,Dr. Neha Joshi,Buldhana,Measles,Pediatrician,13,3.9,394
4331,Dr. Vikas Sharma,Buldhana,Arthritis,Orthopedic,34,4.5,592
4332,Dr. Anil Jadhav,Buldhana,Arthritis,Orthopedic,7,4.5,1248
4333,Dr. Sneha Deshmukh,Buldhana,Arthritis,Orthopedic,32,4.4,249
4334,Dr. Priya Joshi,Buldhana,Arthritis,Orthopedic,2,4.5,589
4335,Dr. Pooja Jadhav,Buldhana,Arthritis,Orthopedic,14,4.4,325
4336,Dr. Amit Joshi,Buldhana,Arthritis,Orthopedic,23,4.8,1153
4337,Dr. Sneha Joshi,Buldhana,Arthritis,Orthopedic,3,3.7,1444
4338,Dr. Rohit Sharma,Buldhana,Arthritis,Orthopedic,28,5.0,1454
4339,Dr. Kiran Jadhav,Buldhana,Arthritis,Orthopedic,14,4.6,485
4340,Dr. Kiran Jadhav,Buldhana,Arthritis,Orthopedic,32,4.9,518
4341,Dr. Sneha Sharma,Gadchiroli,Flu,General Physician,11,4.6,504
4342,Dr. Neha Sharma,Gadchiroli,Flu,General Physician,32,3.7,1022
4343,Dr. Rohit Jadhav,Gadchiroli,Flu,General Physician,27,4.6,223
4344,Dr. Amit Deshmukh,Gadchiroli,Flu,General Physician,25,3.9,581
4345,Dr. Sneha Sharma,Gadchiroli,Flu,General Physician,11,4.5,1434
4346,Dr. Vikas Gupta,Gadchiroli,Flu,General Physician,6,4.4,1459
4347,Dr. Neha Jadhav,Gadchiroli,Flu,General Physician,24,4.5,1043
4348,Dr. Vikas Kulkarni,Gadchiroli,Flu,General Physician,24,4.8,1016
4349,Dr. Amit Sharma,Gadchiroli,Flu,General Physician,26,3.9,1197
4350,Dr. Neha Jadhav,Gadchiroli,Flu,General Physician,9,4.2,224
4351,Dr. Amit Kulkarni,Gadchiroli,Cold,General Physician,2,5.0,943
4352,Dr. Rohit Shinde,Gadchiroli,Cold,General Physician,5,4.3,407
4353,Dr. Vikas Deshmukh,Gadchiroli,Cold,General Physician,11,4.2,624
4354,Dr. Pooja Sharma,Gadchiroli,Cold,General Physician,16,3.6,533
4355,Dr. Vikas Deshmukh,Gadchiroli,Cold,General Physician,14,3.6,1483
4356,Dr. Kiran Shinde,Gadchiroli,Cold,General Physician,23,3.6,920
4357,Dr. Kiran Kulkarni,Gadchiroli,Cold,General Physician,15,4.1,427
4358,Dr. Anil Sharma,Gadchiroli,Cold,General Physician,9,4.2,1252
4359,Dr. Priya Shinde,Gadchiroli,Cold,General Physician,31,4.9,1212
4360,Dr. Rohit Sharma,Gadchiroli,Cold,General Physician,10,4.7,1412
4361,Dr. Pooja Patil,Gadchiroli,COVID-19,Pulmonologist,29,4.9,1036
4362,Dr. Pooja Joshi,Gadchiroli,COVID-19,Pulmonologist,10,3.7,1304
4363,Dr. Priya Jadhav,Gadchiroli,COVID-19,Pulmonologist,24,3.7,1020
4364,Dr. Rahul Deshmukh,Gadchiroli,COVID-19,Pulmonologist,1,3.9,1061
4365,Dr. Kiran Kulkarni,Gadchiroli,COVID-19,Pulmonologist,7,4.3,1357
4366,Dr. Rahul Gupta,Gadchiroli,COVID-19,Pulmonologist,29,4.9,1271
4367,Dr. Rohit Shinde,Gadchiroli,COVID-19,Pulmonologist,15,4.0,533
4368,Dr. Priya Shinde,Gadchiroli,COVID-19,Pulmonologist,4,3.8,1328
4369,Dr. Neha Kulkarni,Gadchiroli,COVID-19,Pulmonologist,29,3.6,1254
4370,Dr. Amit Sharma,Gadchiroli,COVID-19,Pulmonologist,11,3.8,743
4371,Dr. Vikas Jadhav,Gadchiroli,Malaria,Infectious Disease,33,3.9,723
4372,Dr. Priya Patil,Gadchiroli,Malaria,Infectious Disease,9,4.7,1255
4373,Dr. Neha Joshi,Gadchiroli,Malaria,Infectious Disease,5,3.6,1204
4374,Dr. Rohit Sharma,Gadchiroli,Malaria,Infectious Disease,32,3.8,1252
4375,Dr. Rohit Deshmukh,Gadchiroli,Malaria,Infectious Disease,34,4.2,804
4376,Dr. Sneha Patil,Gadchiroli,Malaria,Infectious Disease,30,4.8,778
4377,Dr. Sneha Jadhav,Gadchiroli,Malaria,Infectious Disease,35,3.6,756
4378,Dr. Sneha Jadhav,Gadchiroli,Malaria,Infectious Disease,17,3.7,349
4379,Dr. Rohit Jadhav,Gadchiroli,Malaria,Infectious Disease,33,4.7,472
4380,Dr. Priya Joshi,Gadchiroli,Malaria,Infectious Disease,5,4.5,617
4381,Dr. Priya Kulkarni,Gadchiroli,Dengue,Infectious Disease,34,4.1,222
4382,Dr. Pooja Kulkarni,Gadchiroli,Dengue,Infectious Disease,3,3.8,784
4383,Dr. Pooja Jadhav,Gadchiroli,Dengue,Infectious Disease,29,4.5,934
4384,Dr. Vikas Joshi,Gadchiroli,Dengue,Infectious Disease,27,3.6,378
4385,Dr. Sneha Kulkarni,Gadchiroli,Dengue,Infectious Disease,17,4.9,1243
4386,Dr. Rahul Deshmukh,Gadchiroli,Dengue,Infectious Disease,3,3.8,1006
4387,Dr. Vikas Joshi,Gadchiroli,Dengue,Infectious Disease,34,3.6,1029
4388,Dr. Vikas Sharma,Gadchiroli,Dengue,Infectious Disease,18,4.2,460
4389,Dr. Pooja Jadhav,Gadchiroli,Dengue,Infectious Disease,12,4.4,1193
4390,Dr. Pooja Gupta,Gadchiroli,Dengue,Infectious Disease,33,4.9,467
4391,Dr. Kiran Deshmukh,Gadchiroli,Typhoid,General Physician,8,4.3,1043
4392,Dr. Amit Jadhav,Gadchiroli,Typhoid,General Physician,14,4.3,452
4393,Dr. Amit Gupta,Gadchiroli,Typhoid,General Physician,11,4.1,1414
4394,Dr. Anil Kulkarni,Gadchiroli,Typhoid,General Physician,31,4.1,879
4395,Dr. Amit Shinde,Gadchiroli,Typhoid,General Physician,31,3.7,766
4396,Dr. Rahul Kulkarni,Gadchiroli,Typhoid,General Physician,3,4.3,477
4397,Dr. Vikas Patil,Gadchiroli,Typhoid,General Physician,16,4.8,1403
4398,Dr. Priya Deshmukh,Gadchiroli,Typhoid,General Physician,32,4.2,1410
4399,Dr. Kiran Gupta,Gadchiroli,Typhoid,General Physician,18,3.8,914
4400,Dr. Anil Patil,Gadchiroli,Typhoid,General Physician,21,3.9,1060
4401,Dr. Anil Gupta,Gadchiroli,Asthma,Pulmonologist,21,4.9,763
4402,Dr. Kiran Deshmukh,Gadchiroli,Asthma,Pulmonologist,3,4.0,1313
4403,Dr. Kiran Joshi,Gadchiroli,Asthma,Pulmonologist,14,4.3,760
4404,Dr. Rohit Jadhav,Gadchiroli,Asthma,Pulmonologist,31,4.8,424
4405,Dr. Vikas Joshi,Gadchiroli,Asthma,Pulmonologist,35,4.5,1275
4406,Dr. Kiran Deshmukh,Gadchiroli,Asthma,Pulmonologist,3,4.2,271
4407,Dr. Neha Kulkarni,Gadchiroli,Asthma,Pulmonologist,24,3.9,677
4408,Dr. Vikas Kulkarni,Gadchiroli,Asthma,Pulmonologist,7,4.9,508
4409,Dr. Sneha Shinde,Gadchiroli,Asthma,Pulmonologist,16,3.7,376
4410,Dr. Anil Jadhav,Gadchiroli,Asthma,Pulmonologist,9,4.5,1179
4411,Dr. Pooja Kulkarni,Gadchiroli,Diabetes,Endocrinologist,33,3.8,901
4412,Dr. Sneha Jadhav,Gadchiroli,Diabetes,Endocrinologist,35,4.9,301
4413,Dr. Priya Joshi,Gadchiroli,Diabetes,Endocrinologist,26,5.0,1316
4414,Dr. Rohit Jadhav,Gadchiroli,Diabetes,Endocrinologist,5,3.9,676
4415,Dr. Anil Patil,Gadchiroli,Diabetes,Endocrinologist,26,4.2,950
4416,Dr. Anil Deshmukh,Gadchiroli,Diabetes,Endocrinologist,1,3.9,480
4417,Dr. Sneha Shinde,Gadchiroli,Diabetes,Endocrinologist,7,3.8,304
4418,Dr. Neha Jadhav,Gadchiroli,Diabetes,Endocrinologist,22,5.0,854
4419,Dr. Amit Joshi,Gadchiroli,Diabetes,Endocrinologist,13,3.5,1418
4420,Dr. Pooja Patil,Gadchiroli,Diabetes,Endocrinologist,12,3.6,455
4421,Dr. Sneha Shinde,Gadchiroli,Migraine,Neurologist,23,3.5,603
4422,Dr. Sneha Deshmukh,Gadchiroli,Migraine,Neurologist,4,4.0,819
4423,Dr. Pooja Deshmukh,Gadchiroli,Migraine,Neurologist,9,4.2,496
4424,Dr. Rohit Gupta,Gadchiroli,Migraine,Neurologist,23,3.7,859
4425,Dr. Kiran Patil,Gadchiroli,Migraine,Neurologist,1,4.2,1350
4426,Dr. Sneha Gupta,Gadchiroli,Migraine,Neurologist,4,5.0,1426
4427,Dr. Rahul Jadhav,Gadchiroli,Migraine,Neurologist,11,4.4,1452
4428,Dr. Rohit Deshmukh,Gadchiroli,Migraine,Neurologist,8,4.7,1484
4429,Dr. Sneha Deshmukh,Gadchiroli,Migraine,Neurologist,26,4.4,630
4430,Dr. Pooja Gupta,Gadchiroli,Migraine,Neurologist,35,4.7,1184
4431,Dr. Kiran Shinde,Gadchiroli,Food Poisoning,Gastroenterologist,23,4.3,448
4432,Dr. Amit Gupta,Gadchiroli,Food Poisoning,Gastroenterologist,19,3.7,687
4433,Dr. Kiran Shinde,Gadchiroli,Food Poisoning,Gastroenterologist,12,4.7,369
4434,Dr. Vikas Sharma,Gadchiroli,Food Poisoning,Gastroenterologist,34,4.6,664
4435,Dr. Amit Sharma,Gadchiroli,Food Poisoning,Gastroenterologist,3,4.1,657
4436,Dr. Pooja Joshi,Gadchiroli,Food Poisoning,Gastroenterologist,24,4.3,1437
4437,Dr. Neha Kulkarni,Gadchiroli,Food Poisoning,Gastroenterologist,34,3.8,1347
4438,Dr. Anil Patil,Gadchiroli,Food Poisoning,Gastroenterologist,5,4.8,1227
4439,Dr. Rohit Deshmukh,Gadchiroli,Food Poisoning,Gastroenterologist,4,4.0,1102
4440,Dr. Sneha Deshmukh,Gadchiroli,Food Poisoning,Gastroenterologist,32,4.7,1223
4441,Dr. Anil Shinde,Gadchiroli,Jaundice,Hepatologist,8,3.8,444
4442,Dr. Sneha Sharma,Gadchiroli,Jaundice,Hepatologist,22,4.7,1457
4443,Dr. Anil Gupta,Gadchiroli,Jaundice,Hepatologist,8,3.8,637
4444,Dr. Sneha Shinde,Gadchiroli,Jaundice,Hepatologist,9,4.9,698
4445,Dr. Priya Jadhav,Gadchiroli,Jaundice,Hepatologist,18,4.7,770
4446,Dr. Amit Gupta,Gadchiroli,Jaundice,Hepatologist,30,4.4,369
4447,Dr. Rohit Shinde,Gadchiroli,Jaundice,Hepatologist,23,3.6,1085
4448,Dr. Pooja Patil,Gadchiroli,Jaundice,Hepatologist,8,4.3,562
4449,Dr. Pooja Deshmukh,Gadchiroli,Jaundice,Hepatologist,34,4.5,621
4450,Dr. Sneha Sharma,Gadchiroli,Jaundice,Hepatologist,7,4.8,914
4451,Dr. Anil Joshi,Gadchiroli,Chickenpox,Dermatologist,13,3.9,201
4452,Dr. Rohit Patil,Gadchiroli,Chickenpox,Dermatologist,27,4.4,353
4453,Dr. Priya Shinde,Gadchiroli,Chickenpox,Dermatologist,31,3.6,1500
4454,Dr. Sneha Gupta,Gadchiroli,Chickenpox,Dermatologist,10,5.0,242
4455,Dr. Vikas Sharma,Gadchiroli,Chickenpox,Dermatologist,4,4.2,1116
4456,Dr. Sneha Gupta,Gadchiroli,Chickenpox,Dermatologist,1,4.8,372
4457,Dr. Sneha Gupta,Gadchiroli,Chickenpox,Dermatologist,19,3.9,1154
4458,Dr. Kiran Gupta,Gadchiroli,Chickenpox,Dermatologist,32,4.4,946
4459,Dr. Rohit Joshi,Gadchiroli,Chickenpox,Dermatologist,27,4.5,858
4460,Dr. Anil Joshi,Gadchiroli,Chickenpox,Dermatologist,30,4.6,568
4461,Dr. Priya Joshi,Gadchiroli,Measles,Pediatrician,19,3.8,698
4462,Dr. Priya Joshi,Gadchiroli,Measles,Pediatrician,10,3.6,632
4463,Dr. Kiran Kulkarni,Gadchiroli,Measles,Pediatrician,19,4.0,1170
4464,Dr. Rahul Jadhav,Gadchiroli,Measles,Pediatrician,9,4.1,1381
4465,Dr. Rahul Gupta,Gadchiroli,Measles,Pediatrician,3,4.9,455
4466,Dr. Kiran Gupta,Gadchiroli,Measles,Pediatrician,7,5.0,696
4467,Dr. Neha Joshi,Gadchiroli,Measles,Pediatrician,31,3.9,1126
4468,Dr. Amit Sharma,Gadchiroli,Measles,Pediatrician,29,3.5,955
4469,Dr. Vikas Gupta,Gadchiroli,Measles,Pediatrician,12,4.4,1095
4470,Dr. Pooja Jadhav,Gadchiroli,Measles,Pediatrician,14,4.3,751
4471,Dr. Amit Patil,Gadchiroli,Arthritis,Orthopedic,21,3.9,855
4472,Dr. Rahul Joshi,Gadchiroli,Arthritis,Orthopedic,19,4.5,1295
4473,Dr. Rohit Joshi,Gadchiroli,Arthritis,Orthopedic,8,4.9,1458
4474,Dr. Anil Jadhav,Gadchiroli,Arthritis,Orthopedic,21,3.7,1185
4475,Dr. Sneha Sharma,Gadchiroli,Arthritis,Orthopedic,15,5.0,439
4476,Dr. Kiran Joshi,Gadchiroli,Arthritis,Orthopedic,11,5.0,1031
4477,Dr. Sneha Jadhav,Gadchiroli,Arthritis,Orthopedic,29,3.5,694
4478,Dr. Neha Deshmukh,Gadchiroli,Arthritis,Orthopedic,18,4.3,1103
4479,Dr. Amit Kulkarni,Gadchiroli,Arthritis,Orthopedic,22,3.9,247
4480,Dr. Neha Patil,Gadchiroli,Arthritis,Orthopedic,28,3.9,953
4481,Dr. Sneha Shinde,Karad,Flu,General Physician,17,4.8,485
4482,Dr. Kiran Deshmukh,Karad,Flu,General Physician,9,4.7,802
4483,Dr. Kiran Joshi,Karad,Flu,General Physician,5,4.4,644
4484,Dr. Vikas Gupta,Karad,Flu,General Physician,33,4.0,940
4485,Dr. Anil Kulkarni,Karad,Flu,General Physician,32,4.4,360
4486,Dr. Anil Gupta,Karad,Flu,General Physician,19,3.9,457
4487,Dr. Vikas Gupta,Karad,Flu,General Physician,20,3.8,1120
4488,Dr. Rahul Patil,Karad,Flu,General Physician,35,3.6,1325
4489,Dr. Vikas Joshi,Karad,Flu,General Physician,28,4.1,547
4490,Dr. Amit Joshi,Karad,Flu,General Physician,32,4.1,518
4491,Dr. Pooja Gupta,Karad,Cold,General Physician,33,4.2,1256
4492,Dr. Priya Deshmukh,Karad,Cold,General Physician,22,3.9,622
4493,Dr. Rahul Deshmukh,Karad,Cold,General Physician,30,3.8,568
4494,Dr. Anil Shinde,Karad,Cold,General Physician,29,4.3,571
4495,Dr. Vikas Jadhav,Karad,Cold,General Physician,31,5.0,849
4496,Dr. Amit Kulkarni,Karad,Cold,General Physician,31,3.8,727
4497,Dr. Pooja Sharma,Karad,Cold,General Physician,3,4.2,414
4498,Dr. Vikas Joshi,Karad,Cold,General Physician,22,4.9,1416
4499,Dr. Amit Joshi,Karad,Cold,General Physician,2,4.0,568
4500,Dr. Rahul Sharma,Karad,Cold,General Physician,10,4.7,1271
4501,Dr. Neha Gupta,Karad,COVID-19,Pulmonologist,20,3.5,660
4502,Dr. Rohit Joshi,Karad,COVID-19,Pulmonologist,28,4.5,731
4503,Dr. Kiran Jadhav,Karad,COVID-19,Pulmonologist,35,4.8,1010
4504,Dr. Amit Gupta,Karad,COVID-19,Pulmonologist,11,5.0,356
4505,Dr. Priya Patil,Karad,COVID-19,Pulmonologist,5,3.5,697
4506,Dr. Rohit Kulkarni,Karad,COVID-19,Pulmonologist,5,4.2,1441
4507,Dr. Vikas Joshi,Karad,COVID-19,Pulmonologist,21,4.5,1444
4508,Dr. Amit Joshi,Karad,COVID-19,Pulmonologist,10,5.0,354
4509,Dr. Pooja Joshi,Karad,COVID-19,Pulmonologist,28,3.8,1284
4510,Dr. Neha Jadhav,Karad,COVID-19,Pulmonologist,27,3.7,302
4511,Dr. Anil Joshi,Karad,Malaria,Infectious Disease,32,4.2,662
4512,Dr. Priya Jadhav,Karad,Malaria,Infectious Disease,11,4.3,1495
4513,Dr. Sneha Patil,Karad,Malaria,Infectious Disease,27,3.9,657
4514,Dr. Neha Shinde,Karad,Malaria,Infectious Disease,21,3.8,1154
4515,Dr. Priya Joshi,Karad,Malaria,Infectious Disease,4,4.5,1138
4516,Dr. Kiran Joshi,Karad,Malaria,Infectious Disease,32,4.9,842
4517,Dr. Sneha Deshmukh,Karad,Malaria,Infectious Disease,24,3.9,477
4518,Dr. Kiran Gupta,Karad,Malaria,Infectious Disease,17,4.6,1211
4519,Dr. Sneha Gupta,Karad,Malaria,Infectious Disease,2,4.2,633
4520,Dr. Rohit Jadhav,Karad,Malaria,Infectious Disease,8,4.0,408
4521,Dr. Sneha Shinde,Karad,Dengue,Infectious Disease,22,3.9,782
4522,Dr. Kiran Shinde,Karad,Dengue,Infectious Disease,21,4.5,276
4523,Dr. Anil Deshmukh,Karad,Dengue,Infectious Disease,28,5.0,1198
4524,Dr. Priya Sharma,Karad,Dengue,Infectious Disease,12,4.7,559
4525,Dr. Pooja Patil,Karad,Dengue,Infectious Disease,30,4.5,1121
4526,Dr. Pooja Patil,Karad,Dengue,Infectious Disease,16,3.7,847
4527,Dr. Sneha Gupta,Karad,Dengue,Infectious Disease,5,4.1,537
4528,Dr. Rohit Sharma,Karad,Dengue,Infectious Disease,24,3.7,865
4529,Dr. Pooja Sharma,Karad,Dengue,Infectious Disease,17,4.0,1367
4530,Dr. Priya Sharma,Karad,Dengue,Infectious Disease,19,4.8,812
4531,Dr. Sneha Deshmukh,Karad,Typhoid,General Physician,26,4.4,942
4532,Dr. Anil Joshi,Karad,Typhoid,General Physician,21,4.1,758
4533,Dr. Anil Shinde,Karad,Typhoid,General Physician,17,4.6,1398
4534,Dr. Anil Gupta,Karad,Typhoid,General Physician,6,4.1,1492
4535,Dr. Rahul Gupta,Karad,Typhoid,General Physician,3,4.9,349
4536,Dr. Sneha Shinde,Karad,Typhoid,General Physician,29,3.9,370
4537,Dr. Anil Gupta,Karad,Typhoid,General Physician,25,4.1,677
4538,Dr. Pooja Gupta,Karad,Typhoid,General Physician,30,4.3,1457
4539,Dr. Vikas Shinde,Karad,Typhoid,General Physician,17,3.6,655
4540,Dr. Pooja Joshi,Karad,Typhoid,General Physician,34,4.7,920
4541,Dr. Priya Joshi,Karad,Asthma,Pulmonologist,8,4.1,713
4542,Dr. Vikas Kulkarni,Karad,Asthma,Pulmonologist,31,4.0,1296
4543,Dr. Rohit Gupta,Karad,Asthma,Pulmonologist,34,4.9,1431
4544,Dr. Anil Joshi,Karad,Asthma,Pulmonologist,25,4.2,660
4545,Dr. Rohit Kulkarni,Karad,Asthma,Pulmonologist,27,4.2,365
4546,Dr. Sneha Patil,Karad,Asthma,Pulmonologist,8,4.7,734
4547,Dr. Vikas Jadhav,Karad,Asthma,Pulmonologist,25,3.8,838
4548,Dr. Priya Joshi,Karad,Asthma,Pulmonologist,12,4.1,978
4549,Dr. Anil Shinde,Karad,Asthma,Pulmonologist,1,4.9,1090
4550,Dr. Amit Kulkarni,Karad,Asthma,Pulmonologist,5,3.7,369
4551,Dr. Vikas Kulkarni,Karad,Diabetes,Endocrinologist,18,4.4,782
4552,Dr. Pooja Patil,Karad,Diabetes,Endocrinologist,35,4.3,665
4553,Dr. Amit Patil,Karad,Diabetes,Endocrinologist,1,3.7,262
4554,Dr. Sneha Kulkarni,Karad,Diabetes,Endocrinologist,24,3.6,1222
4555,Dr. Kiran Kulkarni,Karad,Diabetes,Endocrinologist,2,4.6,744
4556,Dr. Neha Patil,Karad,Diabetes,Endocrinologist,1,3.5,1233
4557,Dr. Anil Jadhav,Karad,Diabetes,Endocrinologist,30,3.7,725
4558,Dr. Vikas Sharma,Karad,Diabetes,Endocrinologist,2,4.6,271
4559,Dr. Vikas Kulkarni,Karad,Diabetes,Endocrinologist,22,4.7,386
4560,Dr. Priya Jadhav,Karad,Diabetes,Endocrinologist,34,3.9,352
4561,Dr. Anil Joshi,Karad,Migraine,Neurologist,19,3.9,1291
4562,Dr. Anil Kulkarni,Karad,Migraine,Neurologist,18,4.9,462
4563,Dr. Anil Shinde,Karad,Migraine,Neurologist,26,3.9,1172
4564,Dr. Rohit Gupta,Karad,Migraine,Neurologist,6,4.1,242
4565,Dr. Pooja Gupta,Karad,Migraine,Neurologist,10,4.1,1007
4566,Dr. Rohit Gupta,Karad,Migraine,Neurologist,13,4.7,286
4567,Dr. Sneha Patil,Karad,Migraine,Neurologist,21,3.6,1112
4568,Dr. Kiran Joshi,Karad,Migraine,Neurologist,29,4.9,1144
4569,Dr. Rohit Patil,Karad,Migraine,Neurologist,21,4.2,269
4570,Dr. Vikas Kulkarni,Karad,Migraine,Neurologist,30,3.5,920
4571,Dr. Vikas Deshmukh,Karad,Food Poisoning,Gastroenterologist,11,4.1,260
4572,Dr. Rohit Kulkarni,Karad,Food Poisoning,Gastroenterologist,2,3.8,824
4573,Dr. Amit Sharma,Karad,Food Poisoning,Gastroenterologist,30,3.8,757
4574,Dr. Rohit Sharma,Karad,Food Poisoning,Gastroenterologist,3,5.0,635
4575,Dr. Amit Jadhav,Karad,Food Poisoning,Gastroenterologist,34,4.0,860
4576,Dr. Rohit Gupta,Karad,Food Poisoning,Gastroenterologist,8,4.6,967
4577,Dr. Kiran Deshmukh,Karad,Food Poisoning,Gastroenterologist,17,4.0,806
4578,Dr. Rahul Patil,Karad,Food Poisoning,Gastroenterologist,7,4.7,1211
4579,Dr. Anil Jadhav,Karad,Food Poisoning,Gastroenterologist,15,3.6,655
4580,Dr. Neha Kulkarni,Karad,Food Poisoning,Gastroenterologist,34,4.8,1240
4581,Dr. Vikas Gupta,Karad,Jaundice,Hepatologist,23,3.9,913
4582,Dr. Anil Patil,Karad,Jaundice,Hepatologist,24,4.4,327
4583,Dr. Pooja Deshmukh,Karad,Jaundice,Hepatologist,25,3.9,1201
4584,Dr. Pooja Deshmukh,Karad,Jaundice,Hepatologist,25,4.1,1221
4585,Dr. Anil Sharma,Karad,Jaundice,Hepatologist,14,4.4,592
4586,Dr. Amit Joshi,Karad,Jaundice,Hepatologist,17,3.6,1497
4587,Dr. Rahul Deshmukh,Karad,Jaundice,Hepatologist,8,4.5,1492
4588,Dr. Anil Deshmukh,Karad,Jaundice,Hepatologist,2,4.5,1259
4589,Dr. Amit Joshi,Karad,Jaundice,Hepatologist,16,4.9,1288
4590,Dr. Priya Patil,Karad,Jaundice,Hepatologist,21,4.7,928
4591,Dr. Amit Jadhav,Karad,Chickenpox,Dermatologist,2,4.8,546
4592,Dr. Sneha Deshmukh,Karad,Chickenpox,Dermatologist,13,4.5,1302
4593,Dr. Priya Shinde,Karad,Chickenpox,Dermatologist,14,5.0,1243
4594,Dr. Amit Patil,Karad,Chickenpox,Dermatologist,4,4.1,1484
4595,Dr. Amit Sharma,Karad,Chickenpox,Dermatologist,29,4.2,1205
4596,Dr. Vikas Jadhav,Karad,Chickenpox,Dermatologist,33,4.1,480
4597,Dr. Pooja Patil,Karad,Chickenpox,Dermatologist,14,4.9,1039
4598,Dr. Pooja Jadhav,Karad,Chickenpox,Dermatologist,17,3.6,918
4599,Dr. Rohit Joshi,Karad,Chickenpox,Dermatologist,19,3.6,870
4600,Dr. Priya Gupta,Karad,Chickenpox,Dermatologist,34,4.7,607
4601,Dr. Priya Patil,Karad,Measles,Pediatrician,20,3.7,590
4602,Dr. Priya Kulkarni,Karad,Measles,Pediatrician,20,4.4,1260
4603,Dr. Amit Sharma,Karad,Measles,Pediatrician,25,5.0,1437
4604,Dr. Neha Joshi,Karad,Measles,Pediatrician,34,4.6,1346
4605,Dr. Rahul Deshmukh,Karad,Measles,Pediatrician,34,3.7,1361
4606,Dr. Pooja Sharma,Karad,Measles,Pediatrician,20,4.7,352
4607,Dr. Priya Shinde,Karad,Measles,Pediatrician,30,3.7,1306
4608,Dr. Anil Jadhav,Karad,Measles,Pediatrician,33,3.8,872
4609,Dr. Vikas Deshmukh,Karad,Measles,Pediatrician,30,3.5,1435
4610,Dr. Anil Deshmukh,Karad,Measles,Pediatrician,16,4.2,521
4611,Dr. Anil Deshmukh,Karad,Arthritis,Orthopedic,23,4.1,222
4612,Dr. Kiran Patil,Karad,Arthritis,Orthopedic,25,4.4,442
4613,Dr. Priya Patil,Karad,Arthritis,Orthopedic,12,4.6,912
4614,Dr. Vikas Sharma,Karad,Arthritis,Orthopedic,14,4.7,678
4615,Dr. Pooja Sharma,Karad,Arthritis,Orthopedic,7,4.7,1260
4616,Dr. Sneha Jadhav,Karad,Arthritis,Orthopedic,19,4.3,909
4617,Dr. Rohit Joshi,Karad,Arthritis,Orthopedic,9,3.9,680
4618,Dr. Anil Kulkarni,Karad,Arthritis,Orthopedic,28,3.9,933
4619,Dr. Amit Deshmukh,Karad,Arthritis,Orthopedic,14,4.0,391
4620,Dr. Priya Kulkarni,Karad,Arthritis,Orthopedic,4,3.6,836
4621,Dr. Rohit Kulkarni,Panvel,Flu,General Physician,29,4.1,870
4622,Dr. Sneha Gupta,Panvel,Flu,General Physician,11,4.4,666
4623,Dr. Sneha Patil,Panvel,Flu,General Physician,31,4.0,895
4624,Dr. Anil Sharma,Panvel,Flu,General Physician,35,4.7,1220
4625,Dr. Neha Deshmukh,Panvel,Flu,General Physician,25,4.8,607
4626,Dr. Sneha Jadhav,Panvel,Flu,General Physician,25,3.6,1340
4627,Dr. Neha Shinde,Panvel,Flu,General Physician,28,4.9,667
4628,Dr. Amit Joshi,Panvel,Flu,General Physician,23,4.9,537
4629,Dr. Vikas Jadhav,Panvel,Flu,General Physician,33,3.9,1215
4630,Dr. Kiran Shinde,Panvel,Flu,General Physician,23,4.4,583
4631,Dr. Anil Kulkarni,Panvel,Cold,General Physician,35,4.7,382
4632,Dr. Pooja Kulkarni,Panvel,Cold,General Physician,6,3.8,868
4633,Dr. Kiran Gupta,Panvel,Cold,General Physician,32,3.5,419
4634,Dr. Anil Gupta,Panvel,Cold,General Physician,11,4.3,903
4635,Dr. Anil Joshi,Panvel,Cold,General Physician,24,4.3,311
4636,Dr. Rohit Gupta,Panvel,Cold,General Physician,29,3.8,863
4637,Dr. Pooja Gupta,Panvel,Cold,General Physician,35,4.9,749
4638,Dr. Neha Kulkarni,Panvel,Cold,General Physician,33,4.5,902
4639,Dr. Sneha Sharma,Panvel,Cold,General Physician,22,4.1,565
4640,Dr. Anil Shinde,Panvel,Cold,General Physician,1,3.9,844
4641,Dr. Amit Sharma,Panvel,COVID-19,Pulmonologist,26,3.8,1007
4642,Dr. Pooja Kulkarni,Panvel,COVID-19,Pulmonologist,24,4.3,1199
4643,Dr. Amit Patil,Panvel,COVID-19,Pulmonologist,9,4.1,605
4644,Dr. Vikas Gupta,Panvel,COVID-19,Pulmonologist,34,4.3,1459
4645,Dr. Kiran Joshi,Panvel,COVID-19,Pulmonologist,4,4.5,289
4646,Dr. Neha Gupta,Panvel,COVID-19,Pulmonologist,29,3.9,1499
4647,Dr. Rahul Gupta,Panvel,COVID-19,Pulmonologist,7,4.8,1044
4648,Dr. Pooja Joshi,Panvel,COVID-19,Pulmonologist,17,4.8,572
4649,Dr. Rohit Gupta,Panvel,COVID-19,Pulmonologist,17,3.6,1242
4650,Dr. Priya Sharma,Panvel,COVID-19,Pulmonologist,14,4.5,810
4651,Dr. Kiran Jadhav,Panvel,Malaria,Infectious Disease,20,4.7,673
4652,Dr. Pooja Sharma,Panvel,Malaria,Infectious Disease,17,3.9,1248
4653,Dr. Kiran Gupta,Panvel,Malaria,Infectious Disease,34,4.5,1413
4654,Dr. Neha Deshmukh,Panvel,Malaria,Infectious Disease,5,3.8,856
4655,Dr. Priya Deshmukh,Panvel,Malaria,Infectious Disease,7,4.6,1444
4656,Dr. Pooja Jadhav,Panvel,Malaria,Infectious Disease,9,4.4,934
4657,Dr. Pooja Kulkarni,Panvel,Malaria,Infectious Disease,33,4.5,341
4658,Dr. Rahul Deshmukh,Panvel,Malaria,Infectious Disease,26,4.6,1081
4659,Dr. Rahul Deshmukh,Panvel,Malaria,Infectious Disease,25,4.3,1306
4660,Dr. Amit Joshi,Panvel,Malaria,Infectious Disease,13,4.3,661
4661,Dr. Sneha Joshi,Panvel,Dengue,Infectious Disease,30,4.4,357
4662,Dr. Amit Sharma,Panvel,Dengue,Infectious Disease,14,4.7,546
4663,Dr. Rohit Jadhav,Panvel,Dengue,Infectious Disease,26,3.7,893
4664,Dr. Sneha Patil,Panvel,Dengue,Infectious Disease,16,4.9,264
4665,Dr. Kiran Joshi,Panvel,Dengue,Infectious Disease,20,4.2,1271
4666,Dr. Rahul Sharma,Panvel,Dengue,Infectious Disease,24,4.3,304
4667,Dr. Neha Kulkarni,Panvel,Dengue,Infectious Disease,6,4.2,1432
4668,Dr. Priya Sharma,Panvel,Dengue,Infectious Disease,7,4.0,1013
4669,Dr. Pooja Jadhav,Panvel,Dengue,Infectious Disease,24,4.9,751
4670,Dr. Amit Patil,Panvel,Dengue,Infectious Disease,26,5.0,1243
4671,Dr. Rohit Deshmukh,Panvel,Typhoid,General Physician,16,4.9,1310
4672,Dr. Kiran Deshmukh,Panvel,Typhoid,General Physician,34,3.7,340
4673,Dr. Pooja Sharma,Panvel,Typhoid,General Physician,7,4.9,1329
4674,Dr. Neha Sharma,Panvel,Typhoid,General Physician,9,3.9,292
4675,Dr. Priya Deshmukh,Panvel,Typhoid,General Physician,31,3.8,1259
4676,Dr. Priya Jadhav,Panvel,Typhoid,General Physician,33,4.7,1199
4677,Dr. Rohit Deshmukh,Panvel,Typhoid,General Physician,4,4.5,1213
4678,Dr. Rahul Deshmukh,Panvel,Typhoid,General Physician,26,3.9,259
4679,Dr. Vikas Gupta,Panvel,Typhoid,General Physician,27,4.4,455
4680,Dr. Vikas Sharma,Panvel,Typhoid,General Physician,14,3.6,558
4681,Dr. Priya Joshi,Panvel,Asthma,Pulmonologist,11,4.1,410
4682,Dr. Amit Gupta,Panvel,Asthma,Pulmonologist,18,4.7,377
4683,Dr. Rohit Patil,Panvel,Asthma,Pulmonologist,9,4.4,746
4684,Dr. Kiran Jadhav,Panvel,Asthma,Pulmonologist,32,3.6,989
4685,Dr. Neha Shinde,Panvel,Asthma,Pulmonologist,28,4.7,1023
4686,Dr. Amit Shinde,Panvel,Asthma,Pulmonologist,2,3.5,426
4687,Dr. Rahul Sharma,Panvel,Asthma,Pulmonologist,4,3.6,1049
4688,Dr. Amit Gupta,Panvel,Asthma,Pulmonologist,16,3.8,1208
4689,Dr. Neha Jadhav,Panvel,Asthma,Pulmonologist,17,4.7,619
4690,Dr. Rohit Jadhav,Panvel,Asthma,Pulmonologist,18,4.2,896
4691,Dr. Vikas Gupta,Panvel,Diabetes,Endocrinologist,11,4.3,1020
4692,Dr. Amit Jadhav,Panvel,Diabetes,Endocrinologist,1,4.9,1048
4693,Dr. Priya Joshi,Panvel,Diabetes,Endocrinologist,26,3.8,672
4694,Dr. Pooja Jadhav,Panvel,Diabetes,Endocrinologist,17,3.5,441
4695,Dr. Neha Joshi,Panvel,Diabetes,Endocrinologist,1,4.2,1399
4696,Dr. Priya Sharma,Panvel,Diabetes,Endocrinologist,12,4.0,723
4697,Dr. Vikas Joshi,Panvel,Diabetes,Endocrinologist,19,4.9,544
4698,Dr. Vikas Joshi,Panvel,Diabetes,Endocrinologist,10,3.5,1384
4699,Dr. Sneha Shinde,Panvel,Diabetes,Endocrinologist,13,4.4,639
4700,Dr. Priya Kulkarni,Panvel,Diabetes,Endocrinologist,19,4.9,1078
4701,Dr. Neha Shinde,Panvel,Migraine,Neurologist,29,3.6,661
4702,Dr. Pooja Jadhav,Panvel,Migraine,Neurologist,29,4.8,456
4703,Dr. Vikas Shinde,Panvel,Migraine,Neurologist,24,3.5,986
4704,Dr. Kiran Joshi,Panvel,Migraine,Neurologist,1,4.2,1455
4705,Dr. Vikas Gupta,Panvel,Migraine,Neurologist,4,5.0,538
4706,Dr. Vikas Joshi,Panvel,Migraine,Neurologist,31,4.8,1026
4707,Dr. Vikas Shinde,Panvel,Migraine,Neurologist,9,3.7,1466
4708,Dr. Rahul Patil,Panvel,Migraine,Neurologist,31,3.7,1109
4709,Dr. Vikas Sharma,Panvel,Migraine,Neurologist,25,3.8,290
4710,Dr. Neha Shinde,Panvel,Migraine,Neurologist,6,4.5,718
4711,Dr. Anil Sharma,Panvel,Food Poisoning,Gastroenterologist,35,3.8,1326
4712,Dr. Rahul Patil,Panvel,Food Poisoning,Gastroenterologist,12,4.2,1424
4713,Dr. Rahul Jadhav,Panvel,Food Poisoning,Gastroenterologist,26,4.8,1136
4714,Dr. Amit Jadhav,Panvel,Food Poisoning,Gastroenterologist,7,3.9,1198
4715,Dr. Pooja Gupta,Panvel,Food Poisoning,Gastroenterologist,4,4.1,606
4716,Dr. Kiran Shinde,Panvel,Food Poisoning,Gastroenterologist,2,4.1,1278
4717,Dr. Neha Jadhav,Panvel,Food Poisoning,Gastroenterologist,16,4.9,252
4718,Dr. Pooja Shinde,Panvel,Food Poisoning,Gastroenterologist,11,4.5,269
4719,Dr. Rahul Joshi,Panvel,Food Poisoning,Gastroenterologist,15,3.7,1378
4720,Dr. Priya Gupta,Panvel,Food Poisoning,Gastroenterologist,23,4.8,855
4721,Dr. Priya Jadhav,Panvel,Jaundice,Hepatologist,11,4.9,219
4722,Dr. Rahul Patil,Panvel,Jaundice,Hepatologist,21,4.8,597
4723,Dr. Rohit Shinde,Panvel,Jaundice,Hepatologist,6,4.2,928
4724,Dr. Anil Kulkarni,Panvel,Jaundice,Hepatologist,4,4.2,1222
4725,Dr. Priya Shinde,Panvel,Jaundice,Hepatologist,9,4.0,924
4726,Dr. Pooja Sharma,Panvel,Jaundice,Hepatologist,33,4.3,495
4727,Dr. Rahul Gupta,Panvel,Jaundice,Hepatologist,1,4.2,878
4728,Dr. Amit Kulkarni,Panvel,Jaundice,Hepatologist,9,3.8,1049
4729,Dr. Amit Shinde,Panvel,Jaundice,Hepatologist,28,3.9,547
4730,Dr. Pooja Shinde,Panvel,Jaundice,Hepatologist,16,4.4,428
4731,Dr. Neha Kulkarni,Panvel,Chickenpox,Dermatologist,17,4.5,1302
4732,Dr. Rahul Jadhav,Panvel,Chickenpox,Dermatologist,5,4.8,226
4733,Dr. Kiran Jadhav,Panvel,Chickenpox,Dermatologist,20,4.6,248
4734,Dr. Neha Shinde,Panvel,Chickenpox,Dermatologist,28,4.3,1066
4735,Dr. Kiran Patil,Panvel,Chickenpox,Dermatologist,6,4.4,478
4736,Dr. Amit Shinde,Panvel,Chickenpox,Dermatologist,14,4.9,737
4737,Dr. Amit Shinde,Panvel,Chickenpox,Dermatologist,33,4.8,1241
4738,Dr. Sneha Shinde,Panvel,Chickenpox,Dermatologist,1,3.8,749
4739,Dr. Neha Gupta,Panvel,Chickenpox,Dermatologist,8,3.6,848
4740,Dr. Vikas Shinde,Panvel,Chickenpox,Dermatologist,14,4.2,1292
4741,Dr. Priya Patil,Panvel,Measles,Pediatrician,4,3.8,1160
4742,Dr. Neha Sharma,Panvel,Measles,Pediatrician,15,5.0,1366
4743,Dr. Amit Patil,Panvel,Measles,Pediatrician,26,4.0,714
4744,Dr. Pooja Jadhav,Panvel,Measles,Pediatrician,5,4.4,1062
4745,Dr. Anil Kulkarni,Panvel,Measles,Pediatrician,20,3.7,740
4746,Dr. Sneha Shinde,Panvel,Measles,Pediatrician,23,4.9,692
4747,Dr. Rahul Kulkarni,Panvel,Measles,Pediatrician,1,4.0,1457
4748,Dr. Sneha Jadhav,Panvel,Measles,Pediatrician,14,4.9,912
4749,Dr. Vikas Jadhav,Panvel,Measles,Pediatrician,26,4.5,1066
4750,Dr. Amit Kulkarni,Panvel,Measles,Pediatrician,15,4.7,305
4751,Dr. Anil Shinde,Panvel,Arthritis,Orthopedic,7,4.8,1220
4752,Dr. Rahul Joshi,Panvel,Arthritis,Orthopedic,13,3.8,924
4753,Dr. Anil Patil,Panvel,Arthritis,Orthopedic,21,4.8,761
4754,Dr. Pooja Patil,Panvel,Arthritis,Orthopedic,11,4.0,268
4755,Dr. Neha Deshmukh,Panvel,Arthritis,Orthopedic,20,3.7,1058
4756,Dr. Kiran Gupta,Panvel,Arthritis,Orthopedic,32,3.5,597
4757,Dr. Rahul Kulkarni,Panvel,Arthritis,Orthopedic,22,4.5,1328
4758,Dr. Amit Shinde,Panvel,Arthritis,Orthopedic,14,3.8,393
4759,Dr. Rohit Jadhav,Panvel,Arthritis,Orthopedic,14,3.7,517
4760,Dr. Sneha Joshi,Panvel,Arthritis,Orthopedic,23,4.2,328
4761,Dr. Sneha Shinde,Kalyan,Flu,General Physician,22,5.0,956
4762,Dr. Rohit Gupta,Kalyan,Flu,General Physician,8,4.0,676
4763,Dr. Amit Patil,Kalyan,Flu,General Physician,24,4.3,285
4764,Dr. Rohit Sharma,Kalyan,Flu,General Physician,4,4.2,687
4765,Dr. Priya Sharma,Kalyan,Flu,General Physician,6,4.6,788
4766,Dr. Anil Deshmukh,Kalyan,Flu,General Physician,15,3.8,561
4767,Dr. Pooja Patil,Kalyan,Flu,General Physician,29,4.0,885
4768,Dr. Amit Shinde,Kalyan,Flu,General Physician,24,3.5,771
4769,Dr. Pooja Joshi,Kalyan,Flu,General Physician,17,4.1,737
4770,Dr. Kiran Jadhav,Kalyan,Flu,General Physician,1,4.0,658
4771,Dr. Priya Patil,Kalyan,Cold,General Physician,7,3.9,1391
4772,Dr. Rahul Patil,Kalyan,Cold,General Physician,18,4.0,1196
4773,Dr. Anil Kulkarni,Kalyan,Cold,General Physician,7,4.2,772
4774,Dr. Neha Jadhav,Kalyan,Cold,General Physician,34,4.9,1026
4775,Dr. Sneha Kulkarni,Kalyan,Cold,General Physician,10,4.8,868
4776,Dr. Kiran Patil,Kalyan,Cold,General Physician,14,4.9,1126
4777,Dr. Sneha Jadhav,Kalyan,Cold,General Physician,18,4.0,652
4778,Dr. Kiran Deshmukh,Kalyan,Cold,General Physician,20,3.9,958
4779,Dr. Rahul Patil,Kalyan,Cold,General Physician,4,5.0,1198
4780,Dr. Neha Gupta,Kalyan,Cold,General Physician,9,3.7,411
4781,Dr. Vikas Patil,Kalyan,COVID-19,Pulmonologist,33,4.3,675
4782,Dr. Neha Sharma,Kalyan,COVID-19,Pulmonologist,21,3.7,1461
4783,Dr. Rohit Deshmukh,Kalyan,COVID-19,Pulmonologist,4,4.2,599
4784,Dr. Kiran Jadhav,Kalyan,COVID-19,Pulmonologist,23,4.2,1414
4785,Dr. Sneha Kulkarni,Kalyan,COVID-19,Pulmonologist,14,4.5,700
4786,Dr. Anil Gupta,Kalyan,COVID-19,Pulmonologist,28,4.2,447
4787,Dr. Neha Joshi,Kalyan,COVID-19,Pulmonologist,1,3.8,517
4788,Dr. Neha Joshi,Kalyan,COVID-19,Pulmonologist,34,4.8,647
4789,Dr. Rohit Shinde,Kalyan,COVID-19,Pulmonologist,18,4.0,1287
4790,Dr. Anil Joshi,Kalyan,COVID-19,Pulmonologist,21,3.8,1482
4791,Dr. Rohit Joshi,Kalyan,Malaria,Infectious Disease,28,4.8,1500
4792,Dr. Priya Shinde,Kalyan,Malaria,Infectious Disease,14,4.3,1069
4793,Dr. Priya Jadhav,Kalyan,Malaria,Infectious Disease,3,4.1,804
4794,Dr. Rahul Jadhav,Kalyan,Malaria,Infectious Disease,34,4.9,332
4795,Dr. Priya Gupta,Kalyan,Malaria,Infectious Disease,24,4.5,958
4796,Dr. Priya Jadhav,Kalyan,Malaria,Infectious Disease,9,3.9,1226
4797,Dr. Neha Jadhav,Kalyan,Malaria,Infectious Disease,21,3.5,758
4798,Dr. Rohit Kulkarni,Kalyan,Malaria,Infectious Disease,14,4.4,1076
4799,Dr. Vikas Kulkarni,Kalyan,Malaria,Infectious Disease,32,4.7,955
4800,Dr. Kiran Kulkarni,Kalyan,Malaria,Infectious Disease,1,4.0,486
4801,Dr. Priya Jadhav,Kalyan,Dengue,Infectious Disease,2,3.9,1471
4802,Dr. Neha Shinde,Kalyan,Dengue,Infectious Disease,15,3.9,616
4803,Dr. Neha Gupta,Kalyan,Dengue,Infectious Disease,12,3.5,960
4804,Dr. Sneha Joshi,Kalyan,Dengue,Infectious Disease,34,4.0,984
4805,Dr. Vikas Shinde,Kalyan,Dengue,Infectious Disease,28,3.7,219
4806,Dr. Rahul Deshmukh,Kalyan,Dengue,Infectious Disease,11,3.6,359
4807,Dr. Amit Joshi,Kalyan,Dengue,Infectious Disease,14,3.5,353
4808,Dr. Kiran Jadhav,Kalyan,Dengue,Infectious Disease,29,3.5,982
4809,Dr. Kiran Patil,Kalyan,Dengue,Infectious Disease,18,4.2,1005
4810,Dr. Anil Jadhav,Kalyan,Dengue,Infectious Disease,30,4.1,607
4811,Dr. Kiran Patil,Kalyan,Typhoid,General Physician,3,3.9,1003
4812,Dr. Anil Patil,Kalyan,Typhoid,General Physician,26,4.4,535
4813,Dr. Sneha Shinde,Kalyan,Typhoid,General Physician,28,4.4,816
4814,Dr. Sneha Deshmukh,Kalyan,Typhoid,General Physician,30,4.4,370
4815,Dr. Anil Deshmukh,Kalyan,Typhoid,General Physician,32,4.2,1184
4816,Dr. Pooja Jadhav,Kalyan,Typhoid,General Physician,22,3.8,1135
4817,Dr. Anil Jadhav,Kalyan,Typhoid,General Physician,4,4.9,490
4818,Dr. Pooja Jadhav,Kalyan,Typhoid,General Physician,31,3.6,944
4819,Dr. Pooja Jadhav,Kalyan,Typhoid,General Physician,33,4.2,372
4820,Dr. Kiran Sharma,Kalyan,Typhoid,General Physician,14,4.8,1027
4821,Dr. Neha Sharma,Kalyan,Asthma,Pulmonologist,9,4.3,979
4822,Dr. Vikas Sharma,Kalyan,Asthma,Pulmonologist,1,4.6,459
4823,Dr. Vikas Deshmukh,Kalyan,Asthma,Pulmonologist,26,4.4,1190
4824,Dr. Anil Joshi,Kalyan,Asthma,Pulmonologist,21,4.7,679
4825,Dr. Sneha Joshi,Kalyan,Asthma,Pulmonologist,32,4.5,1392
4826,Dr. Amit Patil,Kalyan,Asthma,Pulmonologist,2,4.8,218
4827,Dr. Amit Kulkarni,Kalyan,Asthma,Pulmonologist,5,4.8,926
4828,Dr. Amit Kulkarni,Kalyan,Asthma,Pulmonologist,32,3.9,487
4829,Dr. Pooja Jadhav,Kalyan,Asthma,Pulmonologist,22,4.7,400
4830,Dr. Vikas Patil,Kalyan,Asthma,Pulmonologist,26,3.6,1214
4831,Dr. Amit Kulkarni,Kalyan,Diabetes,Endocrinologist,24,4.2,1275
4832,Dr. Sneha Jadhav,Kalyan,Diabetes,Endocrinologist,33,4.9,257
4833,Dr. Priya Jadhav,Kalyan,Diabetes,Endocrinologist,26,4.1,437
4834,Dr. Rohit Deshmukh,Kalyan,Diabetes,Endocrinologist,18,4.9,471
4835,Dr. Sneha Sharma,Kalyan,Diabetes,Endocrinologist,5,4.5,812
4836,Dr. Neha Jadhav,Kalyan,Diabetes,Endocrinologist,13,4.0,858
4837,Dr. Neha Joshi,Kalyan,Diabetes,Endocrinologist,11,3.7,313
4838,Dr. Rohit Deshmukh,Kalyan,Diabetes,Endocrinologist,30,4.3,912
4839,Dr. Vikas Jadhav,Kalyan,Diabetes,Endocrinologist,31,3.7,810
4840,Dr. Rohit Sharma,Kalyan,Diabetes,Endocrinologist,34,4.5,1180
4841,Dr. Neha Gupta,Kalyan,Migraine,Neurologist,18,4.9,584
4842,Dr. Rahul Sharma,Kalyan,Migraine,Neurologist,9,4.5,831
4843,Dr. Rohit Joshi,Kalyan,Migraine,Neurologist,12,4.4,928
4844,Dr. Vikas Patil,Kalyan,Migraine,Neurologist,31,4.0,818
4845,Dr. Anil Joshi,Kalyan,Migraine,Neurologist,5,4.5,1434
4846,Dr. Rohit Joshi,Kalyan,Migraine,Neurologist,30,4.8,1129
4847,Dr. Vikas Kulkarni,Kalyan,Migraine,Neurologist,23,3.8,993
4848,Dr. Pooja Gupta,Kalyan,Migraine,Neurologist,10,3.8,207
4849,Dr. Rohit Kulkarni,Kalyan,Migraine,Neurologist,10,3.6,1106
4850,Dr. Rahul Sharma,Kalyan,Migraine,Neurologist,18,4.4,513
4851,Dr. Neha Deshmukh,Kalyan,Food Poisoning,Gastroenterologist,29,3.8,606
4852,Dr. Rahul Patil,Kalyan,Food Poisoning,Gastroenterologist,4,3.6,1081
4853,Dr. Kiran Deshmukh,Kalyan,Food Poisoning,Gastroenterologist,12,4.9,602
4854,Dr. Sneha Patil,Kalyan,Food Poisoning,Gastroenterologist,8,4.4,1085
4855,Dr. Rahul Joshi,Kalyan,Food Poisoning,Gastroenterologist,24,4.5,1410
4856,Dr. Kiran Joshi,Kalyan,Food Poisoning,Gastroenterologist,13,4.6,270
4857,Dr. Amit Jadhav,Kalyan,Food Poisoning,Gastroenterologist,5,4.6,671
4858,Dr. Amit Kulkarni,Kalyan,Food Poisoning,Gastroenterologist,17,4.0,315
4859,Dr. Vikas Joshi,Kalyan,Food Poisoning,Gastroenterologist,33,4.7,831
4860,Dr. Pooja Sharma,Kalyan,Food Poisoning,Gastroenterologist,25,4.1,1425
4861,Dr. Rahul Shinde,Kalyan,Jaundice,Hepatologist,19,3.9,672
4862,Dr. Amit Deshmukh,Kalyan,Jaundice,Hepatologist,28,4.3,485
4863,Dr. Rahul Shinde,Kalyan,Jaundice,Hepatologist,19,4.8,750
4864,Dr. Amit Kulkarni,Kalyan,Jaundice,Hepatologist,5,4.9,1031
4865,Dr. Vikas Gupta,Kalyan,Jaundice,Hepatologist,9,4.6,809
4866,Dr. Rohit Patil,Kalyan,Jaundice,Hepatologist,8,3.6,1393
4867,Dr. Anil Kulkarni,Kalyan,Jaundice,Hepatologist,32,4.8,1209
4868,Dr. Sneha Joshi,Kalyan,Jaundice,Hepatologist,22,3.7,874
4869,Dr. Rohit Sharma,Kalyan,Jaundice,Hepatologist,33,4.7,529
4870,Dr. Rohit Joshi,Kalyan,Jaundice,Hepatologist,21,4.3,353
4871,Dr. Vikas Patil,Kalyan,Chickenpox,Dermatologist,8,3.7,306
4872,Dr. Rahul Shinde,Kalyan,Chickenpox,Dermatologist,21,4.6,582
4873,Dr. Amit Patil,Kalyan,Chickenpox,Dermatologist,18,3.5,308
4874,Dr. Rohit Kulkarni,Kalyan,Chickenpox,Dermatologist,15,4.6,798
4875,Dr. Rohit Joshi,Kalyan,Chickenpox,Dermatologist,27,4.5,242
4876,Dr. Neha Sharma,Kalyan,Chickenpox,Dermatologist,2,4.3,1380
4877,Dr. Neha Patil,Kalyan,Chickenpox,Dermatologist,9,3.6,707
4878,Dr. Rahul Patil,Kalyan,Chickenpox,Dermatologist,7,4.0,1248
4879,Dr. Pooja Patil,Kalyan,Chickenpox,Dermatologist,35,4.5,1338
4880,Dr. Amit Deshmukh,Kalyan,Chickenpox,Dermatologist,9,4.8,720
4881,Dr. Rahul Deshmukh,Kalyan,Measles,Pediatrician,6,4.1,1303
4882,Dr. Priya Sharma,Kalyan,Measles,Pediatrician,10,4.2,338
4883,Dr. Vikas Deshmukh,Kalyan,Measles,Pediatrician,14,4.2,1344
4884,Dr. Rahul Joshi,Kalyan,Measles,Pediatrician,27,4.5,1235
4885,Dr. Anil Sharma,Kalyan,Measles,Pediatrician,19,4.1,601
4886,Dr. Priya Gupta,Kalyan,Measles,Pediatrician,6,3.9,617
4887,Dr. Amit Kulkarni,Kalyan,Measles,Pediatrician,14,4.1,505
4888,Dr. Kiran Jadhav,Kalyan,Measles,Pediatrician,14,3.6,379
4889,Dr. Priya Deshmukh,Kalyan,Measles,Pediatrician,5,3.6,1384
4890,Dr. Sneha Gupta,Kalyan,Measles,Pediatrician,24,4.3,1064
4891,Dr. Kiran Sharma,Kalyan,Arthritis,Orthopedic,22,4.3,528
4892,Dr. Priya Shinde,Kalyan,Arthritis,Orthopedic,32,4.3,1074
4893,Dr. Priya Sharma,Kalyan,Arthritis,Orthopedic,26,4.2,966
4894,Dr. Rohit Jadhav,Kalyan,Arthritis,Orthopedic,8,4.4,992
4895,Dr. Sneha Joshi,Kalyan,Arthritis,Orthopedic,22,3.9,969
4896,Dr. Amit Kulkarni,Kalyan,Arthritis,Orthopedic,6,3.6,555
4897,Dr. Anil Kulkarni,Kalyan,Arthritis,Orthopedic,16,4.7,599
4898,Dr. Rahul Joshi,Kalyan,Arthritis,Orthopedic,29,3.9,1329
4899,Dr. Kiran Joshi,Kalyan,Arthritis,Orthopedic,31,5.0,312
4900,Dr. Neha Joshi,Kalyan,Arthritis,Orthopedic,20,3.8,1023
4901,Dr. Sneha Gupta,Dombivli,Flu,General Physician,3,4.5,302
4902,Dr. Rahul Patil,Dombivli,Flu,General Physician,17,3.8,633
4903,Dr. Priya Sharma,Dombivli,Flu,General Physician,11,4.5,348
4904,Dr. Neha Patil,Dombivli,Flu,General Physician,5,4.9,592
4905,Dr. Priya Shinde,Dombivli,Flu,General Physician,23,3.6,426
4906,Dr. Priya Shinde,Dombivli,Flu,General Physician,12,3.7,746
4907,Dr. Kiran Gupta,Dombivli,Flu,General Physician,16,3.6,237
4908,Dr. Sneha Joshi,Dombivli,Flu,General Physician,15,4.2,1139
4909,Dr. Vikas Deshmukh,Dombivli,Flu,General Physician,25,4.5,299
4910,Dr. Rahul Deshmukh,Dombivli,Flu,General Physician,23,4.1,1454
4911,Dr. Anil Shinde,Dombivli,Cold,General Physician,26,3.7,1026
4912,Dr. Rahul Gupta,Dombivli,Cold,General Physician,26,3.8,599
4913,Dr. Pooja Joshi,Dombivli,Cold,General Physician,18,4.8,1401
4914,Dr. Pooja Jadhav,Dombivli,Cold,General Physician,14,3.7,1316
4915,Dr. Anil Sharma,Dombivli,Cold,General Physician,12,4.4,1459
4916,Dr. Rahul Jadhav,Dombivli,Cold,General Physician,25,5.0,990
4917,Dr. Neha Sharma,Dombivli,Cold,General Physician,31,3.9,975
4918,Dr. Sneha Joshi,Dombivli,Cold,General Physician,27,3.5,840
4919,Dr. Anil Kulkarni,Dombivli,Cold,General Physician,31,4.9,1018
4920,Dr. Neha Patil,Dombivli,Cold,General Physician,10,5.0,941
4921,Dr. Anil Gupta,Dombivli,COVID-19,Pulmonologist,20,4.2,864
4922,Dr. Priya Shinde,Dombivli,COVID-19,Pulmonologist,22,4.6,361
4923,Dr. Priya Kulkarni,Dombivli,COVID-19,Pulmonologist,15,4.4,648
4924,Dr. Anil Jadhav,Dombivli,COVID-19,Pulmonologist,27,3.8,1245
4925,Dr. Rohit Kulkarni,Dombivli,COVID-19,Pulmonologist,24,3.8,875
4926,Dr. Vikas Joshi,Dombivli,COVID-19,Pulmonologist,6,3.5,1303
4927,Dr. Neha Patil,Dombivli,COVID-19,Pulmonologist,26,4.9,364
4928,Dr. Rahul Gupta,Dombivli,COVID-19,Pulmonologist,17,3.8,1124
4929,Dr. Vikas Kulkarni,Dombivli,COVID-19,Pulmonologist,32,5.0,1025
4930,Dr. Amit Gupta,Dombivli,COVID-19,Pulmonologist,9,4.4,1262
4931,Dr. Sneha Kulkarni,Dombivli,Malaria,Infectious Disease,27,4.8,1398
4932,Dr. Sneha Sharma,Dombivli,Malaria,Infectious Disease,26,3.7,1271
4933,Dr. Sneha Patil,Dombivli,Malaria,Infectious Disease,6,4.7,1459
4934,Dr. Anil Joshi,Dombivli,Malaria,Infectious Disease,28,4.9,1338
4935,Dr. Priya Patil,Dombivli,Malaria,Infectious Disease,2,5.0,438
4936,Dr. Vikas Gupta,Dombivli,Malaria,Infectious Disease,21,4.3,1039
4937,Dr. Rahul Patil,Dombivli,Malaria,Infectious Disease,24,4.8,519
4938,Dr. Pooja Kulkarni,Dombivli,Malaria,Infectious Disease,12,3.9,345
4939,Dr. Rahul Joshi,Dombivli,Malaria,Infectious Disease,15,4.6,1137
4940,Dr. Rohit Sharma,Dombivli,Malaria,Infectious Disease,1,3.8,420
4941,Dr. Vikas Joshi,Dombivli,Dengue,Infectious Disease,27,4.9,1331
4942,Dr. Neha Sharma,Dombivli,Dengue,Infectious Disease,7,3.6,681
4943,Dr. Sneha Gupta,Dombivli,Dengue,Infectious Disease,31,4.1,306
4944,Dr. Neha Jadhav,Dombivli,Dengue,Infectious Disease,11,4.2,1171
4945,Dr. Neha Patil,Dombivli,Dengue,Infectious Disease,14,4.5,1349
4946,Dr. Rohit Deshmukh,Dombivli,Dengue,Infectious Disease,10,4.7,404
4947,Dr. Anil Joshi,Dombivli,Dengue,Infectious Disease,12,4.5,703
4948,Dr. Priya Jadhav,Dombivli,Dengue,Infectious Disease,25,3.8,1220
4949,Dr. Anil Joshi,Dombivli,Dengue,Infectious Disease,30,4.5,1427
4950,Dr. Anil Deshmukh,Dombivli,Dengue,Infectious Disease,15,4.5,1479
4951,Dr. Neha Shinde,Dombivli,Typhoid,General Physician,1,3.5,204
4952,Dr. Priya Patil,Dombivli,Typhoid,General Physician,24,4.0,957
4953,Dr. Amit Shinde,Dombivli,Typhoid,General Physician,30,4.6,1237
4954,Dr. Rahul Shinde,Dombivli,Typhoid,General Physician,22,4.8,591
4955,Dr. Rohit Shinde,Dombivli,Typhoid,General Physician,29,4.9,663
4956,Dr. Anil Jadhav,Dombivli,Typhoid,General Physician,34,3.9,586
4957,Dr. Sneha Deshmukh,Dombivli,Typhoid,General Physician,26,3.9,1175
4958,Dr. Kiran Deshmukh,Dombivli,Typhoid,General Physician,15,3.9,846
4959,Dr. Rohit Joshi,Dombivli,Typhoid,General Physician,7,4.4,1360
4960,Dr. Pooja Gupta,Dombivli,Typhoid,General Physician,34,3.8,1217
4961,Dr. Kiran Kulkarni,Dombivli,Asthma,Pulmonologist,5,4.0,1314
4962,Dr. Rohit Kulkarni,Dombivli,Asthma,Pulmonologist,9,4.1,434
4963,Dr. Rahul Gupta,Dombivli,Asthma,Pulmonologist,17,4.8,1372
4964,Dr. Neha Jadhav,Dombivli,Asthma,Pulmonologist,13,3.8,781
4965,Dr. Amit Deshmukh,Dombivli,Asthma,Pulmonologist,20,4.7,720
4966,Dr. Pooja Sharma,Dombivli,Asthma,Pulmonologist,25,4.9,935
4967,Dr. Sneha Shinde,Dombivli,Asthma,Pulmonologist,6,3.9,1388
4968,Dr. Vikas Kulkarni,Dombivli,Asthma,Pulmonologist,1,4.0,536
4969,Dr. Rohit Jadhav,Dombivli,Asthma,Pulmonologist,30,3.9,1277
4970,Dr. Rahul Kulkarni,Dombivli,Asthma,Pulmonologist,13,4.8,512
4971,Dr. Amit Joshi,Dombivli,Diabetes,Endocrinologist,22,3.6,375
4972,Dr. Pooja Kulkarni,Dombivli,Diabetes,Endocrinologist,32,4.3,978
4973,Dr. Neha Patil,Dombivli,Diabetes,Endocrinologist,10,3.6,791
4974,Dr. Sneha Kulkarni,Dombivli,Diabetes,Endocrinologist,13,3.9,646
4975,Dr. Amit Deshmukh,Dombivli,Diabetes,Endocrinologist,19,4.7,252
4976,Dr. Amit Deshmukh,Dombivli,Diabetes,Endocrinologist,33,3.7,214
4977,Dr. Priya Joshi,Dombivli,Diabetes,Endocrinologist,34,3.9,651
4978,Dr. Priya Gupta,Dombivli,Diabetes,Endocrinologist,4,3.9,1261
4979,Dr. Neha Jadhav,Dombivli,Diabetes,Endocrinologist,7,3.7,894
4980,Dr. Rohit Sharma,Dombivli,Diabetes,Endocrinologist,20,3.9,281
4981,Dr. Kiran Sharma,Dombivli,Migraine,Neurologist,27,4.6,298
4982,Dr. Rahul Jadhav,Dombivli,Migraine,Neurologist,20,3.6,675
4983,Dr. Priya Kulkarni,Dombivli,Migraine,Neurologist,3,5.0,1320
4984,Dr. Priya Gupta,Dombivli,Migraine,Neurologist,9,3.5,779
4985,Dr. Pooja Kulkarni,Dombivli,Migraine,Neurologist,20,3.7,626
4986,Dr. Pooja Kulkarni,Dombivli,Migraine,Neurologist,27,3.8,1221
4987,Dr. Neha Patil,Dombivli,Migraine,Neurologist,25,4.6,612
4988,Dr. Vikas Gupta,Dombivli,Migraine,Neurologist,5,3.5,678
4989,Dr. Pooja Patil,Dombivli,Migraine,Neurologist,26,3.7,700
4990,Dr. Rahul Kulkarni,Dombivli,Migraine,Neurologist,30,4.5,1079
4991,Dr. Rohit Jadhav,Dombivli,Food Poisoning,Gastroenterologist,7,4.3,709
4992,Dr. Priya Sharma,Dombivli,Food Poisoning,Gastroenterologist,34,3.7,397
4993,Dr. Anil Gupta,Dombivli,Food Poisoning,Gastroenterologist,24,3.6,948
4994,Dr. Sneha Joshi,Dombivli,Food Poisoning,Gastroenterologist,6,4.7,767
4995,Dr. Pooja Kulkarni,Dombivli,Food Poisoning,Gastroenterologist,28,3.9,423
4996,Dr. Priya Deshmukh,Dombivli,Food Poisoning,Gastroenterologist,35,4.6,605
4997,Dr. Neha Kulkarni,Dombivli,Food Poisoning,Gastroenterologist,14,4.2,912
4998,Dr. Anil Kulkarni,Dombivli,Food Poisoning,Gastroenterologist,7,3.9,275
4999,Dr. Priya Joshi,Dombivli,Food Poisoning,Gastroenterologist,10,3.9,641
5000,Dr. Priya Joshi,Dombivli,Food Poisoning,Gastroenterologist,14,4.9,634
5001,Dr. Rahul Kulkarni,Dombivli,Jaundice,Hepatologist,1,3.8,531
5002,Dr. Pooja Jadhav,Dombivli,Jaundice,Hepatologist,5,4.9,1120
5003,Dr. Amit Patil,Dombivli,Jaundice,Hepatologist,4,4.0,736
5004,Dr. Neha Patil,Dombivli,Jaundice,Hepatologist,27,4.0,1379
5005,Dr. Vikas Jadhav,Dombivli,Jaundice,Hepatologist,15,3.5,878
5006,Dr. Rahul Deshmukh,Dombivli,Jaundice,Hepatologist,22,3.9,1213
5007,Dr. Pooja Sharma,Dombivli,Jaundice,Hepatologist,9,4.6,1451
5008,Dr. Neha Jadhav,Dombivli,Jaundice,Hepatologist,32,4.2,205
5009,Dr. Rohit Deshmukh,Dombivli,Jaundice,Hepatologist,26,3.6,653
5010,Dr. Neha Deshmukh,Dombivli,Jaundice,Hepatologist,20,4.2,831
5011,Dr. Pooja Joshi,Dombivli,Chickenpox,Dermatologist,30,3.7,1273
5012,Dr. Vikas Gupta,Dombivli,Chickenpox,Dermatologist,17,5.0,230
5013,Dr. Sneha Gupta,Dombivli,Chickenpox,Dermatologist,33,3.8,760
5014,Dr. Sneha Sharma,Dombivli,Chickenpox,Dermatologist,31,4.5,926
5015,Dr. Kiran Sharma,Dombivli,Chickenpox,Dermatologist,6,3.7,1384
5016,Dr. Rahul Joshi,Dombivli,Chickenpox,Dermatologist,22,4.5,467
5017,Dr. Amit Deshmukh,Dombivli,Chickenpox,Dermatologist,31,4.9,1261
5018,Dr. Rahul Sharma,Dombivli,Chickenpox,Dermatologist,31,4.9,1182
5019,Dr. Priya Shinde,Dombivli,Chickenpox,Dermatologist,11,3.5,297
5020,Dr. Pooja Gupta,Dombivli,Chickenpox,Dermatologist,23,4.5,1337
5021,Dr. Vikas Deshmukh,Dombivli,Measles,Pediatrician,22,4.7,726
5022,Dr. Rahul Deshmukh,Dombivli,Measles,Pediatrician,29,4.8,843
5023,Dr. Amit Gupta,Dombivli,Measles,Pediatrician,18,4.9,850
5024,Dr. Kiran Shinde,Dombivli,Measles,Pediatrician,35,3.8,1374
5025,Dr. Amit Sharma,Dombivli,Measles,Pediatrician,21,3.6,916
5026,Dr. Kiran Shinde,Dombivli,Measles,Pediatrician,17,4.7,1314
5027,Dr. Sneha Deshmukh,Dombivli,Measles,Pediatrician,21,4.5,1268
5028,Dr. Amit Joshi,Dombivli,Measles,Pediatrician,23,3.8,458
5029,Dr. Rahul Joshi,Dombivli,Measles,Pediatrician,13,4.9,1098
5030,Dr. Kiran Kulkarni,Dombivli,Measles,Pediatrician,35,4.1,1072
5031,Dr. Vikas Shinde,Dombivli,Arthritis,Orthopedic,16,3.9,567
5032,Dr. Neha Gupta,Dombivli,Arthritis,Orthopedic,15,4.1,395
5033,Dr. Vikas Kulkarni,Dombivli,Arthritis,Orthopedic,4,3.6,467
5034,Dr. Pooja Kulkarni,Dombivli,Arthritis,Orthopedic,32,3.5,1022
5035,Dr. Anil Patil,Dombivli,Arthritis,Orthopedic,19,4.7,506
5036,Dr. Pooja Shinde,Dombivli,Arthritis,Orthopedic,11,4.2,635
5037,Dr. Anil Patil,Dombivli,Arthritis,Orthopedic,16,4.9,799
5038,Dr. Pooja Jadhav,Dombivli,Arthritis,Orthopedic,30,4.7,703
5039,Dr. Priya Deshmukh,Dombivli,Arthritis,Orthopedic,24,4.4,567
5040,Dr. Priya Jadhav,Dombivli,Arthritis,Orthopedic,14,4.0,1013
5041,Dr. Sneha Sharma,Ulhasnagar,Flu,General Physician,4,3.9,1046
5042,Dr. Vikas Jadhav,Ulhasnagar,Flu,General Physician,17,5.0,1395
5043,Dr. Neha Sharma,Ulhasnagar,Flu,General Physician,31,4.4,1048
5044,Dr. Rahul Shinde,Ulhasnagar,Flu,General Physician,25,3.7,1067
5045,Dr. Rohit Jadhav,Ulhasnagar,Flu,General Physician,21,3.9,1173
5046,Dr. Rohit Joshi,Ulhasnagar,Flu,General Physician,33,3.7,769
5047,Dr. Anil Jadhav,Ulhasnagar,Flu,General Physician,25,3.9,868
5048,Dr. Rahul Jadhav,Ulhasnagar,Flu,General Physician,22,3.9,1264
5049,Dr. Amit Joshi,Ulhasnagar,Flu,General Physician,26,4.3,407
5050,Dr. Rohit Deshmukh,Ulhasnagar,Flu,General Physician,20,4.5,1422
5051,Dr. Amit Gupta,Ulhasnagar,Cold,General Physician,16,4.3,617
5052,Dr. Rohit Jadhav,Ulhasnagar,Cold,General Physician,9,4.1,980
5053,Dr. Pooja Shinde,Ulhasnagar,Cold,General Physician,27,4.1,408
5054,Dr. Priya Jadhav,Ulhasnagar,Cold,General Physician,12,4.5,347
5055,Dr. Vikas Jadhav,Ulhasnagar,Cold,General Physician,35,4.1,213
5056,Dr. Vikas Deshmukh,Ulhasnagar,Cold,General Physician,19,3.6,621
5057,Dr. Neha Patil,Ulhasnagar,Cold,General Physician,13,3.8,795
5058,Dr. Amit Patil,Ulhasnagar,Cold,General Physician,24,4.3,1129
5059,Dr. Pooja Patil,Ulhasnagar,Cold,General Physician,11,4.9,417
5060,Dr. Priya Shinde,Ulhasnagar,Cold,General Physician,4,4.8,1337
5061,Dr. Pooja Kulkarni,Ulhasnagar,COVID-19,Pulmonologist,31,4.1,1354
5062,Dr. Amit Patil,Ulhasnagar,COVID-19,Pulmonologist,17,3.7,571
5063,Dr. Amit Kulkarni,Ulhasnagar,COVID-19,Pulmonologist,11,4.1,834
5064,Dr. Rahul Patil,Ulhasnagar,COVID-19,Pulmonologist,35,3.7,774
5065,Dr. Rahul Sharma,Ulhasnagar,COVID-19,Pulmonologist,3,4.5,646
5066,Dr. Anil Sharma,Ulhasnagar,COVID-19,Pulmonologist,19,4.6,1041
5067,Dr. Rohit Joshi,Ulhasnagar,COVID-19,Pulmonologist,14,3.5,877
5068,Dr. Anil Kulkarni,Ulhasnagar,COVID-19,Pulmonologist,13,3.6,1276
5069,Dr. Sneha Kulkarni,Ulhasnagar,COVID-19,Pulmonologist,25,4.0,645
5070,Dr. Kiran Kulkarni,Ulhasnagar,COVID-19,Pulmonologist,10,4.6,1370
5071,Dr. Vikas Gupta,Ulhasnagar,Malaria,Infectious Disease,10,4.2,299
5072,Dr. Rohit Deshmukh,Ulhasnagar,Malaria,Infectious Disease,32,3.6,237
5073,Dr. Priya Jadhav,Ulhasnagar,Malaria,Infectious Disease,11,3.5,1336
5074,Dr. Neha Sharma,Ulhasnagar,Malaria,Infectious Disease,15,4.8,976
5075,Dr. Sneha Sharma,Ulhasnagar,Malaria,Infectious Disease,6,3.6,472
5076,Dr. Kiran Gupta,Ulhasnagar,Malaria,Infectious Disease,15,4.1,277
5077,Dr. Kiran Joshi,Ulhasnagar,Malaria,Infectious Disease,20,4.9,1063
5078,Dr. Priya Patil,Ulhasnagar,Malaria,Infectious Disease,32,4.8,1168
5079,Dr. Rohit Joshi,Ulhasnagar,Malaria,Infectious Disease,18,4.1,880
5080,Dr. Rahul Patil,Ulhasnagar,Malaria,Infectious Disease,12,3.9,997
5081,Dr. Rahul Patil,Ulhasnagar,Dengue,Infectious Disease,13,3.5,1117
5082,Dr. Rohit Patil,Ulhasnagar,Dengue,Infectious Disease,34,4.1,1491
5083,Dr. Sneha Shinde,Ulhasnagar,Dengue,Infectious Disease,18,3.8,951
5084,Dr. Neha Jadhav,Ulhasnagar,Dengue,Infectious Disease,23,3.6,959
5085,Dr. Kiran Joshi,Ulhasnagar,Dengue,Infectious Disease,5,4.0,1300
5086,Dr. Neha Shinde,Ulhasnagar,Dengue,Infectious Disease,13,3.8,807
5087,Dr. Priya Joshi,Ulhasnagar,Dengue,Infectious Disease,11,3.7,1374
5088,Dr. Sneha Shinde,Ulhasnagar,Dengue,Infectious Disease,29,4.1,457
5089,Dr. Kiran Patil,Ulhasnagar,Dengue,Infectious Disease,34,4.7,1287
5090,Dr. Amit Shinde,Ulhasnagar,Dengue,Infectious Disease,33,4.6,281
5091,Dr. Anil Patil,Ulhasnagar,Typhoid,General Physician,3,4.6,1341
5092,Dr. Priya Shinde,Ulhasnagar,Typhoid,General Physician,4,5.0,253
5093,Dr. Vikas Patil,Ulhasnagar,Typhoid,General Physician,31,3.9,338
5094,Dr. Rohit Shinde,Ulhasnagar,Typhoid,General Physician,14,4.4,1478
5095,Dr. Amit Kulkarni,Ulhasnagar,Typhoid,General Physician,10,4.5,882
5096,Dr. Anil Patil,Ulhasnagar,Typhoid,General Physician,35,5.0,926
5097,Dr. Kiran Sharma,Ulhasnagar,Typhoid,General Physician,6,4.2,273
5098,Dr. Rohit Kulkarni,Ulhasnagar,Typhoid,General Physician,22,3.6,231
5099,Dr. Anil Patil,Ulhasnagar,Typhoid,General Physician,5,3.9,648
5100,Dr. Pooja Gupta,Ulhasnagar,Typhoid,General Physician,19,4.1,1162
5101,Dr. Kiran Kulkarni,Ulhasnagar,Asthma,Pulmonologist,5,3.9,860
5102,Dr. Neha Sharma,Ulhasnagar,Asthma,Pulmonologist,16,3.6,752
5103,Dr. Rohit Sharma,Ulhasnagar,Asthma,Pulmonologist,24,4.9,1182
5104,Dr. Sneha Jadhav,Ulhasnagar,Asthma,Pulmonologist,27,3.8,543
5105,Dr. Rohit Sharma,Ulhasnagar,Asthma,Pulmonologist,16,4.2,1196
5106,Dr. Neha Patil,Ulhasnagar,Asthma,Pulmonologist,5,4.1,644
5107,Dr. Amit Kulkarni,Ulhasnagar,Asthma,Pulmonologist,32,3.8,337
5108,Dr. Amit Gupta,Ulhasnagar,Asthma,Pulmonologist,15,4.0,1193
5109,Dr. Pooja Gupta,Ulhasnagar,Asthma,Pulmonologist,2,4.1,428
5110,Dr. Vikas Joshi,Ulhasnagar,Asthma,Pulmonologist,2,4.1,1358
5111,Dr. Kiran Patil,Ulhasnagar,Diabetes,Endocrinologist,33,3.6,414
5112,Dr. Neha Jadhav,Ulhasnagar,Diabetes,Endocrinologist,21,5.0,1101
5113,Dr. Amit Kulkarni,Ulhasnagar,Diabetes,Endocrinologist,7,4.0,892
5114,Dr. Kiran Deshmukh,Ulhasnagar,Diabetes,Endocrinologist,14,4.0,1343
5115,Dr. Sneha Jadhav,Ulhasnagar,Diabetes,Endocrinologist,30,4.6,1348
5116,Dr. Neha Kulkarni,Ulhasnagar,Diabetes,Endocrinologist,9,4.1,231
5117,Dr. Rohit Kulkarni,Ulhasnagar,Diabetes,Endocrinologist,25,4.9,575
5118,Dr. Rahul Gupta,Ulhasnagar,Diabetes,Endocrinologist,30,3.6,629
5119,Dr. Rohit Deshmukh,Ulhasnagar,Diabetes,Endocrinologist,33,3.6,440
5120,Dr. Pooja Patil,Ulhasnagar,Diabetes,Endocrinologist,13,3.9,769
5121,Dr. Priya Sharma,Ulhasnagar,Migraine,Neurologist,18,4.3,1104
5122,Dr. Neha Patil,Ulhasnagar,Migraine,Neurologist,18,4.4,1227
5123,Dr. Pooja Deshmukh,Ulhasnagar,Migraine,Neurologist,1,4.4,640
5124,Dr. Rahul Deshmukh,Ulhasnagar,Migraine,Neurologist,2,3.7,716
5125,Dr. Vikas Kulkarni,Ulhasnagar,Migraine,Neurologist,30,5.0,250
5126,Dr. Rohit Shinde,Ulhasnagar,Migraine,Neurologist,11,4.6,789
5127,Dr. Rohit Jadhav,Ulhasnagar,Migraine,Neurologist,11,3.9,399
5128,Dr. Priya Sharma,Ulhasnagar,Migraine,Neurologist,27,4.5,1269
5129,Dr. Sneha Sharma,Ulhasnagar,Migraine,Neurologist,12,4.7,1259
5130,Dr. Kiran Jadhav,Ulhasnagar,Migraine,Neurologist,20,4.2,934
5131,Dr. Rahul Sharma,Ulhasnagar,Food Poisoning,Gastroenterologist,23,4.6,1413
5132,Dr. Kiran Kulkarni,Ulhasnagar,Food Poisoning,Gastroenterologist,9,4.5,906
5133,Dr. Kiran Gupta,Ulhasnagar,Food Poisoning,Gastroenterologist,27,3.8,814
5134,Dr. Anil Patil,Ulhasnagar,Food Poisoning,Gastroenterologist,5,3.5,1230
5135,Dr. Pooja Joshi,Ulhasnagar,Food Poisoning,Gastroenterologist,7,4.0,955
5136,Dr. Amit Patil,Ulhasnagar,Food Poisoning,Gastroenterologist,1,4.6,432
5137,Dr. Rahul Sharma,Ulhasnagar,Food Poisoning,Gastroenterologist,21,4.6,459
5138,Dr. Kiran Gupta,Ulhasnagar,Food Poisoning,Gastroenterologist,27,4.7,847
5139,Dr. Sneha Jadhav,Ulhasnagar,Food Poisoning,Gastroenterologist,26,4.8,773
5140,Dr. Vikas Joshi,Ulhasnagar,Food Poisoning,Gastroenterologist,30,4.4,565
5141,Dr. Pooja Shinde,Ulhasnagar,Jaundice,Hepatologist,5,4.2,823
5142,Dr. Rohit Deshmukh,Ulhasnagar,Jaundice,Hepatologist,2,4.0,353
5143,Dr. Anil Shinde,Ulhasnagar,Jaundice,Hepatologist,24,4.7,290
5144,Dr. Anil Joshi,Ulhasnagar,Jaundice,Hepatologist,34,3.5,1402
5145,Dr. Priya Sharma,Ulhasnagar,Jaundice,Hepatologist,34,4.0,1229
5146,Dr. Rahul Deshmukh,Ulhasnagar,Jaundice,Hepatologist,8,4.0,1329
5147,Dr. Sneha Jadhav,Ulhasnagar,Jaundice,Hepatologist,24,4.6,1420
5148,Dr. Amit Patil,Ulhasnagar,Jaundice,Hepatologist,26,3.6,1084
5149,Dr. Neha Deshmukh,Ulhasnagar,Jaundice,Hepatologist,8,4.7,512
5150,Dr. Priya Shinde,Ulhasnagar,Jaundice,Hepatologist,4,4.6,532
5151,Dr. Sneha Patil,Ulhasnagar,Chickenpox,Dermatologist,18,4.9,255
5152,Dr. Vikas Gupta,Ulhasnagar,Chickenpox,Dermatologist,19,4.2,1499
5153,Dr. Sneha Gupta,Ulhasnagar,Chickenpox,Dermatologist,5,4.3,355
5154,Dr. Vikas Shinde,Ulhasnagar,Chickenpox,Dermatologist,12,4.9,1112
5155,Dr. Vikas Joshi,Ulhasnagar,Chickenpox,Dermatologist,22,3.8,1127
5156,Dr. Priya Deshmukh,Ulhasnagar,Chickenpox,Dermatologist,14,4.6,605
5157,Dr. Neha Kulkarni,Ulhasnagar,Chickenpox,Dermatologist,8,3.5,1260
5158,Dr. Pooja Sharma,Ulhasnagar,Chickenpox,Dermatologist,17,4.7,1157
5159,Dr. Neha Gupta,Ulhasnagar,Chickenpox,Dermatologist,5,3.6,976
5160,Dr. Amit Sharma,Ulhasnagar,Chickenpox,Dermatologist,4,4.4,1203
5161,Dr. Pooja Patil,Ulhasnagar,Measles,Pediatrician,3,4.5,457
5162,Dr. Kiran Gupta,Ulhasnagar,Measles,Pediatrician,20,4.1,214
5163,Dr. Rohit Gupta,Ulhasnagar,Measles,Pediatrician,32,4.8,254
5164,Dr. Vikas Jadhav,Ulhasnagar,Measles,Pediatrician,26,4.2,552
5165,Dr. Sneha Gupta,Ulhasnagar,Measles,Pediatrician,12,3.9,215
5166,Dr. Rohit Sharma,Ulhasnagar,Measles,Pediatrician,23,4.6,697
5167,Dr. Pooja Kulkarni,Ulhasnagar,Measles,Pediatrician,28,4.9,1462
5168,Dr. Sneha Gupta,Ulhasnagar,Measles,Pediatrician,22,4.7,370
5169,Dr. Amit Patil,Ulhasnagar,Measles,Pediatrician,11,4.8,742
5170,Dr. Neha Jadhav,Ulhasnagar,Measles,Pediatrician,7,4.4,1410
5171,Dr. Kiran Shinde,Ulhasnagar,Arthritis,Orthopedic,27,4.5,1117
5172,Dr. Anil Gupta,Ulhasnagar,Arthritis,Orthopedic,16,4.1,661
5173,Dr. Sneha Patil,Ulhasnagar,Arthritis,Orthopedic,29,3.6,1257
5174,Dr. Sneha Gupta,Ulhasnagar,Arthritis,Orthopedic,8,3.7,872
5175,Dr. Rohit Patil,Ulhasnagar,Arthritis,Orthopedic,29,3.7,1308
5176,Dr. Kiran Shinde,Ulhasnagar,Arthritis,Orthopedic,11,4.6,604
5177,Dr. Neha Shinde,Ulhasnagar,Arthritis,Orthopedic,22,4.2,667
5178,Dr. Kiran Shinde,Ulhasnagar,Arthritis,Orthopedic,25,4.9,1396
5179,Dr. Neha Shinde,Ulhasnagar,Arthritis,Orthopedic,15,4.6,562
5180,Dr. Anil Deshmukh,Ulhasnagar,Arthritis,Orthopedic,28,3.5,344
5181,Dr. Priya Shinde,Malegaon,Flu,General Physician,10,4.6,508
5182,Dr. Rohit Sharma,Malegaon,Flu,General Physician,17,4.0,873
5183,Dr. Anil Deshmukh,Malegaon,Flu,General Physician,35,4.8,894
5184,Dr. Rohit Sharma,Malegaon,Flu,General Physician,7,3.9,1409
5185,Dr. Rohit Joshi,Malegaon,Flu,General Physician,30,4.1,210
5186,Dr. Priya Sharma,Malegaon,Flu,General Physician,26,4.3,370
5187,Dr. Anil Gupta,Malegaon,Flu,General Physician,26,3.6,859
5188,Dr. Priya Joshi,Malegaon,Flu,General Physician,27,4.6,269
5189,Dr. Rohit Jadhav,Malegaon,Flu,General Physician,15,4.4,490
5190,Dr. Sneha Joshi,Malegaon,Flu,General Physician,19,4.0,414
5191,Dr. Rahul Shinde,Malegaon,Cold,General Physician,25,4.0,763
5192,Dr. Priya Deshmukh,Malegaon,Cold,General Physician,2,3.9,1394
5193,Dr. Rahul Jadhav,Malegaon,Cold,General Physician,15,4.0,1214
5194,Dr. Rahul Gupta,Malegaon,Cold,General Physician,13,4.4,737
5195,Dr. Vikas Kulkarni,Malegaon,Cold,General Physician,20,4.5,655
5196,Dr. Priya Patil,Malegaon,Cold,General Physician,32,3.7,1491
5197,Dr. Pooja Jadhav,Malegaon,Cold,General Physician,18,3.7,1277
5198,Dr. Sneha Kulkarni,Malegaon,Cold,General Physician,2,3.6,472
5199,Dr. Amit Sharma,Malegaon,Cold,General Physician,26,5.0,307
5200,Dr. Neha Gupta,Malegaon,Cold,General Physician,20,4.9,608
5201,Dr. Amit Joshi,Malegaon,COVID-19,Pulmonologist,18,4.2,214
5202,Dr. Kiran Joshi,Malegaon,COVID-19,Pulmonologist,2,5.0,1435
5203,Dr. Vikas Joshi,Malegaon,COVID-19,Pulmonologist,6,4.0,1301
5204,Dr. Kiran Sharma,Malegaon,COVID-19,Pulmonologist,5,4.7,1242
5205,Dr. Rohit Gupta,Malegaon,COVID-19,Pulmonologist,19,4.9,1040
5206,Dr. Neha Patil,Malegaon,COVID-19,Pulmonologist,12,4.8,790
5207,Dr. Pooja Gupta,Malegaon,COVID-19,Pulmonologist,31,4.3,997
5208,Dr. Rahul Jadhav,Malegaon,COVID-19,Pulmonologist,22,4.4,933
5209,Dr. Vikas Gupta,Malegaon,COVID-19,Pulmonologist,7,3.7,1203
5210,Dr. Sneha Kulkarni,Malegaon,COVID-19,Pulmonologist,4,3.9,1374
5211,Dr. Kiran Jadhav,Malegaon,Malaria,Infectious Disease,19,4.5,254
5212,Dr. Sneha Jadhav,Malegaon,Malaria,Infectious Disease,33,4.8,623
5213,Dr. Sneha Joshi,Malegaon,Malaria,Infectious Disease,2,4.2,302
5214,Dr. Vikas Patil,Malegaon,Malaria,Infectious Disease,24,3.9,744
5215,Dr. Pooja Sharma,Malegaon,Malaria,Infectious Disease,26,3.6,1151
5216,Dr. Priya Patil,Malegaon,Malaria,Infectious Disease,31,3.9,792
5217,Dr. Amit Kulkarni,Malegaon,Malaria,Infectious Disease,22,3.7,1443
5218,Dr. Rahul Joshi,Malegaon,Malaria,Infectious Disease,11,3.8,1216
5219,Dr. Sneha Deshmukh,Malegaon,Malaria,Infectious Disease,24,3.7,1236
5220,Dr. Rohit Kulkarni,Malegaon,Malaria,Infectious Disease,27,3.6,374
5221,Dr. Sneha Gupta,Malegaon,Dengue,Infectious Disease,25,4.2,686
5222,Dr. Priya Sharma,Malegaon,Dengue,Infectious Disease,15,4.4,1070
5223,Dr. Priya Sharma,Malegaon,Dengue,Infectious Disease,12,4.2,896
5224,Dr. Vikas Deshmukh,Malegaon,Dengue,Infectious Disease,17,4.5,900
5225,Dr. Priya Joshi,Malegaon,Dengue,Infectious Disease,24,4.7,1015
5226,Dr. Vikas Gupta,Malegaon,Dengue,Infectious Disease,13,3.8,672
5227,Dr. Vikas Deshmukh,Malegaon,Dengue,Infectious Disease,21,4.0,1268
5228,Dr. Neha Deshmukh,Malegaon,Dengue,Infectious Disease,35,4.7,1034
5229,Dr. Kiran Patil,Malegaon,Dengue,Infectious Disease,34,4.0,864
5230,Dr. Pooja Gupta,Malegaon,Dengue,Infectious Disease,30,4.2,268
5231,Dr. Sneha Sharma,Malegaon,Typhoid,General Physician,11,4.0,1356
5232,Dr. Neha Patil,Malegaon,Typhoid,General Physician,17,3.8,1334
5233,Dr. Kiran Deshmukh,Malegaon,Typhoid,General Physician,12,4.9,727
5234,Dr. Anil Jadhav,Malegaon,Typhoid,General Physician,11,4.9,462
5235,Dr. Pooja Patil,Malegaon,Typhoid,General Physician,1,4.0,1098
5236,Dr. Sneha Deshmukh,Malegaon,Typhoid,General Physician,12,4.0,435
5237,Dr. Neha Patil,Malegaon,Typhoid,General Physician,5,4.1,1286
5238,Dr. Anil Kulkarni,Malegaon,Typhoid,General Physician,33,4.3,1442
5239,Dr. Sneha Patil,Malegaon,Typhoid,General Physician,18,4.1,373
5240,Dr. Rohit Joshi,Malegaon,Typhoid,General Physician,18,3.7,1321
5241,Dr. Sneha Patil,Malegaon,Asthma,Pulmonologist,4,4.4,638
5242,Dr. Priya Deshmukh,Malegaon,Asthma,Pulmonologist,28,4.7,1453
5243,Dr. Rohit Deshmukh,Malegaon,Asthma,Pulmonologist,7,4.2,1306
5244,Dr. Amit Joshi,Malegaon,Asthma,Pulmonologist,6,3.9,1466
5245,Dr. Rohit Patil,Malegaon,Asthma,Pulmonologist,2,4.0,1067
5246,Dr. Sneha Deshmukh,Malegaon,Asthma,Pulmonologist,1,3.8,1422
5247,Dr. Sneha Sharma,Malegaon,Asthma,Pulmonologist,24,4.6,456
5248,Dr. Rohit Shinde,Malegaon,Asthma,Pulmonologist,19,3.6,972
5249,Dr. Sneha Sharma,Malegaon,Asthma,Pulmonologist,32,4.8,1293
5250,Dr. Pooja Joshi,Malegaon,Asthma,Pulmonologist,17,4.1,1415
5251,Dr. Kiran Gupta,Malegaon,Diabetes,Endocrinologist,25,4.5,1233
5252,Dr. Pooja Patil,Malegaon,Diabetes,Endocrinologist,22,3.6,1344
5253,Dr. Neha Sharma,Malegaon,Diabetes,Endocrinologist,28,4.0,1347
5254,Dr. Amit Joshi,Malegaon,Diabetes,Endocrinologist,3,4.0,330
5255,Dr. Pooja Jadhav,Malegaon,Diabetes,Endocrinologist,3,3.6,1134
5256,Dr. Kiran Patil,Malegaon,Diabetes,Endocrinologist,15,4.5,1205
5257,Dr. Neha Deshmukh,Malegaon,Diabetes,Endocrinologist,8,4.4,545
5258,Dr. Vikas Jadhav,Malegaon,Diabetes,Endocrinologist,30,4.7,820
5259,Dr. Amit Shinde,Malegaon,Diabetes,Endocrinologist,23,4.9,667
5260,Dr. Anil Sharma,Malegaon,Diabetes,Endocrinologist,10,4.7,273
5261,Dr. Rahul Deshmukh,Malegaon,Migraine,Neurologist,21,3.9,1287
5262,Dr. Rahul Shinde,Malegaon,Migraine,Neurologist,35,3.7,1353
5263,Dr. Rahul Gupta,Malegaon,Migraine,Neurologist,6,3.6,614
5264,Dr. Rohit Gupta,Malegaon,Migraine,Neurologist,8,4.0,766
5265,Dr. Amit Joshi,Malegaon,Migraine,Neurologist,22,4.3,381
5266,Dr. Priya Jadhav,Malegaon,Migraine,Neurologist,6,4.1,1393
5267,Dr. Amit Gupta,Malegaon,Migraine,Neurologist,12,4.7,1240
5268,Dr. Vikas Deshmukh,Malegaon,Migraine,Neurologist,4,3.8,477
5269,Dr. Rohit Deshmukh,Malegaon,Migraine,Neurologist,28,3.8,660
5270,Dr. Rohit Sharma,Malegaon,Migraine,Neurologist,30,4.8,416
5271,Dr. Rohit Kulkarni,Malegaon,Food Poisoning,Gastroenterologist,23,3.6,1372
5272,Dr. Rohit Patil,Malegaon,Food Poisoning,Gastroenterologist,32,4.6,1364
5273,Dr. Vikas Joshi,Malegaon,Food Poisoning,Gastroenterologist,35,4.7,1399
5274,Dr. Priya Joshi,Malegaon,Food Poisoning,Gastroenterologist,29,3.6,355
5275,Dr. Kiran Shinde,Malegaon,Food Poisoning,Gastroenterologist,12,3.6,1189
5276,Dr. Vikas Sharma,Malegaon,Food Poisoning,Gastroenterologist,27,3.7,849
5277,Dr. Rohit Shinde,Malegaon,Food Poisoning,Gastroenterologist,5,4.4,460
5278,Dr. Priya Sharma,Malegaon,Food Poisoning,Gastroenterologist,20,3.6,952
5279,Dr. Amit Jadhav,Malegaon,Food Poisoning,Gastroenterologist,12,4.1,1288
5280,Dr. Pooja Sharma,Malegaon,Food Poisoning,Gastroenterologist,29,4.8,487
5281,Dr. Rahul Patil,Malegaon,Jaundice,Hepatologist,27,4.7,1343
5282,Dr. Sneha Joshi,Malegaon,Jaundice,Hepatologist,27,5.0,528
5283,Dr. Rohit Kulkarni,Malegaon,Jaundice,Hepatologist,11,4.0,1458
5284,Dr. Priya Patil,Malegaon,Jaundice,Hepatologist,24,4.6,556
5285,Dr. Sneha Jadhav,Malegaon,Jaundice,Hepatologist,30,4.7,721
5286,Dr. Rahul Deshmukh,Malegaon,Jaundice,Hepatologist,12,3.8,1410
5287,Dr. Kiran Shinde,Malegaon,Jaundice,Hepatologist,33,5.0,974
5288,Dr. Sneha Jadhav,Malegaon,Jaundice,Hepatologist,25,4.6,1103
5289,Dr. Vikas Shinde,Malegaon,Jaundice,Hepatologist,25,4.7,995
5290,Dr. Rahul Jadhav,Malegaon,Jaundice,Hepatologist,26,4.9,347
5291,Dr. Anil Kulkarni,Malegaon,Chickenpox,Dermatologist,17,4.9,1011
5292,Dr. Rohit Joshi,Malegaon,Chickenpox,Dermatologist,22,4.9,668
5293,Dr. Sneha Kulkarni,Malegaon,Chickenpox,Dermatologist,27,3.9,846
5294,Dr. Kiran Sharma,Malegaon,Chickenpox,Dermatologist,12,3.9,825
5295,Dr. Sneha Jadhav,Malegaon,Chickenpox,Dermatologist,32,3.6,1132
5296,Dr. Vikas Joshi,Malegaon,Chickenpox,Dermatologist,23,3.8,855
5297,Dr. Sneha Joshi,Malegaon,Chickenpox,Dermatologist,34,4.4,1281
5298,Dr. Neha Patil,Malegaon,Chickenpox,Dermatologist,33,4.6,981
5299,Dr. Anil Patil,Malegaon,Chickenpox,Dermatologist,21,4.6,1376
5300,Dr. Pooja Patil,Malegaon,Chickenpox,Dermatologist,31,3.9,545
5301,Dr. Neha Shinde,Malegaon,Measles,Pediatrician,24,4.3,1352
5302,Dr. Sneha Sharma,Malegaon,Measles,Pediatrician,11,3.8,203
5303,Dr. Pooja Gupta,Malegaon,Measles,Pediatrician,35,4.3,858
5304,Dr. Amit Jadhav,Malegaon,Measles,Pediatrician,15,3.5,798
5305,Dr. Amit Gupta,Malegaon,Measles,Pediatrician,31,4.4,332
5306,Dr. Pooja Patil,Malegaon,Measles,Pediatrician,16,3.8,1333
5307,Dr. Vikas Jadhav,Malegaon,Measles,Pediatrician,12,3.8,466
5308,Dr. Kiran Shinde,Malegaon,Measles,Pediatrician,5,4.9,1349
5309,Dr. Kiran Joshi,Malegaon,Measles,Pediatrician,14,4.7,916
5310,Dr. Anil Sharma,Malegaon,Measles,Pediatrician,6,4.8,386
5311,Dr. Amit Jadhav,Malegaon,Arthritis,Orthopedic,13,4.0,1177
5312,Dr. Rohit Jadhav,Malegaon,Arthritis,Orthopedic,19,4.5,1250
5313,Dr. Pooja Shinde,Malegaon,Arthritis,Orthopedic,35,5.0,921
5314,Dr. Priya Shinde,Malegaon,Arthritis,Orthopedic,35,4.8,1357
5315,Dr. Neha Gupta,Malegaon,Arthritis,Orthopedic,11,3.7,577
5316,Dr. Rohit Kulkarni,Malegaon,Arthritis,Orthopedic,32,5.0,423
5317,Dr. Vikas Patil,Malegaon,Arthritis,Orthopedic,3,4.7,716
5318,Dr. Priya Jadhav,Malegaon,Arthritis,Orthopedic,19,3.9,456
5319,Dr. Neha Deshmukh,Malegaon,Arthritis,Orthopedic,25,3.9,989
5320,Dr. Vikas Jadhav,Malegaon,Arthritis,Orthopedic,19,4.9,367
5321,Dr. Rahul Deshmukh,Ahmednagar,Flu,General Physician,29,4.3,316
5322,Dr. Rahul Joshi,Ahmednagar,Flu,General Physician,7,4.3,628
5323,Dr. Neha Jadhav,Ahmednagar,Flu,General Physician,2,3.7,875
5324,Dr. Kiran Joshi,Ahmednagar,Flu,General Physician,12,4.5,754
5325,Dr. Vikas Patil,Ahmednagar,Flu,General Physician,8,3.5,808
5326,Dr. Vikas Sharma,Ahmednagar,Flu,General Physician,12,4.1,1414
5327,Dr. Vikas Shinde,Ahmednagar,Flu,General Physician,1,4.8,593
5328,Dr. Priya Gupta,Ahmednagar,Flu,General Physician,26,4.9,1444
5329,Dr. Neha Gupta,Ahmednagar,Flu,General Physician,8,4.3,1084
5330,Dr. Sneha Joshi,Ahmednagar,Flu,General Physician,13,3.7,290
5331,Dr. Neha Gupta,Ahmednagar,Cold,General Physician,13,4.1,917
5332,Dr. Rohit Deshmukh,Ahmednagar,Cold,General Physician,17,3.8,1207
5333,Dr. Amit Patil,Ahmednagar,Cold,General Physician,11,4.4,417
5334,Dr. Amit Deshmukh,Ahmednagar,Cold,General Physician,3,4.3,874
5335,Dr. Amit Shinde,Ahmednagar,Cold,General Physician,20,4.5,340
5336,Dr. Rahul Sharma,Ahmednagar,Cold,General Physician,9,4.9,879
5337,Dr. Sneha Gupta,Ahmednagar,Cold,General Physician,10,3.8,474
5338,Dr. Amit Sharma,Ahmednagar,Cold,General Physician,22,4.4,433
5339,Dr. Anil Gupta,Ahmednagar,Cold,General Physician,33,3.5,747
5340,Dr. Sneha Shinde,Ahmednagar,Cold,General Physician,25,4.3,425
5341,Dr. Rahul Patil,Ahmednagar,COVID-19,Pulmonologist,26,5.0,1049
5342,Dr. Rahul Shinde,Ahmednagar,COVID-19,Pulmonologist,34,4.4,386
5343,Dr. Priya Patil,Ahmednagar,COVID-19,Pulmonologist,27,4.5,854
5344,Dr. Amit Kulkarni,Ahmednagar,COVID-19,Pulmonologist,6,4.3,714
5345,Dr. Kiran Kulkarni,Ahmednagar,COVID-19,Pulmonologist,16,4.4,500
5346,Dr. Vikas Shinde,Ahmednagar,COVID-19,Pulmonologist,11,4.9,345
5347,Dr. Priya Deshmukh,Ahmednagar,COVID-19,Pulmonologist,7,4.2,530
5348,Dr. Pooja Gupta,Ahmednagar,COVID-19,Pulmonologist,14,4.7,786
5349,Dr. Rahul Shinde,Ahmednagar,COVID-19,Pulmonologist,19,4.6,924
5350,Dr. Sneha Jadhav,Ahmednagar,COVID-19,Pulmonologist,26,3.6,909
5351,Dr. Vikas Jadhav,Ahmednagar,Malaria,Infectious Disease,33,4.4,1239
5352,Dr. Anil Kulkarni,Ahmednagar,Malaria,Infectious Disease,22,4.9,1056
5353,Dr. Sneha Gupta,Ahmednagar,Malaria,Infectious Disease,21,3.8,605
5354,Dr. Rahul Shinde,Ahmednagar,Malaria,Infectious Disease,24,4.4,656
5355,Dr. Priya Kulkarni,Ahmednagar,Malaria,Infectious Disease,34,4.8,1293
5356,Dr. Rohit Kulkarni,Ahmednagar,Malaria,Infectious Disease,24,4.2,311
5357,Dr. Sneha Jadhav,Ahmednagar,Malaria,Infectious Disease,19,4.2,617
5358,Dr. Amit Patil,Ahmednagar,Malaria,Infectious Disease,9,4.9,1479
5359,Dr. Neha Patil,Ahmednagar,Malaria,Infectious Disease,29,4.9,298
5360,Dr. Priya Kulkarni,Ahmednagar,Malaria,Infectious Disease,13,4.6,368
5361,Dr. Anil Shinde,Ahmednagar,Dengue,Infectious Disease,21,4.9,744
5362,Dr. Priya Patil,Ahmednagar,Dengue,Infectious Disease,20,4.5,1221
5363,Dr. Anil Gupta,Ahmednagar,Dengue,Infectious Disease,24,3.8,530
5364,Dr. Rahul Sharma,Ahmednagar,Dengue,Infectious Disease,3,4.8,1148
5365,Dr. Sneha Jadhav,Ahmednagar,Dengue,Infectious Disease,4,4.1,260
5366,Dr. Anil Jadhav,Ahmednagar,Dengue,Infectious Disease,33,4.0,651
5367,Dr. Amit Joshi,Ahmednagar,Dengue,Infectious Disease,25,5.0,1306
5368,Dr. Priya Deshmukh,Ahmednagar,Dengue,Infectious Disease,1,4.8,1264
5369,Dr. Neha Shinde,Ahmednagar,Dengue,Infectious Disease,3,3.8,239
5370,Dr. Rohit Shinde,Ahmednagar,Dengue,Infectious Disease,1,3.5,402
5371,Dr. Kiran Kulkarni,Ahmednagar,Typhoid,General Physician,8,4.4,394
5372,Dr. Sneha Gupta,Ahmednagar,Typhoid,General Physician,19,4.2,1059
5373,Dr. Rohit Patil,Ahmednagar,Typhoid,General Physician,32,5.0,416
5374,Dr. Sneha Sharma,Ahmednagar,Typhoid,General Physician,29,4.7,334
5375,Dr. Neha Jadhav,Ahmednagar,Typhoid,General Physician,32,4.7,1499
5376,Dr. Anil Shinde,Ahmednagar,Typhoid,General Physician,22,4.2,1243
5377,Dr. Anil Gupta,Ahmednagar,Typhoid,General Physician,27,3.7,1232
5378,Dr. Neha Kulkarni,Ahmednagar,Typhoid,General Physician,16,4.0,1232
5379,Dr. Sneha Jadhav,Ahmednagar,Typhoid,General Physician,32,3.7,669
5380,Dr. Anil Shinde,Ahmednagar,Typhoid,General Physician,33,4.2,517
5381,Dr. Rohit Joshi,Ahmednagar,Asthma,Pulmonologist,15,4.3,548
5382,Dr. Sneha Joshi,Ahmednagar,Asthma,Pulmonologist,3,4.8,526
5383,Dr. Kiran Patil,Ahmednagar,Asthma,Pulmonologist,30,4.9,597
5384,Dr. Rahul Deshmukh,Ahmednagar,Asthma,Pulmonologist,15,5.0,289
5385,Dr. Rahul Kulkarni,Ahmednagar,Asthma,Pulmonologist,31,3.6,1388
5386,Dr. Rohit Shinde,Ahmednagar,Asthma,Pulmonologist,12,4.2,387
5387,Dr. Sneha Shinde,Ahmednagar,Asthma,Pulmonologist,4,4.0,233
5388,Dr. Anil Kulkarni,Ahmednagar,Asthma,Pulmonologist,35,4.0,246
5389,Dr. Rohit Gupta,Ahmednagar,Asthma,Pulmonologist,8,4.6,403
5390,Dr. Vikas Joshi,Ahmednagar,Asthma,Pulmonologist,5,3.7,729
5391,Dr. Anil Sharma,Ahmednagar,Diabetes,Endocrinologist,14,4.1,1244
5392,Dr. Priya Joshi,Ahmednagar,Diabetes,Endocrinologist,32,4.2,597
5393,Dr. Neha Shinde,Ahmednagar,Diabetes,Endocrinologist,3,4.8,873
5394,Dr. Kiran Kulkarni,Ahmednagar,Diabetes,Endocrinologist,1,3.6,1030
5395,Dr. Anil Deshmukh,Ahmednagar,Diabetes,Endocrinologist,32,4.6,762
5396,Dr. Anil Deshmukh,Ahmednagar,Diabetes,Endocrinologist,5,3.6,1423
5397,Dr. Amit Joshi,Ahmednagar,Diabetes,Endocrinologist,4,4.6,964
5398,Dr. Neha Kulkarni,Ahmednagar,Diabetes,Endocrinologist,1,4.9,634
5399,Dr. Vikas Sharma,Ahmednagar,Diabetes,Endocrinologist,32,3.8,1211
5400,Dr. Vikas Patil,Ahmednagar,Diabetes,Endocrinologist,19,3.8,1345
5401,Dr. Rahul Shinde,Ahmednagar,Migraine,Neurologist,9,3.8,623
5402,Dr. Priya Shinde,Ahmednagar,Migraine,Neurologist,10,4.1,560
5403,Dr. Kiran Gupta,Ahmednagar,Migraine,Neurologist,21,4.7,1182
5404,Dr. Rahul Patil,Ahmednagar,Migraine,Neurologist,5,4.6,330
5405,Dr. Neha Shinde,Ahmednagar,Migraine,Neurologist,8,4.7,1206
5406,Dr. Anil Patil,Ahmednagar,Migraine,Neurologist,22,4.4,841
5407,Dr. Sneha Deshmukh,Ahmednagar,Migraine,Neurologist,27,4.2,1185
5408,Dr. Pooja Gupta,Ahmednagar,Migraine,Neurologist,32,4.8,280
5409,Dr. Priya Kulkarni,Ahmednagar,Migraine,Neurologist,21,4.4,970
5410,Dr. Kiran Gupta,Ahmednagar,Migraine,Neurologist,5,3.7,1411
5411,Dr. Vikas Deshmukh,Ahmednagar,Food Poisoning,Gastroenterologist,13,4.1,916
5412,Dr. Rohit Gupta,Ahmednagar,Food Poisoning,Gastroenterologist,24,4.2,570
5413,Dr. Sneha Joshi,Ahmednagar,Food Poisoning,Gastroenterologist,20,3.7,641
5414,Dr. Rahul Jadhav,Ahmednagar,Food Poisoning,Gastroenterologist,24,4.3,480
5415,Dr. Anil Gupta,Ahmednagar,Food Poisoning,Gastroenterologist,26,3.8,410
5416,Dr. Kiran Deshmukh,Ahmednagar,Food Poisoning,Gastroenterologist,11,4.3,1325
5417,Dr. Neha Kulkarni,Ahmednagar,Food Poisoning,Gastroenterologist,20,3.8,1306
5418,Dr. Vikas Deshmukh,Ahmednagar,Food Poisoning,Gastroenterologist,22,3.5,392
5419,Dr. Priya Patil,Ahmednagar,Food Poisoning,Gastroenterologist,8,3.6,1005
5420,Dr. Vikas Deshmukh,Ahmednagar,Food Poisoning,Gastroenterologist,16,4.8,625
5421,Dr. Rohit Patil,Ahmednagar,Jaundice,Hepatologist,1,3.7,390
5422,Dr. Pooja Shinde,Ahmednagar,Jaundice,Hepatologist,30,3.6,373
5423,Dr. Rahul Shinde,Ahmednagar,Jaundice,Hepatologist,16,4.0,1268
5424,Dr. Priya Joshi,Ahmednagar,Jaundice,Hepatologist,20,4.2,1312
5425,Dr. Rahul Patil,Ahmednagar,Jaundice,Hepatologist,13,4.9,1144
5426,Dr. Pooja Joshi,Ahmednagar,Jaundice,Hepatologist,10,4.7,576
5427,Dr. Neha Jadhav,Ahmednagar,Jaundice,Hepatologist,4,3.7,1321
5428,Dr. Pooja Shinde,Ahmednagar,Jaundice,Hepatologist,17,4.2,481
5429,Dr. Anil Shinde,Ahmednagar,Jaundice,Hepatologist,25,3.9,424
5430,Dr. Vikas Deshmukh,Ahmednagar,Jaundice,Hepatologist,30,3.5,379
5431,Dr. Anil Jadhav,Ahmednagar,Chickenpox,Dermatologist,19,4.7,436
5432,Dr. Kiran Joshi,Ahmednagar,Chickenpox,Dermatologist,24,4.0,999
5433,Dr. Neha Kulkarni,Ahmednagar,Chickenpox,Dermatologist,35,4.5,1041
5434,Dr. Sneha Sharma,Ahmednagar,Chickenpox,Dermatologist,5,4.7,1277
5435,Dr. Rahul Jadhav,Ahmednagar,Chickenpox,Dermatologist,14,4.0,366
5436,Dr. Sneha Shinde,Ahmednagar,Chickenpox,Dermatologist,26,3.9,257
5437,Dr. Vikas Patil,Ahmednagar,Chickenpox,Dermatologist,5,4.7,512
5438,Dr. Rohit Kulkarni,Ahmednagar,Chickenpox,Dermatologist,28,4.2,1036
5439,Dr. Rahul Deshmukh,Ahmednagar,Chickenpox,Dermatologist,3,4.9,1414
5440,Dr. Anil Patil,Ahmednagar,Chickenpox,Dermatologist,9,4.3,718
5441,Dr. Rohit Kulkarni,Ahmednagar,Measles,Pediatrician,26,4.9,1023
5442,Dr. Pooja Sharma,Ahmednagar,Measles,Pediatrician,15,4.4,421
5443,Dr. Pooja Joshi,Ahmednagar,Measles,Pediatrician,32,3.9,723
5444,Dr. Pooja Kulkarni,Ahmednagar,Measles,Pediatrician,28,4.8,295
5445,Dr. Neha Joshi,Ahmednagar,Measles,Pediatrician,26,3.7,401
5446,Dr. Rohit Shinde,Ahmednagar,Measles,Pediatrician,8,3.5,672
5447,Dr. Sneha Jadhav,Ahmednagar,Measles,Pediatrician,25,3.6,314
5448,Dr. Anil Patil,Ahmednagar,Measles,Pediatrician,25,3.7,245
5449,Dr. Anil Joshi,Ahmednagar,Measles,Pediatrician,27,4.4,584
5450,Dr. Sneha Patil,Ahmednagar,Measles,Pediatrician,9,4.0,500
5451,Dr. Vikas Deshmukh,Ahmednagar,Arthritis,Orthopedic,6,4.6,619
5452,Dr. Anil Deshmukh,Ahmednagar,Arthritis,Orthopedic,28,3.7,1202
5453,Dr. Anil Jadhav,Ahmednagar,Arthritis,Orthopedic,3,3.6,1469
5454,Dr. Pooja Joshi,Ahmednagar,Arthritis,Orthopedic,29,4.4,656
5455,Dr. Neha Joshi,Ahmednagar,Arthritis,Orthopedic,28,4.3,999
5456,Dr. Rohit Sharma,Ahmednagar,Arthritis,Orthopedic,12,3.8,635
5457,Dr. Sneha Jadhav,Ahmednagar,Arthritis,Orthopedic,14,4.5,1071
5458,Dr. Vikas Joshi,Ahmednagar,Arthritis,Orthopedic,3,3.9,694
5459,Dr. Anil Joshi,Ahmednagar,Arthritis,Orthopedic,27,4.5,762
5460,Dr. Anil Patil,Ahmednagar,Arthritis,Orthopedic,6,4.0,382
5461,Dr. Amit Kulkarni,Baramati,Flu,General Physician,10,4.4,1416
5462,Dr. Rohit Sharma,Baramati,Flu,General Physician,26,4.7,1454
5463,Dr. Pooja Joshi,Baramati,Flu,General Physician,34,3.6,747
5464,Dr. Rahul Patil,Baramati,Flu,General Physician,20,3.9,780
5465,Dr. Vikas Patil,Baramati,Flu,General Physician,23,4.3,264
5466,Dr. Sneha Deshmukh,Baramati,Flu,General Physician,15,4.4,363
5467,Dr. Rohit Shinde,Baramati,Flu,General Physician,29,4.4,354
5468,Dr. Sneha Kulkarni,Baramati,Flu,General Physician,31,4.1,856
5469,Dr. Neha Shinde,Baramati,Flu,General Physician,4,3.7,348
5470,Dr. Pooja Gupta,Baramati,Flu,General Physician,11,4.9,1183
5471,Dr. Neha Shinde,Baramati,Cold,General Physician,17,4.4,833
5472,Dr. Rohit Kulkarni,Baramati,Cold,General Physician,3,3.7,1293
5473,Dr. Neha Jadhav,Baramati,Cold,General Physician,33,4.7,1227
5474,Dr. Anil Jadhav,Baramati,Cold,General Physician,2,4.4,1437
5475,Dr. Rahul Patil,Baramati,Cold,General Physician,16,4.5,825
5476,Dr. Pooja Sharma,Baramati,Cold,General Physician,16,4.7,1208
5477,Dr. Sneha Patil,Baramati,Cold,General Physician,9,4.3,902
5478,Dr. Vikas Sharma,Baramati,Cold,General Physician,6,3.7,889
5479,Dr. Pooja Deshmukh,Baramati,Cold,General Physician,20,3.7,913
5480,Dr. Sneha Sharma,Baramati,Cold,General Physician,34,3.9,804
5481,Dr. Vikas Gupta,Baramati,COVID-19,Pulmonologist,34,4.6,871
5482,Dr. Rahul Shinde,Baramati,COVID-19,Pulmonologist,13,4.3,1334
5483,Dr. Neha Sharma,Baramati,COVID-19,Pulmonologist,11,4.4,1066
5484,Dr. Anil Kulkarni,Baramati,COVID-19,Pulmonologist,29,3.8,975
5485,Dr. Sneha Jadhav,Baramati,COVID-19,Pulmonologist,23,4.7,1477
5486,Dr. Neha Kulkarni,Baramati,COVID-19,Pulmonologist,12,3.5,417
5487,Dr. Amit Shinde,Baramati,COVID-19,Pulmonologist,17,5.0,1316
5488,Dr. Vikas Gupta,Baramati,COVID-19,Pulmonologist,16,3.5,202
5489,Dr. Rahul Jadhav,Baramati,COVID-19,Pulmonologist,13,4.8,888
5490,Dr. Vikas Jadhav,Baramati,COVID-19,Pulmonologist,11,4.1,519
5491,Dr. Kiran Shinde,Baramati,Malaria,Infectious Disease,20,4.4,1385
5492,Dr. Pooja Jadhav,Baramati,Malaria,Infectious Disease,9,4.7,475
5493,Dr. Sneha Joshi,Baramati,Malaria,Infectious Disease,5,4.4,716
5494,Dr. Priya Patil,Baramati,Malaria,Infectious Disease,2,4.9,1452
5495,Dr. Pooja Jadhav,Baramati,Malaria,Infectious Disease,21,3.5,670
5496,Dr. Pooja Jadhav,Baramati,Malaria,Infectious Disease,19,3.7,889
5497,Dr. Vikas Joshi,Baramati,Malaria,Infectious Disease,27,4.3,605
5498,Dr. Pooja Gupta,Baramati,Malaria,Infectious Disease,15,4.3,842
5499,Dr. Amit Sharma,Baramati,Malaria,Infectious Disease,19,3.8,1473
5500,Dr. Priya Patil,Baramati,Malaria,Infectious Disease,7,4.7,725
5501,Dr. Pooja Sharma,Baramati,Dengue,Infectious Disease,19,4.5,803
5502,Dr. Sneha Patil,Baramati,Dengue,Infectious Disease,25,4.7,779
5503,Dr. Amit Shinde,Baramati,Dengue,Infectious Disease,16,3.6,544
5504,Dr. Priya Shinde,Baramati,Dengue,Infectious Disease,12,4.5,1251
5505,Dr. Pooja Gupta,Baramati,Dengue,Infectious Disease,23,3.8,1105
5506,Dr. Pooja Patil,Baramati,Dengue,Infectious Disease,23,4.7,558
5507,Dr. Sneha Joshi,Baramati,Dengue,Infectious Disease,28,4.0,925
5508,Dr. Neha Joshi,Baramati,Dengue,Infectious Disease,24,5.0,1487
5509,Dr. Amit Sharma,Baramati,Dengue,Infectious Disease,4,4.7,978
5510,Dr. Sneha Patil,Baramati,Dengue,Infectious Disease,4,3.6,325
5511,Dr. Sneha Sharma,Baramati,Typhoid,General Physician,7,4.2,1423
5512,Dr. Vikas Patil,Baramati,Typhoid,General Physician,3,5.0,1128
5513,Dr. Amit Patil,Baramati,Typhoid,General Physician,19,4.0,1130
5514,Dr. Sneha Kulkarni,Baramati,Typhoid,General Physician,27,4.0,1211
5515,Dr. Rohit Patil,Baramati,Typhoid,General Physician,30,4.3,851
5516,Dr. Anil Joshi,Baramati,Typhoid,General Physician,35,4.7,1025
5517,Dr. Rahul Shinde,Baramati,Typhoid,General Physician,30,3.5,615
5518,Dr. Rahul Gupta,Baramati,Typhoid,General Physician,31,3.7,934
5519,Dr. Vikas Kulkarni,Baramati,Typhoid,General Physician,25,4.6,343
5520,Dr. Priya Patil,Baramati,Typhoid,General Physician,33,4.2,491
5521,Dr. Sneha Joshi,Baramati,Asthma,Pulmonologist,7,4.5,1083
5522,Dr. Priya Joshi,Baramati,Asthma,Pulmonologist,26,4.9,821
5523,Dr. Rohit Patil,Baramati,Asthma,Pulmonologist,23,3.7,600
5524,Dr. Kiran Shinde,Baramati,Asthma,Pulmonologist,11,3.5,1218
5525,Dr. Neha Sharma,Baramati,Asthma,Pulmonologist,32,4.2,623
5526,Dr. Pooja Kulkarni,Baramati,Asthma,Pulmonologist,20,4.4,397
5527,Dr. Anil Jadhav,Baramati,Asthma,Pulmonologist,8,4.0,1114
5528,Dr. Neha Jadhav,Baramati,Asthma,Pulmonologist,20,4.0,313
5529,Dr. Rohit Joshi,Baramati,Asthma,Pulmonologist,9,4.8,885
5530,Dr. Pooja Kulkarni,Baramati,Asthma,Pulmonologist,9,3.9,610
5531,Dr. Pooja Joshi,Baramati,Diabetes,Endocrinologist,15,4.7,1454
5532,Dr. Kiran Jadhav,Baramati,Diabetes,Endocrinologist,19,4.4,677
5533,Dr. Pooja Sharma,Baramati,Diabetes,Endocrinologist,24,5.0,644
5534,Dr. Vikas Shinde,Baramati,Diabetes,Endocrinologist,30,4.9,1101
5535,Dr. Vikas Jadhav,Baramati,Diabetes,Endocrinologist,30,5.0,1034
5536,Dr. Priya Kulkarni,Baramati,Diabetes,Endocrinologist,17,4.6,756
5537,Dr. Kiran Gupta,Baramati,Diabetes,Endocrinologist,34,4.5,839
5538,Dr. Amit Patil,Baramati,Diabetes,Endocrinologist,26,3.9,1035
5539,Dr. Anil Patil,Baramati,Diabetes,Endocrinologist,13,5.0,272
5540,Dr. Rohit Kulkarni,Baramati,Diabetes,Endocrinologist,18,3.9,1438
5541,Dr. Rahul Jadhav,Baramati,Migraine,Neurologist,5,4.7,877
5542,Dr. Vikas Deshmukh,Baramati,Migraine,Neurologist,30,4.1,1190
5543,Dr. Rohit Kulkarni,Baramati,Migraine,Neurologist,10,3.9,1150
5544,Dr. Kiran Deshmukh,Baramati,Migraine,Neurologist,28,3.7,1158
5545,Dr. Pooja Gupta,Baramati,Migraine,Neurologist,26,3.5,483
5546,Dr. Amit Patil,Baramati,Migraine,Neurologist,3,3.8,230
5547,Dr. Vikas Sharma,Baramati,Migraine,Neurologist,25,3.7,835
5548,Dr. Kiran Gupta,Baramati,Migraine,Neurologist,9,3.9,690
5549,Dr. Pooja Patil,Baramati,Migraine,Neurologist,25,4.9,1394
5550,Dr. Sneha Gupta,Baramati,Migraine,Neurologist,4,4.8,1043
5551,Dr. Amit Shinde,Baramati,Food Poisoning,Gastroenterologist,25,5.0,969
5552,Dr. Vikas Gupta,Baramati,Food Poisoning,Gastroenterologist,8,4.3,769
5553,Dr. Priya Gupta,Baramati,Food Poisoning,Gastroenterologist,24,4.7,249
5554,Dr. Rohit Sharma,Baramati,Food Poisoning,Gastroenterologist,23,3.9,442
5555,Dr. Vikas Patil,Baramati,Food Poisoning,Gastroenterologist,14,3.5,666
5556,Dr. Priya Joshi,Baramati,Food Poisoning,Gastroenterologist,2,4.3,650
5557,Dr. Amit Jadhav,Baramati,Food Poisoning,Gastroenterologist,35,4.3,1472
5558,Dr. Sneha Shinde,Baramati,Food Poisoning,Gastroenterologist,17,3.9,1332
5559,Dr. Neha Patil,Baramati,Food Poisoning,Gastroenterologist,18,4.9,1067
5560,Dr. Kiran Jadhav,Baramati,Food Poisoning,Gastroenterologist,31,4.9,692
5561,Dr. Pooja Shinde,Baramati,Jaundice,Hepatologist,16,4.6,209
5562,Dr. Priya Joshi,Baramati,Jaundice,Hepatologist,12,4.7,512
5563,Dr. Neha Kulkarni,Baramati,Jaundice,Hepatologist,10,4.8,1086
5564,Dr. Neha Kulkarni,Baramati,Jaundice,Hepatologist,11,3.8,584
5565,Dr. Pooja Sharma,Baramati,Jaundice,Hepatologist,34,4.6,1435
5566,Dr. Amit Sharma,Baramati,Jaundice,Hepatologist,12,3.8,1257
5567,Dr. Vikas Joshi,Baramati,Jaundice,Hepatologist,34,3.7,318
5568,Dr. Priya Sharma,Baramati,Jaundice,Hepatologist,4,4.9,411
5569,Dr. Kiran Shinde,Baramati,Jaundice,Hepatologist,3,4.7,1352
5570,Dr. Vikas Gupta,Baramati,Jaundice,Hepatologist,34,4.2,1172
5571,Dr. Rahul Deshmukh,Baramati,Chickenpox,Dermatologist,22,3.7,777
5572,Dr. Rahul Jadhav,Baramati,Chickenpox,Dermatologist,25,4.9,1315
5573,Dr. Kiran Shinde,Baramati,Chickenpox,Dermatologist,4,5.0,1132
5574,Dr. Sneha Gupta,Baramati,Chickenpox,Dermatologist,34,4.1,1486
5575,Dr. Amit Sharma,Baramati,Chickenpox,Dermatologist,28,4.4,909
5576,Dr. Rahul Gupta,Baramati,Chickenpox,Dermatologist,25,4.4,385
5577,Dr. Anil Deshmukh,Baramati,Chickenpox,Dermatologist,30,3.6,789
5578,Dr. Kiran Jadhav,Baramati,Chickenpox,Dermatologist,13,4.7,744
5579,Dr. Vikas Patil,Baramati,Chickenpox,Dermatologist,17,4.3,370
5580,Dr. Kiran Deshmukh,Baramati,Chickenpox,Dermatologist,2,3.6,958
5581,Dr. Priya Kulkarni,Baramati,Measles,Pediatrician,17,4.5,490
5582,Dr. Rohit Shinde,Baramati,Measles,Pediatrician,17,4.5,222
5583,Dr. Neha Deshmukh,Baramati,Measles,Pediatrician,23,4.6,1410
5584,Dr. Anil Deshmukh,Baramati,Measles,Pediatrician,29,4.9,1258
5585,Dr. Rahul Deshmukh,Baramati,Measles,Pediatrician,16,4.4,1411
5586,Dr. Rahul Sharma,Baramati,Measles,Pediatrician,18,4.5,1208
5587,Dr. Sneha Sharma,Baramati,Measles,Pediatrician,30,3.8,1226
5588,Dr. Rohit Sharma,Baramati,Measles,Pediatrician,16,4.8,1354
5589,Dr. Rohit Deshmukh,Baramati,Measles,Pediatrician,24,4.6,286
5590,Dr. Amit Patil,Baramati,Measles,Pediatrician,28,4.2,566
5591,Dr. Rahul Joshi,Baramati,Arthritis,Orthopedic,32,3.9,1140
5592,Dr. Anil Gupta,Baramati,Arthritis,Orthopedic,16,4.2,923
5593,Dr. Rahul Jadhav,Baramati,Arthritis,Orthopedic,8,3.6,484
5594,Dr. Amit Jadhav,Baramati,Arthritis,Orthopedic,16,5.0,520
5595,Dr. Kiran Jadhav,Baramati,Arthritis,Orthopedic,26,4.2,1254
5596,Dr. Amit Gupta,Baramati,Arthritis,Orthopedic,21,4.8,726
5597,Dr. Vikas Deshmukh,Baramati,Arthritis,Orthopedic,29,4.6,854
5598,Dr. Anil Gupta,Baramati,Arthritis,Orthopedic,4,4.8,1100
5599,Dr. Pooja Patil,Baramati,Arthritis,Orthopedic,34,3.5,1458
5600,Dr. Sneha Kulkarni,Baramati,Arthritis,Orthopedic,29,3.7,220
5601,Dr. Kiran Deshmukh,Ichalkaranji,Flu,General Physician,23,5.0,299
5602,Dr. Anil Joshi,Ichalkaranji,Flu,General Physician,24,4.0,597
5603,Dr. Kiran Jadhav,Ichalkaranji,Flu,General Physician,35,4.4,698
5604,Dr. Kiran Sharma,Ichalkaranji,Flu,General Physician,31,3.9,804
5605,Dr. Rohit Joshi,Ichalkaranji,Flu,General Physician,34,3.8,972
5606,Dr. Neha Sharma,Ichalkaranji,Flu,General Physician,8,4.0,1280
5607,Dr. Priya Joshi,Ichalkaranji,Flu,General Physician,6,4.0,1162
5608,Dr. Anil Gupta,Ichalkaranji,Flu,General Physician,24,3.6,436
5609,Dr. Pooja Sharma,Ichalkaranji,Flu,General Physician,29,4.3,283
5610,Dr. Rohit Kulkarni,Ichalkaranji,Flu,General Physician,13,4.2,1339
5611,Dr. Rahul Gupta,Ichalkaranji,Cold,General Physician,19,4.5,1395
5612,Dr. Rahul Joshi,Ichalkaranji,Cold,General Physician,5,4.6,256
5613,Dr. Kiran Kulkarni,Ichalkaranji,Cold,General Physician,13,3.7,891
5614,Dr. Anil Shinde,Ichalkaranji,Cold,General Physician,6,4.2,604
5615,Dr. Sneha Patil,Ichalkaranji,Cold,General Physician,12,4.1,730
5616,Dr. Rohit Patil,Ichalkaranji,Cold,General Physician,11,4.4,1393
5617,Dr. Rahul Patil,Ichalkaranji,Cold,General Physician,9,4.1,1274
5618,Dr. Rohit Joshi,Ichalkaranji,Cold,General Physician,5,4.6,716
5619,Dr. Pooja Gupta,Ichalkaranji,Cold,General Physician,35,3.7,921
5620,Dr. Rahul Patil,Ichalkaranji,Cold,General Physician,4,4.0,1412
5621,Dr. Priya Patil,Ichalkaranji,COVID-19,Pulmonologist,20,3.7,520
5622,Dr. Neha Sharma,Ichalkaranji,COVID-19,Pulmonologist,35,5.0,204
5623,Dr. Anil Gupta,Ichalkaranji,COVID-19,Pulmonologist,32,3.9,953
5624,Dr. Rohit Patil,Ichalkaranji,COVID-19,Pulmonologist,15,3.8,908
5625,Dr. Pooja Shinde,Ichalkaranji,COVID-19,Pulmonologist,3,4.9,519
5626,Dr. Neha Patil,Ichalkaranji,COVID-19,Pulmonologist,24,4.2,799
5627,Dr. Rohit Sharma,Ichalkaranji,COVID-19,Pulmonologist,19,4.1,516
5628,Dr. Rahul Shinde,Ichalkaranji,COVID-19,Pulmonologist,19,4.5,294
5629,Dr. Pooja Gupta,Ichalkaranji,COVID-19,Pulmonologist,7,4.7,581
5630,Dr. Anil Kulkarni,Ichalkaranji,COVID-19,Pulmonologist,31,4.7,1120
5631,Dr. Neha Kulkarni,Ichalkaranji,Malaria,Infectious Disease,17,4.4,961
5632,Dr. Rahul Gupta,Ichalkaranji,Malaria,Infectious Disease,6,4.7,636
5633,Dr. Sneha Sharma,Ichalkaranji,Malaria,Infectious Disease,25,4.9,1202
5634,Dr. Anil Kulkarni,Ichalkaranji,Malaria,Infectious Disease,15,3.6,831
5635,Dr. Rahul Sharma,Ichalkaranji,Malaria,Infectious Disease,29,4.6,1300
5636,Dr. Sneha Patil,Ichalkaranji,Malaria,Infectious Disease,26,4.3,1243
5637,Dr. Priya Patil,Ichalkaranji,Malaria,Infectious Disease,14,4.6,644
5638,Dr. Rohit Gupta,Ichalkaranji,Malaria,Infectious Disease,26,4.1,1181
5639,Dr. Amit Deshmukh,Ichalkaranji,Malaria,Infectious Disease,4,4.9,447
5640,Dr. Priya Gupta,Ichalkaranji,Malaria,Infectious Disease,24,4.1,272
5641,Dr. Rohit Shinde,Ichalkaranji,Dengue,Infectious Disease,6,4.6,1225
5642,Dr. Pooja Jadhav,Ichalkaranji,Dengue,Infectious Disease,6,4.5,581
5643,Dr. Neha Joshi,Ichalkaranji,Dengue,Infectious Disease,22,4.1,645
5644,Dr. Anil Sharma,Ichalkaranji,Dengue,Infectious Disease,27,3.9,268
5645,Dr. Rohit Gupta,Ichalkaranji,Dengue,Infectious Disease,35,3.7,770
5646,Dr. Sneha Jadhav,Ichalkaranji,Dengue,Infectious Disease,35,4.8,1037
5647,Dr. Sneha Gupta,Ichalkaranji,Dengue,Infectious Disease,8,3.7,1325
5648,Dr. Rahul Deshmukh,Ichalkaranji,Dengue,Infectious Disease,3,3.8,1255
5649,Dr. Neha Joshi,Ichalkaranji,Dengue,Infectious Disease,24,5.0,434
5650,Dr. Vikas Gupta,Ichalkaranji,Dengue,Infectious Disease,3,3.9,806
5651,Dr. Neha Kulkarni,Ichalkaranji,Typhoid,General Physician,9,4.6,1117
5652,Dr. Amit Joshi,Ichalkaranji,Typhoid,General Physician,2,4.8,1424
5653,Dr. Sneha Gupta,Ichalkaranji,Typhoid,General Physician,27,4.8,1120
5654,Dr. Kiran Patil,Ichalkaranji,Typhoid,General Physician,15,4.8,1097
5655,Dr. Amit Patil,Ichalkaranji,Typhoid,General Physician,15,4.3,640
5656,Dr. Rahul Gupta,Ichalkaranji,Typhoid,General Physician,4,4.3,1105
5657,Dr. Kiran Shinde,Ichalkaranji,Typhoid,General Physician,35,3.8,1037
5658,Dr. Anil Kulkarni,Ichalkaranji,Typhoid,General Physician,3,4.5,1284
5659,Dr. Sneha Shinde,Ichalkaranji,Typhoid,General Physician,3,3.6,1107
5660,Dr. Kiran Deshmukh,Ichalkaranji,Typhoid,General Physician,18,3.8,737
5661,Dr. Anil Shinde,Ichalkaranji,Asthma,Pulmonologist,15,4.7,1214
5662,Dr. Anil Joshi,Ichalkaranji,Asthma,Pulmonologist,6,4.0,1107
5663,Dr. Priya Gupta,Ichalkaranji,Asthma,Pulmonologist,4,4.6,1485
5664,Dr. Rahul Patil,Ichalkaranji,Asthma,Pulmonologist,2,4.4,562
5665,Dr. Anil Jadhav,Ichalkaranji,Asthma,Pulmonologist,5,4.8,1066
5666,Dr. Pooja Shinde,Ichalkaranji,Asthma,Pulmonologist,17,3.9,950
5667,Dr. Amit Patil,Ichalkaranji,Asthma,Pulmonologist,4,4.5,677
5668,Dr. Rahul Joshi,Ichalkaranji,Asthma,Pulmonologist,23,3.8,1085
5669,Dr. Neha Sharma,Ichalkaranji,Asthma,Pulmonologist,15,4.6,860
5670,Dr. Anil Gupta,Ichalkaranji,Asthma,Pulmonologist,31,4.7,425
5671,Dr. Neha Kulkarni,Ichalkaranji,Diabetes,Endocrinologist,20,3.6,1313
5672,Dr. Anil Kulkarni,Ichalkaranji,Diabetes,Endocrinologist,15,4.9,1334
5673,Dr. Rahul Deshmukh,Ichalkaranji,Diabetes,Endocrinologist,21,4.4,367
5674,Dr. Amit Joshi,Ichalkaranji,Diabetes,Endocrinologist,19,3.8,513
5675,Dr. Rahul Shinde,Ichalkaranji,Diabetes,Endocrinologist,25,4.6,1175
5676,Dr. Rahul Gupta,Ichalkaranji,Diabetes,Endocrinologist,16,4.2,848
5677,Dr. Priya Gupta,Ichalkaranji,Diabetes,Endocrinologist,35,3.5,782
5678,Dr. Rahul Shinde,Ichalkaranji,Diabetes,Endocrinologist,28,4.5,655
5679,Dr. Amit Deshmukh,Ichalkaranji,Diabetes,Endocrinologist,18,4.4,865
5680,Dr. Priya Sharma,Ichalkaranji,Diabetes,Endocrinologist,34,4.7,1452
5681,Dr. Sneha Kulkarni,Ichalkaranji,Migraine,Neurologist,10,4.0,726
5682,Dr. Amit Patil,Ichalkaranji,Migraine,Neurologist,8,4.2,1204
5683,Dr. Rahul Deshmukh,Ichalkaranji,Migraine,Neurologist,11,3.8,630
5684,Dr. Sneha Joshi,Ichalkaranji,Migraine,Neurologist,5,4.4,658
5685,Dr. Rohit Joshi,Ichalkaranji,Migraine,Neurologist,5,4.3,756
5686,Dr. Rahul Sharma,Ichalkaranji,Migraine,Neurologist,7,4.3,1236
5687,Dr. Rahul Deshmukh,Ichalkaranji,Migraine,Neurologist,19,3.7,1480
5688,Dr. Anil Shinde,Ichalkaranji,Migraine,Neurologist,15,4.0,1082
5689,Dr. Pooja Sharma,Ichalkaranji,Migraine,Neurologist,6,4.7,382
5690,Dr. Vikas Jadhav,Ichalkaranji,Migraine,Neurologist,22,3.6,1051
5691,Dr. Amit Shinde,Ichalkaranji,Food Poisoning,Gastroenterologist,18,4.5,624
5692,Dr. Priya Shinde,Ichalkaranji,Food Poisoning,Gastroenterologist,21,3.7,1480
5693,Dr. Vikas Deshmukh,Ichalkaranji,Food Poisoning,Gastroenterologist,3,3.9,633
5694,Dr. Neha Sharma,Ichalkaranji,Food Poisoning,Gastroenterologist,33,4.7,428
5695,Dr. Pooja Shinde,Ichalkaranji,Food Poisoning,Gastroenterologist,2,3.9,1364
5696,Dr. Pooja Sharma,Ichalkaranji,Food Poisoning,Gastroenterologist,27,4.4,965
5697,Dr. Amit Jadhav,Ichalkaranji,Food Poisoning,Gastroenterologist,5,4.3,1138
5698,Dr. Rohit Gupta,Ichalkaranji,Food Poisoning,Gastroenterologist,34,4.1,743
5699,Dr. Anil Jadhav,Ichalkaranji,Food Poisoning,Gastroenterologist,16,4.6,1032
5700,Dr. Rahul Kulkarni,Ichalkaranji,Food Poisoning,Gastroenterologist,10,4.1,1462
5701,Dr. Neha Shinde,Ichalkaranji,Jaundice,Hepatologist,35,4.6,1054
5702,Dr. Rahul Patil,Ichalkaranji,Jaundice,Hepatologist,17,4.4,693
5703,Dr. Vikas Shinde,Ichalkaranji,Jaundice,Hepatologist,30,3.8,479
5704,Dr. Sneha Sharma,Ichalkaranji,Jaundice,Hepatologist,24,3.5,1111
5705,Dr. Priya Kulkarni,Ichalkaranji,Jaundice,Hepatologist,32,4.1,749
5706,Dr. Pooja Gupta,Ichalkaranji,Jaundice,Hepatologist,32,3.9,1179
5707,Dr. Neha Deshmukh,Ichalkaranji,Jaundice,Hepatologist,18,3.7,1231
5708,Dr. Vikas Kulkarni,Ichalkaranji,Jaundice,Hepatologist,32,4.1,574
5709,Dr. Priya Deshmukh,Ichalkaranji,Jaundice,Hepatologist,8,3.6,261
5710,Dr. Neha Sharma,Ichalkaranji,Jaundice,Hepatologist,28,4.8,931
5711,Dr. Rohit Patil,Ichalkaranji,Chickenpox,Dermatologist,9,4.2,1321
5712,Dr. Anil Jadhav,Ichalkaranji,Chickenpox,Dermatologist,11,5.0,684
5713,Dr. Amit Sharma,Ichalkaranji,Chickenpox,Dermatologist,31,4.1,1085
5714,Dr. Vikas Deshmukh,Ichalkaranji,Chickenpox,Dermatologist,17,4.3,574
5715,Dr. Pooja Sharma,Ichalkaranji,Chickenpox,Dermatologist,10,4.3,686
5716,Dr. Neha Joshi,Ichalkaranji,Chickenpox,Dermatologist,20,3.7,213
5717,Dr. Anil Gupta,Ichalkaranji,Chickenpox,Dermatologist,19,5.0,677
5718,Dr. Amit Shinde,Ichalkaranji,Chickenpox,Dermatologist,15,4.2,420
5719,Dr. Rahul Gupta,Ichalkaranji,Chickenpox,Dermatologist,10,5.0,415
5720,Dr. Sneha Gupta,Ichalkaranji,Chickenpox,Dermatologist,17,4.3,1432
5721,Dr. Vikas Joshi,Ichalkaranji,Measles,Pediatrician,15,4.7,986
5722,Dr. Rahul Gupta,Ichalkaranji,Measles,Pediatrician,28,3.8,566
5723,Dr. Rahul Jadhav,Ichalkaranji,Measles,Pediatrician,23,4.7,1399
5724,Dr. Pooja Sharma,Ichalkaranji,Measles,Pediatrician,1,4.9,677
5725,Dr. Kiran Kulkarni,Ichalkaranji,Measles,Pediatrician,35,4.0,808
5726,Dr. Kiran Jadhav,Ichalkaranji,Measles,Pediatrician,14,4.0,817
5727,Dr. Sneha Patil,Ichalkaranji,Measles,Pediatrician,27,4.3,792
5728,Dr. Neha Shinde,Ichalkaranji,Measles,Pediatrician,20,3.9,1395
5729,Dr. Vikas Kulkarni,Ichalkaranji,Measles,Pediatrician,12,4.4,809
5730,Dr. Vikas Gupta,Ichalkaranji,Measles,Pediatrician,26,3.6,569
5731,Dr. Vikas Kulkarni,Ichalkaranji,Arthritis,Orthopedic,21,4.8,1128
5732,Dr. Kiran Patil,Ichalkaranji,Arthritis,Orthopedic,24,4.1,329
5733,Dr. Vikas Gupta,Ichalkaranji,Arthritis,Orthopedic,6,4.3,965
5734,Dr. Kiran Jadhav,Ichalkaranji,Arthritis,Orthopedic,15,4.2,977
5735,Dr. Rohit Jadhav,Ichalkaranji,Arthritis,Orthopedic,33,3.5,895
5736,Dr. Vikas Kulkarni,Ichalkaranji,Arthritis,Orthopedic,16,4.0,1479
5737,Dr. Sneha Deshmukh,Ichalkaranji,Arthritis,Orthopedic,21,4.0,637
5738,Dr. Amit Kulkarni,Ichalkaranji,Arthritis,Orthopedic,26,4.4,1194
5739,Dr. Priya Kulkarni,Ichalkaranji,Arthritis,Orthopedic,24,4.8,351
5740,Dr. Pooja Patil,Ichalkaranji,Arthritis,Orthopedic,4,3.7,429
5741,Dr. Pooja Deshmukh,Jalna,Flu,General Physician,27,4.1,1477
5742,Dr. Rohit Sharma,Jalna,Flu,General Physician,31,4.9,844
5743,Dr. Pooja Sharma,Jalna,Flu,General Physician,2,4.9,1130
5744,Dr. Neha Deshmukh,Jalna,Flu,General Physician,26,4.2,827
5745,Dr. Vikas Sharma,Jalna,Flu,General Physician,20,4.7,789
5746,Dr. Priya Shinde,Jalna,Flu,General Physician,14,4.9,1387
5747,Dr. Anil Sharma,Jalna,Flu,General Physician,12,4.3,567
5748,Dr. Amit Sharma,Jalna,Flu,General Physician,16,4.7,307
5749,Dr. Neha Sharma,Jalna,Flu,General Physician,29,3.7,1356
5750,Dr. Rahul Shinde,Jalna,Flu,General Physician,30,4.0,999
5751,Dr. Sneha Gupta,Jalna,Cold,General Physician,23,3.7,556
5752,Dr. Pooja Kulkarni,Jalna,Cold,General Physician,27,4.5,924
5753,Dr. Rohit Patil,Jalna,Cold,General Physician,30,4.6,839
5754,Dr. Rahul Gupta,Jalna,Cold,General Physician,13,4.2,747
5755,Dr. Rahul Shinde,Jalna,Cold,General Physician,34,4.9,324
5756,Dr. Kiran Shinde,Jalna,Cold,General Physician,10,4.1,446
5757,Dr. Rohit Shinde,Jalna,Cold,General Physician,34,4.8,1355
5758,Dr. Rahul Deshmukh,Jalna,Cold,General Physician,28,4.8,1300
5759,Dr. Priya Gupta,Jalna,Cold,General Physician,31,4.7,488
5760,Dr. Kiran Joshi,Jalna,Cold,General Physician,18,4.8,340
5761,Dr. Anil Deshmukh,Jalna,COVID-19,Pulmonologist,15,4.2,1364
5762,Dr. Rahul Deshmukh,Jalna,COVID-19,Pulmonologist,15,3.6,235
5763,Dr. Pooja Jadhav,Jalna,COVID-19,Pulmonologist,6,3.9,1075
5764,Dr. Pooja Kulkarni,Jalna,COVID-19,Pulmonologist,7,4.1,1295
5765,Dr. Kiran Jadhav,Jalna,COVID-19,Pulmonologist,31,4.4,827
5766,Dr. Vikas Patil,Jalna,COVID-19,Pulmonologist,22,3.8,1296
5767,Dr. Sneha Gupta,Jalna,COVID-19,Pulmonologist,25,4.2,1399
5768,Dr. Kiran Deshmukh,Jalna,COVID-19,Pulmonologist,35,4.5,1451
5769,Dr. Vikas Kulkarni,Jalna,COVID-19,Pulmonologist,14,4.5,530
5770,Dr. Sneha Kulkarni,Jalna,COVID-19,Pulmonologist,21,4.0,1245
5771,Dr. Rohit Patil,Jalna,Malaria,Infectious Disease,12,4.6,1246
5772,Dr. Rohit Sharma,Jalna,Malaria,Infectious Disease,26,4.1,1060
5773,Dr. Pooja Patil,Jalna,Malaria,Infectious Disease,19,4.4,713
5774,Dr. Sneha Joshi,Jalna,Malaria,Infectious Disease,2,4.5,1339
5775,Dr. Priya Patil,Jalna,Malaria,Infectious Disease,11,4.6,535
5776,Dr. Anil Gupta,Jalna,Malaria,Infectious Disease,26,5.0,606
5777,Dr. Rohit Sharma,Jalna,Malaria,Infectious Disease,12,4.9,1350
5778,Dr. Pooja Shinde,Jalna,Malaria,Infectious Disease,35,4.9,277
5779,Dr. Neha Shinde,Jalna,Malaria,Infectious Disease,27,4.8,1410
5780,Dr. Neha Deshmukh,Jalna,Malaria,Infectious Disease,20,4.7,1408
5781,Dr. Neha Kulkarni,Jalna,Dengue,Infectious Disease,32,4.8,1271
5782,Dr. Anil Kulkarni,Jalna,Dengue,Infectious Disease,27,4.1,1128
5783,Dr. Rohit Gupta,Jalna,Dengue,Infectious Disease,32,3.6,521
5784,Dr. Vikas Jadhav,Jalna,Dengue,Infectious Disease,13,4.2,601
5785,Dr. Priya Joshi,Jalna,Dengue,Infectious Disease,2,3.6,1093
5786,Dr. Priya Shinde,Jalna,Dengue,Infectious Disease,30,3.9,433
5787,Dr. Neha Jadhav,Jalna,Dengue,Infectious Disease,12,4.1,295
5788,Dr. Vikas Sharma,Jalna,Dengue,Infectious Disease,10,3.9,853
5789,Dr. Rohit Sharma,Jalna,Dengue,Infectious Disease,2,3.7,1182
5790,Dr. Neha Shinde,Jalna,Dengue,Infectious Disease,23,4.6,1419
5791,Dr. Sneha Jadhav,Jalna,Typhoid,General Physician,18,4.1,595
5792,Dr. Kiran Deshmukh,Jalna,Typhoid,General Physician,8,4.2,1302
5793,Dr. Pooja Shinde,Jalna,Typhoid,General Physician,17,3.9,1408
5794,Dr. Kiran Kulkarni,Jalna,Typhoid,General Physician,10,4.7,559
5795,Dr. Priya Joshi,Jalna,Typhoid,General Physician,1,3.6,1293
5796,Dr. Rahul Gupta,Jalna,Typhoid,General Physician,3,4.6,797
5797,Dr. Priya Deshmukh,Jalna,Typhoid,General Physician,24,3.5,361
5798,Dr. Amit Joshi,Jalna,Typhoid,General Physician,14,3.6,1477
5799,Dr. Neha Patil,Jalna,Typhoid,General Physician,19,4.6,357
5800,Dr. Rahul Jadhav,Jalna,Typhoid,General Physician,21,4.7,1025
5801,Dr. Rahul Patil,Jalna,Asthma,Pulmonologist,27,4.3,449
5802,Dr. Anil Patil,Jalna,Asthma,Pulmonologist,21,4.4,961
5803,Dr. Pooja Shinde,Jalna,Asthma,Pulmonologist,21,3.8,1492
5804,Dr. Neha Patil,Jalna,Asthma,Pulmonologist,16,3.5,882
5805,Dr. Rohit Jadhav,Jalna,Asthma,Pulmonologist,16,4.0,457
5806,Dr. Pooja Kulkarni,Jalna,Asthma,Pulmonologist,12,4.3,878
5807,Dr. Anil Sharma,Jalna,Asthma,Pulmonologist,17,4.2,1003
5808,Dr. Rahul Sharma,Jalna,Asthma,Pulmonologist,5,3.6,1048
5809,Dr. Priya Joshi,Jalna,Asthma,Pulmonologist,15,4.3,1249
5810,Dr. Amit Kulkarni,Jalna,Asthma,Pulmonologist,29,4.5,980
5811,Dr. Vikas Gupta,Jalna,Diabetes,Endocrinologist,35,4.7,817
5812,Dr. Anil Shinde,Jalna,Diabetes,Endocrinologist,15,4.1,1203
5813,Dr. Rohit Deshmukh,Jalna,Diabetes,Endocrinologist,1,3.8,771
5814,Dr. Rohit Sharma,Jalna,Diabetes,Endocrinologist,19,4.1,355
5815,Dr. Pooja Gupta,Jalna,Diabetes,Endocrinologist,25,3.7,815
5816,Dr. Sneha Deshmukh,Jalna,Diabetes,Endocrinologist,4,4.6,887
5817,Dr. Anil Joshi,Jalna,Diabetes,Endocrinologist,23,4.1,1055
5818,Dr. Rahul Shinde,Jalna,Diabetes,Endocrinologist,26,4.3,680
5819,Dr. Sneha Gupta,Jalna,Diabetes,Endocrinologist,31,4.7,605
5820,Dr. Sneha Deshmukh,Jalna,Diabetes,Endocrinologist,19,4.3,792
5821,Dr. Rahul Kulkarni,Jalna,Migraine,Neurologist,2,5.0,1089
5822,Dr. Amit Gupta,Jalna,Migraine,Neurologist,28,4.9,1093
5823,Dr. Rahul Patil,Jalna,Migraine,Neurologist,35,4.5,202
5824,Dr. Neha Sharma,Jalna,Migraine,Neurologist,4,4.3,1404
5825,Dr. Kiran Patil,Jalna,Migraine,Neurologist,11,4.9,1069
5826,Dr. Pooja Sharma,Jalna,Migraine,Neurologist,32,5.0,1431
5827,Dr. Pooja Kulkarni,Jalna,Migraine,Neurologist,10,3.7,248
5828,Dr. Rahul Jadhav,Jalna,Migraine,Neurologist,22,3.7,985
5829,Dr. Kiran Kulkarni,Jalna,Migraine,Neurologist,12,4.5,462
5830,Dr. Rohit Gupta,Jalna,Migraine,Neurologist,31,3.7,589
5831,Dr. Rohit Joshi,Jalna,Food Poisoning,Gastroenterologist,22,4.1,394
5832,Dr. Sneha Deshmukh,Jalna,Food Poisoning,Gastroenterologist,24,4.4,1430
5833,Dr. Anil Patil,Jalna,Food Poisoning,Gastroenterologist,35,4.1,1074
5834,Dr. Priya Patil,Jalna,Food Poisoning,Gastroenterologist,25,4.5,888
5835,Dr. Amit Kulkarni,Jalna,Food Poisoning,Gastroenterologist,16,4.5,671
5836,Dr. Vikas Deshmukh,Jalna,Food Poisoning,Gastroenterologist,15,5.0,261
5837,Dr. Kiran Joshi,Jalna,Food Poisoning,Gastroenterologist,29,3.7,427
5838,Dr. Pooja Kulkarni,Jalna,Food Poisoning,Gastroenterologist,17,4.7,1119
5839,Dr. Rahul Jadhav,Jalna,Food Poisoning,Gastroenterologist,10,3.9,335
5840,Dr. Kiran Jadhav,Jalna,Food Poisoning,Gastroenterologist,28,3.8,358
5841,Dr. Kiran Sharma,Jalna,Jaundice,Hepatologist,21,5.0,1025
5842,Dr. Rohit Kulkarni,Jalna,Jaundice,Hepatologist,2,4.3,1477
5843,Dr. Neha Shinde,Jalna,Jaundice,Hepatologist,20,4.9,1336
5844,Dr. Rahul Joshi,Jalna,Jaundice,Hepatologist,30,4.5,1294
5845,Dr. Priya Sharma,Jalna,Jaundice,Hepatologist,21,4.2,808
5846,Dr. Kiran Shinde,Jalna,Jaundice,Hepatologist,18,3.6,1261
5847,Dr. Kiran Deshmukh,Jalna,Jaundice,Hepatologist,30,4.7,483
5848,Dr. Sneha Patil,Jalna,Jaundice,Hepatologist,18,4.3,298
5849,Dr. Vikas Kulkarni,Jalna,Jaundice,Hepatologist,28,4.4,921
5850,Dr. Vikas Gupta,Jalna,Jaundice,Hepatologist,26,4.2,1320
5851,Dr. Vikas Sharma,Jalna,Chickenpox,Dermatologist,26,4.9,907
5852,Dr. Amit Jadhav,Jalna,Chickenpox,Dermatologist,13,4.6,318
5853,Dr. Sneha Patil,Jalna,Chickenpox,Dermatologist,20,4.3,1174
5854,Dr. Neha Gupta,Jalna,Chickenpox,Dermatologist,22,4.6,939
5855,Dr. Vikas Shinde,Jalna,Chickenpox,Dermatologist,10,3.8,885
5856,Dr. Priya Shinde,Jalna,Chickenpox,Dermatologist,10,3.6,1210
5857,Dr. Neha Kulkarni,Jalna,Chickenpox,Dermatologist,33,4.7,293
5858,Dr. Amit Gupta,Jalna,Chickenpox,Dermatologist,4,4.5,1434
5859,Dr. Priya Gupta,Jalna,Chickenpox,Dermatologist,9,3.5,1193
5860,Dr. Vikas Sharma,Jalna,Chickenpox,Dermatologist,34,4.9,273
5861,Dr. Pooja Patil,Jalna,Measles,Pediatrician,34,3.6,1452
5862,Dr. Neha Joshi,Jalna,Measles,Pediatrician,23,4.1,213
5863,Dr. Rohit Jadhav,Jalna,Measles,Pediatrician,33,4.9,259
5864,Dr. Pooja Sharma,Jalna,Measles,Pediatrician,5,4.1,1220
5865,Dr. Rohit Sharma,Jalna,Measles,Pediatrician,29,4.5,1008
5866,Dr. Rahul Shinde,Jalna,Measles,Pediatrician,17,4.4,326
5867,Dr. Vikas Patil,Jalna,Measles,Pediatrician,29,3.9,716
5868,Dr. Pooja Kulkarni,Jalna,Measles,Pediatrician,1,3.5,1185
5869,Dr. Amit Sharma,Jalna,Measles,Pediatrician,19,4.2,1275
5870,Dr. Neha Patil,Jalna,Measles,Pediatrician,30,4.3,362
5871,Dr. Rohit Deshmukh,Jalna,Arthritis,Orthopedic,24,4.3,1497
5872,Dr. Sneha Gupta,Jalna,Arthritis,Orthopedic,15,4.5,961
5873,Dr. Pooja Shinde,Jalna,Arthritis,Orthopedic,35,3.8,656
5874,Dr. Sneha Patil,Jalna,Arthritis,Orthopedic,16,4.1,285
5875,Dr. Sneha Gupta,Jalna,Arthritis,Orthopedic,31,4.7,1248
5876,Dr. Rohit Shinde,Jalna,Arthritis,Orthopedic,28,4.6,1308
5877,Dr. Anil Shinde,Jalna,Arthritis,Orthopedic,22,4.0,1141
5878,Dr. Pooja Shinde,Jalna,Arthritis,Orthopedic,7,4.3,1019
5879,Dr. Priya Joshi,Jalna,Arthritis,Orthopedic,8,3.7,1269
5880,Dr. Kiran Patil,Jalna,Arthritis,Orthopedic,17,4.0,277
5881,Dr. Vikas Sharma,Ambajogai,Flu,General Physician,21,3.5,389
5882,Dr. Neha Joshi,Ambajogai,Flu,General Physician,21,4.7,462
5883,Dr. Rohit Patil,Ambajogai,Flu,General Physician,15,4.2,233
5884,Dr. Amit Jadhav,Ambajogai,Flu,General Physician,34,4.9,509
5885,Dr. Amit Patil,Ambajogai,Flu,General Physician,19,4.2,469
5886,Dr. Rahul Deshmukh,Ambajogai,Flu,General Physician,14,4.8,1378
5887,Dr. Sneha Sharma,Ambajogai,Flu,General Physician,7,3.7,1297
5888,Dr. Amit Joshi,Ambajogai,Flu,General Physician,15,4.3,1375
5889,Dr. Anil Patil,Ambajogai,Flu,General Physician,24,4.0,905
5890,Dr. Vikas Joshi,Ambajogai,Flu,General Physician,35,4.9,689
5891,Dr. Kiran Joshi,Ambajogai,Cold,General Physician,24,3.6,978
5892,Dr. Rohit Sharma,Ambajogai,Cold,General Physician,26,4.9,1121
5893,Dr. Anil Patil,Ambajogai,Cold,General Physician,12,4.1,1422
5894,Dr. Kiran Sharma,Ambajogai,Cold,General Physician,28,4.1,1131
5895,Dr. Neha Jadhav,Ambajogai,Cold,General Physician,10,4.0,1064
5896,Dr. Amit Shinde,Ambajogai,Cold,General Physician,26,4.0,1130
5897,Dr. Amit Sharma,Ambajogai,Cold,General Physician,2,4.0,720
5898,Dr. Priya Kulkarni,Ambajogai,Cold,General Physician,8,4.0,1405
5899,Dr. Kiran Kulkarni,Ambajogai,Cold,General Physician,2,4.4,403
5900,Dr. Rohit Joshi,Ambajogai,Cold,General Physician,24,4.9,407
5901,Dr. Kiran Deshmukh,Ambajogai,COVID-19,Pulmonologist,2,3.9,682
5902,Dr. Rahul Jadhav,Ambajogai,COVID-19,Pulmonologist,14,4.9,846
5903,Dr. Anil Patil,Ambajogai,COVID-19,Pulmonologist,20,3.8,429
5904,Dr. Amit Shinde,Ambajogai,COVID-19,Pulmonologist,7,4.0,1041
5905,Dr. Anil Jadhav,Ambajogai,COVID-19,Pulmonologist,23,4.4,673
5906,Dr. Anil Jadhav,Ambajogai,COVID-19,Pulmonologist,20,4.8,353
5907,Dr. Priya Jadhav,Ambajogai,COVID-19,Pulmonologist,22,4.3,291
5908,Dr. Neha Jadhav,Ambajogai,COVID-19,Pulmonologist,31,3.9,494
5909,Dr. Priya Joshi,Ambajogai,COVID-19,Pulmonologist,21,4.3,445
5910,Dr. Neha Deshmukh,Ambajogai,COVID-19,Pulmonologist,5,4.0,548
5911,Dr. Amit Gupta,Ambajogai,Malaria,Infectious Disease,15,4.5,490
5912,Dr. Amit Gupta,Ambajogai,Malaria,Infectious Disease,27,4.5,1050
5913,Dr. Pooja Gupta,Ambajogai,Malaria,Infectious Disease,17,3.7,541
5914,Dr. Kiran Patil,Ambajogai,Malaria,Infectious Disease,31,4.2,1105
5915,Dr. Anil Sharma,Ambajogai,Malaria,Infectious Disease,12,4.8,633
5916,Dr. Pooja Kulkarni,Ambajogai,Malaria,Infectious Disease,2,4.4,991
5917,Dr. Neha Shinde,Ambajogai,Malaria,Infectious Disease,20,3.5,383
5918,Dr. Rohit Shinde,Ambajogai,Malaria,Infectious Disease,33,3.5,959
5919,Dr. Priya Sharma,Ambajogai,Malaria,Infectious Disease,10,4.7,865
5920,Dr. Rohit Joshi,Ambajogai,Malaria,Infectious Disease,19,4.9,539
5921,Dr. Vikas Jadhav,Ambajogai,Dengue,Infectious Disease,20,4.3,769
5922,Dr. Anil Sharma,Ambajogai,Dengue,Infectious Disease,31,5.0,1463
5923,Dr. Amit Sharma,Ambajogai,Dengue,Infectious Disease,32,5.0,648
5924,Dr. Priya Jadhav,Ambajogai,Dengue,Infectious Disease,8,3.8,586
5925,Dr. Rahul Kulkarni,Ambajogai,Dengue,Infectious Disease,25,4.8,1328
5926,Dr. Anil Kulkarni,Ambajogai,Dengue,Infectious Disease,31,4.4,1084
5927,Dr. Rahul Kulkarni,Ambajogai,Dengue,Infectious Disease,8,4.6,1285
5928,Dr. Kiran Deshmukh,Ambajogai,Dengue,Infectious Disease,27,3.7,295
5929,Dr. Neha Jadhav,Ambajogai,Dengue,Infectious Disease,1,4.1,537
5930,Dr. Kiran Kulkarni,Ambajogai,Dengue,Infectious Disease,20,3.9,547
5931,Dr. Kiran Kulkarni,Ambajogai,Typhoid,General Physician,20,4.3,509
5932,Dr. Rahul Shinde,Ambajogai,Typhoid,General Physician,20,4.6,540
5933,Dr. Rohit Sharma,Ambajogai,Typhoid,General Physician,7,4.2,1170
5934,Dr. Priya Shinde,Ambajogai,Typhoid,General Physician,20,3.6,547
5935,Dr. Sneha Sharma,Ambajogai,Typhoid,General Physician,27,5.0,790
5936,Dr. Neha Shinde,Ambajogai,Typhoid,General Physician,26,4.6,616
5937,Dr. Priya Deshmukh,Ambajogai,Typhoid,General Physician,24,3.8,1489
5938,Dr. Pooja Joshi,Ambajogai,Typhoid,General Physician,25,4.1,961
5939,Dr. Kiran Patil,Ambajogai,Typhoid,General Physician,3,3.5,217
5940,Dr. Kiran Kulkarni,Ambajogai,Typhoid,General Physician,26,4.7,1399
5941,Dr. Kiran Deshmukh,Ambajogai,Asthma,Pulmonologist,18,4.3,416
5942,Dr. Amit Deshmukh,Ambajogai,Asthma,Pulmonologist,1,4.8,1366
5943,Dr. Pooja Kulkarni,Ambajogai,Asthma,Pulmonologist,29,4.8,515
5944,Dr. Amit Deshmukh,Ambajogai,Asthma,Pulmonologist,12,3.7,354
5945,Dr. Priya Deshmukh,Ambajogai,Asthma,Pulmonologist,1,4.9,746
5946,Dr. Sneha Shinde,Ambajogai,Asthma,Pulmonologist,15,4.0,854
5947,Dr. Kiran Patil,Ambajogai,Asthma,Pulmonologist,12,3.7,448
5948,Dr. Rahul Jadhav,Ambajogai,Asthma,Pulmonologist,30,4.2,664
5949,Dr. Pooja Kulkarni,Ambajogai,Asthma,Pulmonologist,10,4.2,496
5950,Dr. Priya Jadhav,Ambajogai,Asthma,Pulmonologist,33,3.9,1256
5951,Dr. Amit Sharma,Ambajogai,Diabetes,Endocrinologist,12,4.3,1372
5952,Dr. Priya Patil,Ambajogai,Diabetes,Endocrinologist,9,5.0,827
5953,Dr. Sneha Patil,Ambajogai,Diabetes,Endocrinologist,5,3.9,1025
5954,Dr. Rohit Patil,Ambajogai,Diabetes,Endocrinologist,8,3.7,847
5955,Dr. Anil Joshi,Ambajogai,Diabetes,Endocrinologist,18,4.1,1348
5956,Dr. Priya Jadhav,Ambajogai,Diabetes,Endocrinologist,31,3.8,375
5957,Dr. Rahul Joshi,Ambajogai,Diabetes,Endocrinologist,10,4.0,921
5958,Dr. Priya Jadhav,Ambajogai,Diabetes,Endocrinologist,24,4.0,788
5959,Dr. Neha Shinde,Ambajogai,Diabetes,Endocrinologist,28,3.7,315
5960,Dr. Amit Shinde,Ambajogai,Diabetes,Endocrinologist,23,3.6,1277
5961,Dr. Rohit Patil,Ambajogai,Migraine,Neurologist,26,4.5,823
5962,Dr. Neha Patil,Ambajogai,Migraine,Neurologist,12,5.0,1196
5963,Dr. Kiran Patil,Ambajogai,Migraine,Neurologist,9,4.1,902
5964,Dr. Anil Sharma,Ambajogai,Migraine,Neurologist,35,3.6,459
5965,Dr. Vikas Shinde,Ambajogai,Migraine,Neurologist,27,4.9,527
5966,Dr. Anil Gupta,Ambajogai,Migraine,Neurologist,21,3.9,429
5967,Dr. Sneha Gupta,Ambajogai,Migraine,Neurologist,3,4.1,369
5968,Dr. Priya Gupta,Ambajogai,Migraine,Neurologist,35,4.8,510
5969,Dr. Priya Jadhav,Ambajogai,Migraine,Neurologist,3,4.0,406
5970,Dr. Priya Gupta,Ambajogai,Migraine,Neurologist,31,4.1,908
5971,Dr. Kiran Joshi,Ambajogai,Food Poisoning,Gastroenterologist,18,4.2,740
5972,Dr. Amit Sharma,Ambajogai,Food Poisoning,Gastroenterologist,30,4.6,1488
5973,Dr. Rohit Jadhav,Ambajogai,Food Poisoning,Gastroenterologist,25,3.6,1026
5974,Dr. Sneha Sharma,Ambajogai,Food Poisoning,Gastroenterologist,4,4.3,1012
5975,Dr. Pooja Deshmukh,Ambajogai,Food Poisoning,Gastroenterologist,28,4.2,422
5976,Dr. Neha Gupta,Ambajogai,Food Poisoning,Gastroenterologist,19,4.8,371
5977,Dr. Neha Joshi,Ambajogai,Food Poisoning,Gastroenterologist,32,3.7,492
5978,Dr. Amit Joshi,Ambajogai,Food Poisoning,Gastroenterologist,25,3.8,1251
5979,Dr. Vikas Shinde,Ambajogai,Food Poisoning,Gastroenterologist,17,3.8,1103
5980,Dr. Amit Kulkarni,Ambajogai,Food Poisoning,Gastroenterologist,6,4.9,1231
5981,Dr. Kiran Sharma,Ambajogai,Jaundice,Hepatologist,29,4.6,940
5982,Dr. Pooja Gupta,Ambajogai,Jaundice,Hepatologist,33,4.1,1083
5983,Dr. Pooja Patil,Ambajogai,Jaundice,Hepatologist,4,4.5,376
5984,Dr. Vikas Deshmukh,Ambajogai,Jaundice,Hepatologist,27,3.7,516
5985,Dr. Neha Jadhav,Ambajogai,Jaundice,Hepatologist,22,3.8,1459
5986,Dr. Pooja Jadhav,Ambajogai,Jaundice,Hepatologist,27,3.8,301
5987,Dr. Pooja Jadhav,Ambajogai,Jaundice,Hepatologist,11,4.3,958
5988,Dr. Sneha Deshmukh,Ambajogai,Jaundice,Hepatologist,20,4.8,879
5989,Dr. Kiran Shinde,Ambajogai,Jaundice,Hepatologist,32,4.2,1227
5990,Dr. Amit Gupta,Ambajogai,Jaundice,Hepatologist,2,4.4,603
5991,Dr. Rahul Kulkarni,Ambajogai,Chickenpox,Dermatologist,10,4.2,1189
5992,Dr. Vikas Sharma,Ambajogai,Chickenpox,Dermatologist,15,3.8,553
5993,Dr. Pooja Joshi,Ambajogai,Chickenpox,Dermatologist,21,3.9,1169
5994,Dr. Sneha Gupta,Ambajogai,Chickenpox,Dermatologist,20,4.4,1421
5995,Dr. Sneha Deshmukh,Ambajogai,Chickenpox,Dermatologist,5,4.1,1105
5996,Dr. Neha Kulkarni,Ambajogai,Chickenpox,Dermatologist,19,4.0,226
5997,Dr. Rahul Patil,Ambajogai,Chickenpox,Dermatologist,34,4.8,457
5998,Dr. Amit Deshmukh,Ambajogai,Chickenpox,Dermatologist,13,4.9,1129
5999,Dr. Amit Gupta,Ambajogai,Chickenpox,Dermatologist,8,3.9,1063
6000,Dr. Amit Gupta,Ambajogai,Chickenpox,Dermatologist,27,4.0,295
6001,Dr. Sneha Kulkarni,Ambajogai,Measles,Pediatrician,33,4.4,1310
6002,Dr. Rohit Deshmukh,Ambajogai,Measles,Pediatrician,14,4.3,1070
6003,Dr. Anil Deshmukh,Ambajogai,Measles,Pediatrician,13,3.7,1461
6004,Dr. Rahul Shinde,Ambajogai,Measles,Pediatrician,6,3.9,808
6005,Dr. Priya Deshmukh,Ambajogai,Measles,Pediatrician,27,3.9,549
6006,Dr. Pooja Patil,Ambajogai,Measles,Pediatrician,11,4.0,1350
6007,Dr. Neha Patil,Ambajogai,Measles,Pediatrician,5,3.6,1201
6008,Dr. Amit Patil,Ambajogai,Measles,Pediatrician,12,3.9,260
6009,Dr. Vikas Gupta,Ambajogai,Measles,Pediatrician,5,4.0,286
6010,Dr. Anil Sharma,Ambajogai,Measles,Pediatrician,27,5.0,1361
6011,Dr. Kiran Gupta,Ambajogai,Arthritis,Orthopedic,35,4.1,890
6012,Dr. Vikas Sharma,Ambajogai,Arthritis,Orthopedic,10,4.8,1348
6013,Dr. Pooja Gupta,Ambajogai,Arthritis,Orthopedic,21,4.3,1118
6014,Dr. Pooja Patil,Ambajogai,Arthritis,Orthopedic,31,4.0,887
6015,Dr. Anil Shinde,Ambajogai,Arthritis,Orthopedic,28,3.7,833
6016,Dr. Anil Kulkarni,Ambajogai,Arthritis,Orthopedic,34,4.9,680
6017,Dr. Sneha Sharma,Ambajogai,Arthritis,Orthopedic,15,3.7,1252
6018,Dr. Sneha Shinde,Ambajogai,Arthritis,Orthopedic,12,5.0,607
6019,Dr. Kiran Sharma,Ambajogai,Arthritis,Orthopedic,23,4.0,414
6020,Dr. Amit Deshmukh,Ambajogai,Arthritis,Orthopedic,25,4.1,998
6021,Dr. Pooja Shinde,Phaltan,Flu,General Physician,10,4.7,389
6022,Dr. Kiran Shinde,Phaltan,Flu,General Physician,14,4.5,1080
6023,Dr. Neha Patil,Phaltan,Flu,General Physician,29,3.7,523
6024,Dr. Rohit Patil,Phaltan,Flu,General Physician,31,4.3,1470
6025,Dr. Neha Sharma,Phaltan,Flu,General Physician,20,4.9,575
6026,Dr. Amit Shinde,Phaltan,Flu,General Physician,25,3.7,563
6027,Dr. Kiran Joshi,Phaltan,Flu,General Physician,15,4.4,322
6028,Dr. Rohit Deshmukh,Phaltan,Flu,General Physician,9,4.6,1440
6029,Dr. Vikas Jadhav,Phaltan,Flu,General Physician,16,3.5,728
6030,Dr. Vikas Gupta,Phaltan,Flu,General Physician,35,3.8,1362
6031,Dr. Rohit Jadhav,Phaltan,Cold,General Physician,33,3.8,505
6032,Dr. Rahul Patil,Phaltan,Cold,General Physician,25,3.8,1281
6033,Dr. Priya Sharma,Phaltan,Cold,General Physician,21,4.6,537
6034,Dr. Amit Jadhav,Phaltan,Cold,General Physician,17,3.6,1477
6035,Dr. Pooja Jadhav,Phaltan,Cold,General Physician,2,4.1,582
6036,Dr. Amit Joshi,Phaltan,Cold,General Physician,34,4.9,619
6037,Dr. Amit Kulkarni,Phaltan,Cold,General Physician,6,3.9,915
6038,Dr. Priya Joshi,Phaltan,Cold,General Physician,13,5.0,461
6039,Dr. Rahul Shinde,Phaltan,Cold,General Physician,14,4.6,260
6040,Dr. Anil Kulkarni,Phaltan,Cold,General Physician,26,3.9,632
6041,Dr. Priya Kulkarni,Phaltan,COVID-19,Pulmonologist,2,4.4,1435
6042,Dr. Sneha Deshmukh,Phaltan,COVID-19,Pulmonologist,11,3.8,570
6043,Dr. Kiran Deshmukh,Phaltan,COVID-19,Pulmonologist,13,4.1,1223
6044,Dr. Amit Sharma,Phaltan,COVID-19,Pulmonologist,5,4.5,702
6045,Dr. Neha Sharma,Phaltan,COVID-19,Pulmonologist,14,4.4,656
6046,Dr. Sneha Patil,Phaltan,COVID-19,Pulmonologist,8,3.9,1130
6047,Dr. Priya Jadhav,Phaltan,COVID-19,Pulmonologist,10,3.6,1307
6048,Dr. Sneha Gupta,Phaltan,COVID-19,Pulmonologist,25,4.1,359
6049,Dr. Amit Shinde,Phaltan,COVID-19,Pulmonologist,6,4.3,597
6050,Dr. Rahul Deshmukh,Phaltan,COVID-19,Pulmonologist,13,3.9,537
6051,Dr. Rahul Deshmukh,Phaltan,Malaria,Infectious Disease,23,4.3,200
6052,Dr. Priya Joshi,Phaltan,Malaria,Infectious Disease,34,3.8,469
6053,Dr. Amit Joshi,Phaltan,Malaria,Infectious Disease,9,4.1,1428
6054,Dr. Amit Jadhav,Phaltan,Malaria,Infectious Disease,20,4.5,226
6055,Dr. Rohit Shinde,Phaltan,Malaria,Infectious Disease,10,3.7,515
6056,Dr. Vikas Jadhav,Phaltan,Malaria,Infectious Disease,34,4.9,1021
6057,Dr. Rahul Gupta,Phaltan,Malaria,Infectious Disease,1,4.4,422
6058,Dr. Priya Jadhav,Phaltan,Malaria,Infectious Disease,18,3.7,774
6059,Dr. Rahul Jadhav,Phaltan,Malaria,Infectious Disease,20,4.3,446
6060,Dr. Anil Joshi,Phaltan,Malaria,Infectious Disease,12,5.0,442
6061,Dr. Vikas Patil,Phaltan,Dengue,Infectious Disease,11,3.9,1210
6062,Dr. Priya Patil,Phaltan,Dengue,Infectious Disease,6,4.5,428
6063,Dr. Pooja Jadhav,Phaltan,Dengue,Infectious Disease,9,4.1,1263
6064,Dr. Priya Kulkarni,Phaltan,Dengue,Infectious Disease,16,4.5,814
6065,Dr. Priya Kulkarni,Phaltan,Dengue,Infectious Disease,5,4.7,1460
6066,Dr. Rohit Patil,Phaltan,Dengue,Infectious Disease,9,4.0,342
6067,Dr. Sneha Joshi,Phaltan,Dengue,Infectious Disease,1,3.6,1086
6068,Dr. Amit Shinde,Phaltan,Dengue,Infectious Disease,22,3.6,532
6069,Dr. Rohit Gupta,Phaltan,Dengue,Infectious Disease,29,4.7,929
6070,Dr. Pooja Joshi,Phaltan,Dengue,Infectious Disease,14,3.9,332
6071,Dr. Priya Patil,Phaltan,Typhoid,General Physician,28,4.9,561
6072,Dr. Anil Gupta,Phaltan,Typhoid,General Physician,11,4.5,1052
6073,Dr. Pooja Kulkarni,Phaltan,Typhoid,General Physician,9,4.9,1219
6074,Dr. Kiran Jadhav,Phaltan,Typhoid,General Physician,29,4.5,746
6075,Dr. Rohit Gupta,Phaltan,Typhoid,General Physician,5,4.5,752
6076,Dr. Pooja Kulkarni,Phaltan,Typhoid,General Physician,8,3.8,836
6077,Dr. Anil Sharma,Phaltan,Typhoid,General Physician,29,5.0,386
6078,Dr. Vikas Joshi,Phaltan,Typhoid,General Physician,18,4.3,526
6079,Dr. Pooja Gupta,Phaltan,Typhoid,General Physician,31,3.8,1300
6080,Dr. Rohit Jadhav,Phaltan,Typhoid,General Physician,23,4.8,575
6081,Dr. Vikas Kulkarni,Phaltan,Asthma,Pulmonologist,22,4.3,785
6082,Dr. Rahul Sharma,Phaltan,Asthma,Pulmonologist,32,3.9,920
6083,Dr. Neha Gupta,Phaltan,Asthma,Pulmonologist,31,4.5,1055
6084,Dr. Kiran Deshmukh,Phaltan,Asthma,Pulmonologist,30,4.3,494
6085,Dr. Sneha Jadhav,Phaltan,Asthma,Pulmonologist,28,4.4,854
6086,Dr. Rohit Joshi,Phaltan,Asthma,Pulmonologist,19,4.0,413
6087,Dr. Pooja Joshi,Phaltan,Asthma,Pulmonologist,8,4.4,774
6088,Dr. Rahul Deshmukh,Phaltan,Asthma,Pulmonologist,27,3.9,1114
6089,Dr. Kiran Shinde,Phaltan,Asthma,Pulmonologist,21,4.6,992
6090,Dr. Rohit Jadhav,Phaltan,Asthma,Pulmonologist,35,4.1,456
6091,Dr. Vikas Deshmukh,Phaltan,Diabetes,Endocrinologist,11,3.7,1010
6092,Dr. Neha Kulkarni,Phaltan,Diabetes,Endocrinologist,12,4.0,252
6093,Dr. Priya Deshmukh,Phaltan,Diabetes,Endocrinologist,1,4.6,861
6094,Dr. Amit Kulkarni,Phaltan,Diabetes,Endocrinologist,22,3.8,649
6095,Dr. Neha Sharma,Phaltan,Diabetes,Endocrinologist,29,4.0,1007
6096,Dr. Vikas Kulkarni,Phaltan,Diabetes,Endocrinologist,11,3.9,368
6097,Dr. Anil Jadhav,Phaltan,Diabetes,Endocrinologist,15,3.6,408
6098,Dr. Sneha Sharma,Phaltan,Diabetes,Endocrinologist,20,4.5,480
6099,Dr. Vikas Joshi,Phaltan,Diabetes,Endocrinologist,21,4.6,1475
6100,Dr. Anil Shinde,Phaltan,Diabetes,Endocrinologist,31,4.6,259
6101,Dr. Amit Kulkarni,Phaltan,Migraine,Neurologist,10,3.6,739
6102,Dr. Neha Patil,Phaltan,Migraine,Neurologist,24,4.7,623
6103,Dr. Anil Patil,Phaltan,Migraine,Neurologist,12,4.4,1360
6104,Dr. Kiran Joshi,Phaltan,Migraine,Neurologist,15,3.9,362
6105,Dr. Priya Sharma,Phaltan,Migraine,Neurologist,3,4.9,293
6106,Dr. Sneha Patil,Phaltan,Migraine,Neurologist,4,4.9,306
6107,Dr. Pooja Joshi,Phaltan,Migraine,Neurologist,20,4.5,654
6108,Dr. Priya Deshmukh,Phaltan,Migraine,Neurologist,15,4.5,650
6109,Dr. Vikas Gupta,Phaltan,Migraine,Neurologist,9,4.8,757
6110,Dr. Rahul Gupta,Phaltan,Migraine,Neurologist,34,5.0,1024
6111,Dr. Rohit Joshi,Phaltan,Food Poisoning,Gastroenterologist,4,3.6,485
6112,Dr. Rohit Joshi,Phaltan,Food Poisoning,Gastroenterologist,11,4.7,995
6113,Dr. Neha Sharma,Phaltan,Food Poisoning,Gastroenterologist,19,4.9,922
6114,Dr. Pooja Kulkarni,Phaltan,Food Poisoning,Gastroenterologist,3,3.6,221
6115,Dr. Kiran Jadhav,Phaltan,Food Poisoning,Gastroenterologist,18,3.7,944
6116,Dr. Anil Joshi,Phaltan,Food Poisoning,Gastroenterologist,28,3.6,1051
6117,Dr. Kiran Gupta,Phaltan,Food Poisoning,Gastroenterologist,1,4.8,498
6118,Dr. Amit Jadhav,Phaltan,Food Poisoning,Gastroenterologist,16,4.7,1167
6119,Dr. Pooja Joshi,Phaltan,Food Poisoning,Gastroenterologist,34,4.8,764
6120,Dr. Kiran Gupta,Phaltan,Food Poisoning,Gastroenterologist,28,4.3,697
6121,Dr. Anil Patil,Phaltan,Jaundice,Hepatologist,9,4.6,1304
6122,Dr. Neha Sharma,Phaltan,Jaundice,Hepatologist,23,4.1,1284
6123,Dr. Anil Patil,Phaltan,Jaundice,Hepatologist,17,4.4,532
6124,Dr. Rohit Joshi,Phaltan,Jaundice,Hepatologist,30,4.2,434
6125,Dr. Vikas Deshmukh,Phaltan,Jaundice,Hepatologist,18,4.6,662
6126,Dr. Priya Jadhav,Phaltan,Jaundice,Hepatologist,2,4.1,927
6127,Dr. Sneha Sharma,Phaltan,Jaundice,Hepatologist,17,3.8,964
6128,Dr. Kiran Patil,Phaltan,Jaundice,Hepatologist,12,4.0,352
6129,Dr. Anil Shinde,Phaltan,Jaundice,Hepatologist,1,4.8,407
6130,Dr. Neha Sharma,Phaltan,Jaundice,Hepatologist,16,4.1,1467
6131,Dr. Kiran Jadhav,Phaltan,Chickenpox,Dermatologist,32,4.9,382
6132,Dr. Rohit Gupta,Phaltan,Chickenpox,Dermatologist,14,4.6,1128
6133,Dr. Amit Kulkarni,Phaltan,Chickenpox,Dermatologist,24,4.6,605
6134,Dr. Vikas Jadhav,Phaltan,Chickenpox,Dermatologist,10,3.9,946
6135,Dr. Pooja Gupta,Phaltan,Chickenpox,Dermatologist,31,4.1,799
6136,Dr. Anil Kulkarni,Phaltan,Chickenpox,Dermatologist,22,3.7,903
6137,Dr. Priya Kulkarni,Phaltan,Chickenpox,Dermatologist,9,4.7,486
6138,Dr. Rohit Kulkarni,Phaltan,Chickenpox,Dermatologist,20,4.1,1227
6139,Dr. Rohit Jadhav,Phaltan,Chickenpox,Dermatologist,9,3.5,867
6140,Dr. Sneha Jadhav,Phaltan,Chickenpox,Dermatologist,8,4.1,621
6141,Dr. Anil Jadhav,Phaltan,Measles,Pediatrician,20,4.8,1367
6142,Dr. Anil Joshi,Phaltan,Measles,Pediatrician,34,4.3,864
6143,Dr. Priya Sharma,Phaltan,Measles,Pediatrician,33,4.4,1427
6144,Dr. Kiran Kulkarni,Phaltan,Measles,Pediatrician,25,4.5,1401
6145,Dr. Amit Gupta,Phaltan,Measles,Pediatrician,28,3.6,520
6146,Dr. Rohit Joshi,Phaltan,Measles,Pediatrician,6,4.0,1466
6147,Dr. Pooja Shinde,Phaltan,Measles,Pediatrician,26,4.8,1341
6148,Dr. Priya Deshmukh,Phaltan,Measles,Pediatrician,33,3.8,224
6149,Dr. Kiran Joshi,Phaltan,Measles,Pediatrician,8,3.7,1138
6150,Dr. Amit Patil,Phaltan,Measles,Pediatrician,19,4.3,799
6151,Dr. Priya Patil,Phaltan,Arthritis,Orthopedic,13,5.0,1010
6152,Dr. Vikas Deshmukh,Phaltan,Arthritis,Orthopedic,35,4.1,1040
6153,Dr. Priya Joshi,Phaltan,Arthritis,Orthopedic,29,4.3,429
6154,Dr. Neha Kulkarni,Phaltan,Arthritis,Orthopedic,12,4.5,419
6155,Dr. Sneha Jadhav,Phaltan,Arthritis,Orthopedic,33,4.0,250
6156,Dr. Rahul Sharma,Phaltan,Arthritis,Orthopedic,9,4.9,380
6157,Dr. Amit Shinde,Phaltan,Arthritis,Orthopedic,22,4.5,555
6158,Dr. Pooja Gupta,Phaltan,Arthritis,Orthopedic,32,4.3,1500
6159,Dr. Neha Kulkarni,Phaltan,Arthritis,Orthopedic,19,4.4,496
6160,Dr. Rahul Jadhav,Phaltan,Arthritis,Orthopedic,24,3.5,1385
6161,Dr. Rahul Deshmukh,Shirdi,Flu,General Physician,5,4.9,1065
6162,Dr. Rahul Deshmukh,Shirdi,Flu,General Physician,8,3.8,636
6163,Dr. Anil Sharma,Shirdi,Flu,General Physician,25,5.0,1349
6164,Dr. Vikas Patil,Shirdi,Flu,General Physician,31,4.1,870
6165,Dr. Rohit Jadhav,Shirdi,Flu,General Physician,17,3.7,701
6166,Dr. Rohit Deshmukh,Shirdi,Flu,General Physician,4,4.9,818
6167,Dr. Sneha Sharma,Shirdi,Flu,General Physician,22,4.7,1110
6168,Dr. Sneha Shinde,Shirdi,Flu,General Physician,22,3.8,1462
6169,Dr. Pooja Gupta,Shirdi,Flu,General Physician,18,4.0,205
6170,Dr. Neha Sharma,Shirdi,Flu,General Physician,9,3.6,231
6171,Dr. Anil Joshi,Shirdi,Cold,General Physician,11,3.6,893
6172,Dr. Priya Gupta,Shirdi,Cold,General Physician,29,4.0,332
6173,Dr. Kiran Gupta,Shirdi,Cold,General Physician,31,4.2,880
6174,Dr. Priya Deshmukh,Shirdi,Cold,General Physician,28,4.5,384
6175,Dr. Kiran Jadhav,Shirdi,Cold,General Physician,13,4.4,238
6176,Dr. Pooja Deshmukh,Shirdi,Cold,General Physician,6,4.4,1348
6177,Dr. Pooja Patil,Shirdi,Cold,General Physician,1,4.2,1193
6178,Dr. Neha Jadhav,Shirdi,Cold,General Physician,11,4.2,419
6179,Dr. Sneha Patil,Shirdi,Cold,General Physician,16,4.6,277
6180,Dr. Amit Gupta,Shirdi,Cold,General Physician,24,4.4,301
6181,Dr. Sneha Patil,Shirdi,COVID-19,Pulmonologist,12,4.3,575
6182,Dr. Neha Deshmukh,Shirdi,COVID-19,Pulmonologist,16,4.1,1321
6183,Dr. Amit Sharma,Shirdi,COVID-19,Pulmonologist,6,4.0,1494
6184,Dr. Priya Sharma,Shirdi,COVID-19,Pulmonologist,19,3.7,1391
6185,Dr. Pooja Sharma,Shirdi,COVID-19,Pulmonologist,35,4.3,982
6186,Dr. Vikas Patil,Shirdi,COVID-19,Pulmonologist,11,4.8,1235
6187,Dr. Anil Kulkarni,Shirdi,COVID-19,Pulmonologist,13,3.7,976
6188,Dr. Rahul Jadhav,Shirdi,COVID-19,Pulmonologist,35,3.7,1221
6189,Dr. Sneha Jadhav,Shirdi,COVID-19,Pulmonologist,22,4.1,1351
6190,Dr. Anil Shinde,Shirdi,COVID-19,Pulmonologist,30,4.0,1395
6191,Dr. Rohit Patil,Shirdi,Malaria,Infectious Disease,29,4.0,609
6192,Dr. Priya Joshi,Shirdi,Malaria,Infectious Disease,18,4.6,1476
6193,Dr. Kiran Gupta,Shirdi,Malaria,Infectious Disease,24,4.7,1140
6194,Dr. Sneha Sharma,Shirdi,Malaria,Infectious Disease,14,4.6,224
6195,Dr. Kiran Sharma,Shirdi,Malaria,Infectious Disease,13,3.6,402
6196,Dr. Rahul Joshi,Shirdi,Malaria,Infectious Disease,8,3.9,352
6197,Dr. Vikas Patil,Shirdi,Malaria,Infectious Disease,1,4.2,1034
6198,Dr. Kiran Deshmukh,Shirdi,Malaria,Infectious Disease,12,4.4,961
6199,Dr. Sneha Sharma,Shirdi,Malaria,Infectious Disease,35,3.6,907
6200,Dr. Kiran Joshi,Shirdi,Malaria,Infectious Disease,24,4.9,300
6201,Dr. Rahul Jadhav,Shirdi,Dengue,Infectious Disease,18,4.6,409
6202,Dr. Amit Patil,Shirdi,Dengue,Infectious Disease,34,4.0,363
6203,Dr. Pooja Gupta,Shirdi,Dengue,Infectious Disease,1,4.9,1267
6204,Dr. Vikas Deshmukh,Shirdi,Dengue,Infectious Disease,12,4.0,828
6205,Dr. Anil Sharma,Shirdi,Dengue,Infectious Disease,35,4.7,1276
6206,Dr. Rohit Gupta,Shirdi,Dengue,Infectious Disease,11,4.3,809
6207,Dr. Sneha Sharma,Shirdi,Dengue,Infectious Disease,34,4.1,235
6208,Dr. Pooja Patil,Shirdi,Dengue,Infectious Disease,2,4.0,1128
6209,Dr. Pooja Deshmukh,Shirdi,Dengue,Infectious Disease,7,4.8,365
6210,Dr. Vikas Shinde,Shirdi,Dengue,Infectious Disease,32,3.8,629
6211,Dr. Rohit Joshi,Shirdi,Typhoid,General Physician,34,4.5,212
6212,Dr. Sneha Gupta,Shirdi,Typhoid,General Physician,4,3.5,799
6213,Dr. Vikas Jadhav,Shirdi,Typhoid,General Physician,5,4.1,967
6214,Dr. Pooja Joshi,Shirdi,Typhoid,General Physician,27,3.9,369
6215,Dr. Priya Deshmukh,Shirdi,Typhoid,General Physician,35,3.7,1414
6216,Dr. Priya Joshi,Shirdi,Typhoid,General Physician,34,4.3,1084
6217,Dr. Vikas Shinde,Shirdi,Typhoid,General Physician,27,3.6,546
6218,Dr. Sneha Patil,Shirdi,Typhoid,General Physician,29,5.0,1395
6219,Dr. Vikas Patil,Shirdi,Typhoid,General Physician,7,4.9,1159
6220,Dr. Pooja Joshi,Shirdi,Typhoid,General Physician,35,4.6,416
6221,Dr. Vikas Deshmukh,Shirdi,Asthma,Pulmonologist,7,4.3,431
6222,Dr. Amit Sharma,Shirdi,Asthma,Pulmonologist,1,4.9,1125
6223,Dr. Pooja Gupta,Shirdi,Asthma,Pulmonologist,7,3.8,1388
6224,Dr. Priya Kulkarni,Shirdi,Asthma,Pulmonologist,10,3.9,780
6225,Dr. Pooja Kulkarni,Shirdi,Asthma,Pulmonologist,3,3.9,1086
6226,Dr. Neha Deshmukh,Shirdi,Asthma,Pulmonologist,17,3.9,363
6227,Dr. Amit Deshmukh,Shirdi,Asthma,Pulmonologist,32,5.0,729
6228,Dr. Priya Joshi,Shirdi,Asthma,Pulmonologist,28,3.9,1069
6229,Dr. Rohit Joshi,Shirdi,Asthma,Pulmonologist,18,4.7,207
6230,Dr. Amit Deshmukh,Shirdi,Asthma,Pulmonologist,19,4.5,835
6231,Dr. Amit Shinde,Shirdi,Diabetes,Endocrinologist,33,5.0,1064
6232,Dr. Priya Gupta,Shirdi,Diabetes,Endocrinologist,7,4.9,216
6233,Dr. Rohit Gupta,Shirdi,Diabetes,Endocrinologist,12,4.2,217
6234,Dr. Rahul Deshmukh,Shirdi,Diabetes,Endocrinologist,22,3.7,380
6235,Dr. Vikas Gupta,Shirdi,Diabetes,Endocrinologist,5,4.9,1132
6236,Dr. Rohit Deshmukh,Shirdi,Diabetes,Endocrinologist,3,3.7,961
6237,Dr. Anil Joshi,Shirdi,Diabetes,Endocrinologist,34,4.5,750
6238,Dr. Priya Gupta,Shirdi,Diabetes,Endocrinologist,29,3.5,1077
6239,Dr. Amit Patil,Shirdi,Diabetes,Endocrinologist,31,3.9,946
6240,Dr. Neha Shinde,Shirdi,Diabetes,Endocrinologist,30,4.7,1079
6241,Dr. Rohit Sharma,Shirdi,Migraine,Neurologist,3,4.0,622
6242,Dr. Kiran Patil,Shirdi,Migraine,Neurologist,33,4.8,356
6243,Dr. Rohit Deshmukh,Shirdi,Migraine,Neurologist,10,4.0,549
6244,Dr. Amit Kulkarni,Shirdi,Migraine,Neurologist,31,4.7,1109
6245,Dr. Pooja Patil,Shirdi,Migraine,Neurologist,33,3.7,859
6246,Dr. Vikas Sharma,Shirdi,Migraine,Neurologist,16,4.9,1130
6247,Dr. Pooja Kulkarni,Shirdi,Migraine,Neurologist,33,4.8,560
6248,Dr. Sneha Shinde,Shirdi,Migraine,Neurologist,29,3.9,1474
6249,Dr. Rahul Kulkarni,Shirdi,Migraine,Neurologist,26,4.7,437
6250,Dr. Rohit Joshi,Shirdi,Migraine,Neurologist,26,4.5,668
6251,Dr. Rahul Kulkarni,Shirdi,Food Poisoning,Gastroenterologist,9,3.6,304
6252,Dr. Rohit Patil,Shirdi,Food Poisoning,Gastroenterologist,24,3.9,1167
6253,Dr. Vikas Shinde,Shirdi,Food Poisoning,Gastroenterologist,19,4.5,864
6254,Dr. Kiran Kulkarni,Shirdi,Food Poisoning,Gastroenterologist,31,4.7,764
6255,Dr. Anil Shinde,Shirdi,Food Poisoning,Gastroenterologist,33,4.5,516
6256,Dr. Amit Patil,Shirdi,Food Poisoning,Gastroenterologist,10,4.8,803
6257,Dr. Rahul Joshi,Shirdi,Food Poisoning,Gastroenterologist,11,4.7,320
6258,Dr. Rohit Joshi,Shirdi,Food Poisoning,Gastroenterologist,29,3.9,435
6259,Dr. Priya Patil,Shirdi,Food Poisoning,Gastroenterologist,3,3.7,1079
6260,Dr. Rohit Kulkarni,Shirdi,Food Poisoning,Gastroenterologist,19,4.2,1295
6261,Dr. Anil Deshmukh,Shirdi,Jaundice,Hepatologist,25,4.6,447
6262,Dr. Vikas Kulkarni,Shirdi,Jaundice,Hepatologist,25,4.8,1073
6263,Dr. Amit Gupta,Shirdi,Jaundice,Hepatologist,25,4.7,1497
6264,Dr. Anil Shinde,Shirdi,Jaundice,Hepatologist,23,4.5,668
6265,Dr. Vikas Deshmukh,Shirdi,Jaundice,Hepatologist,30,4.4,1179
6266,Dr. Vikas Gupta,Shirdi,Jaundice,Hepatologist,26,4.0,1188
6267,Dr. Rahul Shinde,Shirdi,Jaundice,Hepatologist,21,3.5,280
6268,Dr. Vikas Gupta,Shirdi,Jaundice,Hepatologist,33,4.2,618
6269,Dr. Vikas Gupta,Shirdi,Jaundice,Hepatologist,27,4.9,824
6270,Dr. Anil Kulkarni,Shirdi,Jaundice,Hepatologist,6,4.9,1008
6271,Dr. Rahul Joshi,Shirdi,Chickenpox,Dermatologist,19,4.3,1162
6272,Dr. Neha Kulkarni,Shirdi,Chickenpox,Dermatologist,7,4.0,665
6273,Dr. Kiran Deshmukh,Shirdi,Chickenpox,Dermatologist,11,4.4,641
6274,Dr. Sneha Patil,Shirdi,Chickenpox,Dermatologist,7,4.2,1142
6275,Dr. Priya Shinde,Shirdi,Chickenpox,Dermatologist,9,4.9,1096
6276,Dr. Neha Sharma,Shirdi,Chickenpox,Dermatologist,20,4.8,434
6277,Dr. Amit Kulkarni,Shirdi,Chickenpox,Dermatologist,19,4.3,481
6278,Dr. Pooja Jadhav,Shirdi,Chickenpox,Dermatologist,34,4.1,772
6279,Dr. Vikas Joshi,Shirdi,Chickenpox,Dermatologist,28,4.8,367
6280,Dr. Rohit Deshmukh,Shirdi,Chickenpox,Dermatologist,1,3.6,1476
6281,Dr. Anil Jadhav,Shirdi,Measles,Pediatrician,11,4.5,1348
6282,Dr. Pooja Kulkarni,Shirdi,Measles,Pediatrician,8,4.5,1244
6283,Dr. Vikas Shinde,Shirdi,Measles,Pediatrician,23,4.0,1286
6284,Dr. Rahul Joshi,Shirdi,Measles,Pediatrician,2,3.7,597
6285,Dr. Rahul Kulkarni,Shirdi,Measles,Pediatrician,9,4.6,781
6286,Dr. Anil Kulkarni,Shirdi,Measles,Pediatrician,20,3.8,1426
6287,Dr. Neha Sharma,Shirdi,Measles,Pediatrician,29,4.8,427
6288,Dr. Kiran Sharma,Shirdi,Measles,Pediatrician,26,4.0,297
6289,Dr. Anil Jadhav,Shirdi,Measles,Pediatrician,4,4.8,1107
6290,Dr. Rahul Kulkarni,Shirdi,Measles,Pediatrician,24,4.1,1385
6291,Dr. Rohit Deshmukh,Shirdi,Arthritis,Orthopedic,20,4.9,1136
6292,Dr. Rahul Patil,Shirdi,Arthritis,Orthopedic,7,4.1,983
6293,Dr. Priya Gupta,Shirdi,Arthritis,Orthopedic,3,3.5,1443
6294,Dr. Rohit Jadhav,Shirdi,Arthritis,Orthopedic,3,4.0,215
6295,Dr. Priya Kulkarni,Shirdi,Arthritis,Orthopedic,32,3.5,1284
6296,Dr. Anil Sharma,Shirdi,Arthritis,Orthopedic,28,4.2,847
6297,Dr. Kiran Jadhav,Shirdi,Arthritis,Orthopedic,29,4.7,1042
6298,Dr. Vikas Jadhav,Shirdi,Arthritis,Orthopedic,18,4.5,378
6299,Dr. Vikas Shinde,Shirdi,Arthritis,Orthopedic,28,4.9,1395
6300,Dr. Amit Shinde,Shirdi,Arthritis,Orthopedic,13,4.0,800
6301,Dr. Rohit Shinde,Alibaug,Flu,General Physician,35,4.5,219
6302,Dr. Neha Shinde,Alibaug,Flu,General Physician,13,3.7,894
6303,Dr. Pooja Kulkarni,Alibaug,Flu,General Physician,1,4.2,280
6304,Dr. Vikas Patil,Alibaug,Flu,General Physician,12,5.0,416
6305,Dr. Anil Sharma,Alibaug,Flu,General Physician,25,3.7,1437
6306,Dr. Kiran Joshi,Alibaug,Flu,General Physician,28,4.1,1486
6307,Dr. Vikas Jadhav,Alibaug,Flu,General Physician,28,4.4,1239
6308,Dr. Priya Kulkarni,Alibaug,Flu,General Physician,28,4.8,454
6309,Dr. Anil Sharma,Alibaug,Flu,General Physician,9,4.7,1114
6310,Dr. Anil Deshmukh,Alibaug,Flu,General Physician,5,3.9,1142
6311,Dr. Amit Deshmukh,Alibaug,Cold,General Physician,24,3.6,841
6312,Dr. Priya Gupta,Alibaug,Cold,General Physician,25,4.5,958
6313,Dr. Sneha Patil,Alibaug,Cold,General Physician,14,4.3,1050
6314,Dr. Pooja Deshmukh,Alibaug,Cold,General Physician,25,4.9,1199
6315,Dr. Neha Sharma,Alibaug,Cold,General Physician,14,4.3,813
6316,Dr. Kiran Patil,Alibaug,Cold,General Physician,2,3.6,828
6317,Dr. Sneha Patil,Alibaug,Cold,General Physician,31,3.9,208
6318,Dr. Pooja Shinde,Alibaug,Cold,General Physician,35,4.2,633
6319,Dr. Rohit Kulkarni,Alibaug,Cold,General Physician,21,4.7,261
6320,Dr. Pooja Shinde,Alibaug,Cold,General Physician,9,4.4,1176
6321,Dr. Anil Kulkarni,Alibaug,COVID-19,Pulmonologist,17,4.2,459
6322,Dr. Rohit Patil,Alibaug,COVID-19,Pulmonologist,22,3.7,1187
6323,Dr. Amit Jadhav,Alibaug,COVID-19,Pulmonologist,8,4.9,1312
6324,Dr. Sneha Gupta,Alibaug,COVID-19,Pulmonologist,13,4.8,313
6325,Dr. Amit Gupta,Alibaug,COVID-19,Pulmonologist,28,4.8,1447
6326,Dr. Amit Shinde,Alibaug,COVID-19,Pulmonologist,25,3.8,992
6327,Dr. Rohit Shinde,Alibaug,COVID-19,Pulmonologist,32,4.1,566
6328,Dr. Vikas Joshi,Alibaug,COVID-19,Pulmonologist,15,3.9,1249
6329,Dr. Vikas Joshi,Alibaug,COVID-19,Pulmonologist,27,4.1,865
6330,Dr. Anil Gupta,Alibaug,COVID-19,Pulmonologist,21,4.2,1085
6331,Dr. Rahul Joshi,Alibaug,Malaria,Infectious Disease,22,4.5,877
6332,Dr. Rahul Joshi,Alibaug,Malaria,Infectious Disease,16,3.9,612
6333,Dr. Rohit Jadhav,Alibaug,Malaria,Infectious Disease,30,3.8,1205
6334,Dr. Neha Joshi,Alibaug,Malaria,Infectious Disease,18,4.3,885
6335,Dr. Pooja Sharma,Alibaug,Malaria,Infectious Disease,16,3.8,289
6336,Dr. Neha Jadhav,Alibaug,Malaria,Infectious Disease,19,4.8,726
6337,Dr. Amit Jadhav,Alibaug,Malaria,Infectious Disease,35,4.2,900
6338,Dr. Priya Kulkarni,Alibaug,Malaria,Infectious Disease,20,4.4,921
6339,Dr. Sneha Kulkarni,Alibaug,Malaria,Infectious Disease,14,4.5,1499
6340,Dr. Neha Kulkarni,Alibaug,Malaria,Infectious Disease,19,3.9,616
6341,Dr. Kiran Shinde,Alibaug,Dengue,Infectious Disease,20,3.6,1010
6342,Dr. Kiran Kulkarni,Alibaug,Dengue,Infectious Disease,19,4.9,1214
6343,Dr. Pooja Shinde,Alibaug,Dengue,Infectious Disease,12,4.2,624
6344,Dr. Rohit Shinde,Alibaug,Dengue,Infectious Disease,35,4.9,517
6345,Dr. Neha Gupta,Alibaug,Dengue,Infectious Disease,1,3.6,1475
6346,Dr. Priya Shinde,Alibaug,Dengue,Infectious Disease,24,4.5,1083
6347,Dr. Kiran Jadhav,Alibaug,Dengue,Infectious Disease,27,4.8,386
6348,Dr. Neha Deshmukh,Alibaug,Dengue,Infectious Disease,22,4.5,1126
6349,Dr. Vikas Shinde,Alibaug,Dengue,Infectious Disease,33,4.7,856
6350,Dr. Sneha Deshmukh,Alibaug,Dengue,Infectious Disease,24,4.7,560
6351,Dr. Kiran Jadhav,Alibaug,Typhoid,General Physician,19,5.0,1294
6352,Dr. Vikas Joshi,Alibaug,Typhoid,General Physician,35,3.6,1199
6353,Dr. Kiran Jadhav,Alibaug,Typhoid,General Physician,6,4.6,1156
6354,Dr. Rahul Joshi,Alibaug,Typhoid,General Physician,11,4.4,1149
6355,Dr. Rahul Deshmukh,Alibaug,Typhoid,General Physician,26,4.4,672
6356,Dr. Priya Joshi,Alibaug,Typhoid,General Physician,8,4.5,1001
6357,Dr. Neha Jadhav,Alibaug,Typhoid,General Physician,9,4.4,931
6358,Dr. Rohit Gupta,Alibaug,Typhoid,General Physician,10,4.9,1246
6359,Dr. Pooja Jadhav,Alibaug,Typhoid,General Physician,35,3.7,647
6360,Dr. Priya Deshmukh,Alibaug,Typhoid,General Physician,28,3.9,719
6361,Dr. Anil Patil,Alibaug,Asthma,Pulmonologist,3,4.9,376
6362,Dr. Priya Kulkarni,Alibaug,Asthma,Pulmonologist,13,4.1,338
6363,Dr. Priya Sharma,Alibaug,Asthma,Pulmonologist,25,3.5,758
6364,Dr. Amit Patil,Alibaug,Asthma,Pulmonologist,22,4.5,252
6365,Dr. Neha Patil,Alibaug,Asthma,Pulmonologist,35,4.7,223
6366,Dr. Rahul Patil,Alibaug,Asthma,Pulmonologist,19,4.0,232
6367,Dr. Rahul Gupta,Alibaug,Asthma,Pulmonologist,30,3.6,623
6368,Dr. Priya Patil,Alibaug,Asthma,Pulmonologist,21,4.6,509
6369,Dr. Sneha Kulkarni,Alibaug,Asthma,Pulmonologist,34,3.5,448
6370,Dr. Neha Sharma,Alibaug,Asthma,Pulmonologist,28,4.0,906
6371,Dr. Priya Kulkarni,Alibaug,Diabetes,Endocrinologist,3,3.7,1308
6372,Dr. Rahul Gupta,Alibaug,Diabetes,Endocrinologist,26,4.3,303
6373,Dr. Sneha Patil,Alibaug,Diabetes,Endocrinologist,29,3.6,1284
6374,Dr. Anil Gupta,Alibaug,Diabetes,Endocrinologist,14,4.5,391
6375,Dr. Neha Sharma,Alibaug,Diabetes,Endocrinologist,16,4.2,275
6376,Dr. Pooja Shinde,Alibaug,Diabetes,Endocrinologist,24,4.3,1096
6377,Dr. Neha Deshmukh,Alibaug,Diabetes,Endocrinologist,25,4.8,776
6378,Dr. Pooja Jadhav,Alibaug,Diabetes,Endocrinologist,2,3.7,314
6379,Dr. Anil Patil,Alibaug,Diabetes,Endocrinologist,13,4.4,999
6380,Dr. Kiran Joshi,Alibaug,Diabetes,Endocrinologist,33,4.1,625
6381,Dr. Priya Jadhav,Alibaug,Migraine,Neurologist,16,4.3,885
6382,Dr. Sneha Gupta,Alibaug,Migraine,Neurologist,16,3.7,795
6383,Dr. Sneha Jadhav,Alibaug,Migraine,Neurologist,4,3.6,1227
6384,Dr. Kiran Sharma,Alibaug,Migraine,Neurologist,32,4.5,274
6385,Dr. Neha Jadhav,Alibaug,Migraine,Neurologist,25,5.0,311
6386,Dr. Anil Shinde,Alibaug,Migraine,Neurologist,3,4.1,1273
6387,Dr. Pooja Sharma,Alibaug,Migraine,Neurologist,3,4.4,457
6388,Dr. Sneha Shinde,Alibaug,Migraine,Neurologist,22,3.8,868
6389,Dr. Vikas Sharma,Alibaug,Migraine,Neurologist,29,5.0,235
6390,Dr. Neha Patil,Alibaug,Migraine,Neurologist,19,4.8,230
6391,Dr. Priya Kulkarni,Alibaug,Food Poisoning,Gastroenterologist,21,4.6,937
6392,Dr. Vikas Jadhav,Alibaug,Food Poisoning,Gastroenterologist,26,4.3,708
6393,Dr. Rohit Shinde,Alibaug,Food Poisoning,Gastroenterologist,19,4.0,692
6394,Dr. Pooja Deshmukh,Alibaug,Food Poisoning,Gastroenterologist,17,3.9,348
6395,Dr. Rahul Shinde,Alibaug,Food Poisoning,Gastroenterologist,17,3.7,1242
6396,Dr. Pooja Patil,Alibaug,Food Poisoning,Gastroenterologist,18,3.9,1382
6397,Dr. Neha Joshi,Alibaug,Food Poisoning,Gastroenterologist,5,4.0,1258
6398,Dr. Anil Patil,Alibaug,Food Poisoning,Gastroenterologist,13,4.3,950
6399,Dr. Rohit Deshmukh,Alibaug,Food Poisoning,Gastroenterologist,32,3.9,1230
6400,Dr. Sneha Jadhav,Alibaug,Food Poisoning,Gastroenterologist,11,3.8,1494
6401,Dr. Anil Patil,Alibaug,Jaundice,Hepatologist,18,4.3,383
6402,Dr. Vikas Sharma,Alibaug,Jaundice,Hepatologist,5,4.2,1289
6403,Dr. Amit Shinde,Alibaug,Jaundice,Hepatologist,12,4.6,1467
6404,Dr. Anil Patil,Alibaug,Jaundice,Hepatologist,7,3.6,415
6405,Dr. Neha Jadhav,Alibaug,Jaundice,Hepatologist,33,4.5,1255
6406,Dr. Kiran Sharma,Alibaug,Jaundice,Hepatologist,24,4.5,247
6407,Dr. Kiran Patil,Alibaug,Jaundice,Hepatologist,28,4.6,1269
6408,Dr. Neha Sharma,Alibaug,Jaundice,Hepatologist,31,4.3,588
6409,Dr. Priya Joshi,Alibaug,Jaundice,Hepatologist,5,4.8,618
6410,Dr. Anil Patil,Alibaug,Jaundice,Hepatologist,2,4.5,675
6411,Dr. Neha Sharma,Alibaug,Chickenpox,Dermatologist,8,4.9,1127
6412,Dr. Anil Kulkarni,Alibaug,Chickenpox,Dermatologist,28,4.3,881
6413,Dr. Amit Sharma,Alibaug,Chickenpox,Dermatologist,25,4.0,756
6414,Dr. Vikas Patil,Alibaug,Chickenpox,Dermatologist,33,3.9,494
6415,Dr. Sneha Gupta,Alibaug,Chickenpox,Dermatologist,26,3.8,1263
6416,Dr. Anil Jadhav,Alibaug,Chickenpox,Dermatologist,25,4.2,288
6417,Dr. Kiran Jadhav,Alibaug,Chickenpox,Dermatologist,11,4.2,783
6418,Dr. Rohit Joshi,Alibaug,Chickenpox,Dermatologist,13,4.5,1269
6419,Dr. Rohit Kulkarni,Alibaug,Chickenpox,Dermatologist,19,5.0,1244
6420,Dr. Kiran Sharma,Alibaug,Chickenpox,Dermatologist,8,4.8,1232
6421,Dr. Kiran Sharma,Alibaug,Measles,Pediatrician,21,3.9,224
6422,Dr. Vikas Jadhav,Alibaug,Measles,Pediatrician,30,4.2,418
6423,Dr. Anil Jadhav,Alibaug,Measles,Pediatrician,28,4.4,1068
6424,Dr. Rohit Kulkarni,Alibaug,Measles,Pediatrician,15,4.1,310
6425,Dr. Rohit Sharma,Alibaug,Measles,Pediatrician,20,3.7,1192
6426,Dr. Rohit Jadhav,Alibaug,Measles,Pediatrician,8,3.6,1248
6427,Dr. Rohit Jadhav,Alibaug,Measles,Pediatrician,15,4.6,1183
6428,Dr. Kiran Jadhav,Alibaug,Measles,Pediatrician,21,4.4,1133
6429,Dr. Amit Patil,Alibaug,Measles,Pediatrician,28,4.3,951
6430,Dr. Rahul Joshi,Alibaug,Measles,Pediatrician,14,4.0,565
6431,Dr. Anil Deshmukh,Alibaug,Arthritis,Orthopedic,32,4.3,854
6432,Dr. Neha Kulkarni,Alibaug,Arthritis,Orthopedic,7,4.4,1021
6433,Dr. Amit Patil,Alibaug,Arthritis,Orthopedic,21,4.5,808
6434,Dr. Pooja Shinde,Alibaug,Arthritis,Orthopedic,19,4.7,232
6435,Dr. Rohit Patil,Alibaug,Arthritis,Orthopedic,4,3.8,941
6436,Dr. Anil Joshi,Alibaug,Arthritis,Orthopedic,12,4.0,711
6437,Dr. Anil Jadhav,Alibaug,Arthritis,Orthopedic,28,4.8,841
6438,Dr. Amit Gupta,Alibaug,Arthritis,Orthopedic,19,4.3,1360
6439,Dr. Vikas Sharma,Alibaug,Arthritis,Orthopedic,32,4.2,844
6440,Dr. Rohit Gupta,Alibaug,Arthritis,Orthopedic,14,3.7,1168
6441,Dr. Vikas Joshi,Vasai,Flu,General Physician,5,3.6,1203
6442,Dr. Priya Sharma,Vasai,Flu,General Physician,10,4.3,210
6443,Dr. Amit Joshi,Vasai,Flu,General Physician,10,4.3,603
6444,Dr. Kiran Kulkarni,Vasai,Flu,General Physician,34,4.1,785
6445,Dr. Rohit Kulkarni,Vasai,Flu,General Physician,7,3.5,1443
6446,Dr. Sneha Kulkarni,Vasai,Flu,General Physician,28,4.4,1085
6447,Dr. Vikas Deshmukh,Vasai,Flu,General Physician,22,4.2,533
6448,Dr. Amit Kulkarni,Vasai,Flu,General Physician,27,4.5,652
6449,Dr. Pooja Jadhav,Vasai,Flu,General Physician,31,4.8,798
6450,Dr. Kiran Kulkarni,Vasai,Flu,General Physician,8,4.1,653
6451,Dr. Rahul Shinde,Vasai,Cold,General Physician,9,4.4,354
6452,Dr. Pooja Gupta,Vasai,Cold,General Physician,8,4.7,563
6453,Dr. Vikas Gupta,Vasai,Cold,General Physician,16,3.9,439
6454,Dr. Vikas Patil,Vasai,Cold,General Physician,25,3.9,416
6455,Dr. Kiran Kulkarni,Vasai,Cold,General Physician,32,4.4,1369
6456,Dr. Rahul Sharma,Vasai,Cold,General Physician,19,5.0,548
6457,Dr. Rohit Joshi,Vasai,Cold,General Physician,15,4.3,519
6458,Dr. Rahul Deshmukh,Vasai,Cold,General Physician,26,3.8,656
6459,Dr. Kiran Patil,Vasai,Cold,General Physician,4,5.0,1253
6460,Dr. Anil Patil,Vasai,Cold,General Physician,3,3.7,1319
6461,Dr. Amit Kulkarni,Vasai,COVID-19,Pulmonologist,3,4.3,449
6462,Dr. Kiran Kulkarni,Vasai,COVID-19,Pulmonologist,8,4.6,1260
6463,Dr. Priya Sharma,Vasai,COVID-19,Pulmonologist,18,4.4,608
6464,Dr. Amit Joshi,Vasai,COVID-19,Pulmonologist,34,3.9,387
6465,Dr. Sneha Jadhav,Vasai,COVID-19,Pulmonologist,20,4.4,344
6466,Dr. Pooja Patil,Vasai,COVID-19,Pulmonologist,25,4.8,1085
6467,Dr. Kiran Sharma,Vasai,COVID-19,Pulmonologist,12,4.7,781
6468,Dr. Rahul Sharma,Vasai,COVID-19,Pulmonologist,9,4.2,954
6469,Dr. Rohit Jadhav,Vasai,COVID-19,Pulmonologist,10,5.0,413
6470,Dr. Anil Sharma,Vasai,COVID-19,Pulmonologist,12,4.5,229
6471,Dr. Amit Gupta,Vasai,Malaria,Infectious Disease,23,4.1,287
6472,Dr. Neha Sharma,Vasai,Malaria,Infectious Disease,25,3.8,1409
6473,Dr. Kiran Joshi,Vasai,Malaria,Infectious Disease,25,3.9,1209
6474,Dr. Anil Patil,Vasai,Malaria,Infectious Disease,27,4.5,1463
6475,Dr. Kiran Deshmukh,Vasai,Malaria,Infectious Disease,12,4.8,1195
6476,Dr. Sneha Patil,Vasai,Malaria,Infectious Disease,15,3.9,808
6477,Dr. Amit Shinde,Vasai,Malaria,Infectious Disease,20,3.5,827
6478,Dr. Rohit Jadhav,Vasai,Malaria,Infectious Disease,8,3.8,753
6479,Dr. Vikas Deshmukh,Vasai,Malaria,Infectious Disease,27,4.1,301
6480,Dr. Vikas Joshi,Vasai,Malaria,Infectious Disease,12,3.7,898
6481,Dr. Sneha Gupta,Vasai,Dengue,Infectious Disease,16,4.8,988
6482,Dr. Neha Joshi,Vasai,Dengue,Infectious Disease,13,4.3,600
6483,Dr. Kiran Sharma,Vasai,Dengue,Infectious Disease,4,4.9,970
6484,Dr. Anil Joshi,Vasai,Dengue,Infectious Disease,30,4.1,683
6485,Dr. Rahul Kulkarni,Vasai,Dengue,Infectious Disease,15,4.0,278
6486,Dr. Kiran Jadhav,Vasai,Dengue,Infectious Disease,29,3.9,919
6487,Dr. Amit Shinde,Vasai,Dengue,Infectious Disease,31,3.7,488
6488,Dr. Vikas Jadhav,Vasai,Dengue,Infectious Disease,34,3.5,915
6489,Dr. Priya Jadhav,Vasai,Dengue,Infectious Disease,13,4.7,208
6490,Dr. Rohit Shinde,Vasai,Dengue,Infectious Disease,32,3.9,388
6491,Dr. Rahul Sharma,Vasai,Typhoid,General Physician,9,4.3,1097
6492,Dr. Kiran Shinde,Vasai,Typhoid,General Physician,18,4.4,314
6493,Dr. Vikas Patil,Vasai,Typhoid,General Physician,31,3.7,332
6494,Dr. Rohit Gupta,Vasai,Typhoid,General Physician,17,4.2,507
6495,Dr. Rohit Gupta,Vasai,Typhoid,General Physician,28,3.9,369
6496,Dr. Pooja Shinde,Vasai,Typhoid,General Physician,18,4.2,1431
6497,Dr. Neha Jadhav,Vasai,Typhoid,General Physician,33,4.1,1420
6498,Dr. Pooja Jadhav,Vasai,Typhoid,General Physician,16,3.9,1116
6499,Dr. Kiran Patil,Vasai,Typhoid,General Physician,11,4.3,1337
6500,Dr. Neha Gupta,Vasai,Typhoid,General Physician,9,5.0,1367
6501,Dr. Amit Sharma,Vasai,Asthma,Pulmonologist,33,4.6,367
6502,Dr. Rohit Sharma,Vasai,Asthma,Pulmonologist,34,4.1,1169
6503,Dr. Amit Gupta,Vasai,Asthma,Pulmonologist,2,3.7,333
6504,Dr. Amit Joshi,Vasai,Asthma,Pulmonologist,5,3.9,440
6505,Dr. Anil Patil,Vasai,Asthma,Pulmonologist,22,3.9,222
6506,Dr. Rahul Gupta,Vasai,Asthma,Pulmonologist,23,4.1,1442
6507,Dr. Neha Joshi,Vasai,Asthma,Pulmonologist,1,3.9,1047
6508,Dr. Priya Gupta,Vasai,Asthma,Pulmonologist,26,4.6,542
6509,Dr. Neha Deshmukh,Vasai,Asthma,Pulmonologist,4,4.7,210
6510,Dr. Rahul Gupta,Vasai,Asthma,Pulmonologist,14,4.2,733
6511,Dr. Rahul Sharma,Vasai,Diabetes,Endocrinologist,30,4.2,377
6512,Dr. Kiran Shinde,Vasai,Diabetes,Endocrinologist,15,4.8,385
6513,Dr. Pooja Gupta,Vasai,Diabetes,Endocrinologist,27,4.1,1174
6514,Dr. Vikas Shinde,Vasai,Diabetes,Endocrinologist,14,3.7,871
6515,Dr. Anil Deshmukh,Vasai,Diabetes,Endocrinologist,13,4.0,1034
6516,Dr. Rahul Kulkarni,Vasai,Diabetes,Endocrinologist,24,3.6,1405
6517,Dr. Priya Jadhav,Vasai,Diabetes,Endocrinologist,16,4.6,1282
6518,Dr. Sneha Deshmukh,Vasai,Diabetes,Endocrinologist,9,4.7,1076
6519,Dr. Anil Shinde,Vasai,Diabetes,Endocrinologist,13,4.7,1414
6520,Dr. Rohit Jadhav,Vasai,Diabetes,Endocrinologist,2,3.7,314
6521,Dr. Amit Gupta,Vasai,Migraine,Neurologist,31,4.6,1024
6522,Dr. Sneha Kulkarni,Vasai,Migraine,Neurologist,6,4.5,313
6523,Dr. Neha Patil,Vasai,Migraine,Neurologist,27,4.4,343
6524,Dr. Sneha Deshmukh,Vasai,Migraine,Neurologist,16,3.9,1101
6525,Dr. Amit Joshi,Vasai,Migraine,Neurologist,29,4.2,923
6526,Dr. Anil Patil,Vasai,Migraine,Neurologist,7,3.8,1474
6527,Dr. Rahul Shinde,Vasai,Migraine,Neurologist,17,4.9,796
6528,Dr. Rahul Joshi,Vasai,Migraine,Neurologist,20,3.7,808
6529,Dr. Amit Patil,Vasai,Migraine,Neurologist,30,3.5,1351
6530,Dr. Vikas Sharma,Vasai,Migraine,Neurologist,2,4.1,1436
6531,Dr. Kiran Joshi,Vasai,Food Poisoning,Gastroenterologist,31,4.8,1252
6532,Dr. Rohit Patil,Vasai,Food Poisoning,Gastroenterologist,19,4.6,1111
6533,Dr. Kiran Deshmukh,Vasai,Food Poisoning,Gastroenterologist,26,4.3,844
6534,Dr. Sneha Gupta,Vasai,Food Poisoning,Gastroenterologist,32,4.2,1448
6535,Dr. Vikas Deshmukh,Vasai,Food Poisoning,Gastroenterologist,30,4.7,817
6536,Dr. Rahul Sharma,Vasai,Food Poisoning,Gastroenterologist,7,4.2,599
6537,Dr. Pooja Gupta,Vasai,Food Poisoning,Gastroenterologist,26,4.4,889
6538,Dr. Vikas Sharma,Vasai,Food Poisoning,Gastroenterologist,3,4.3,1113
6539,Dr. Rahul Deshmukh,Vasai,Food Poisoning,Gastroenterologist,25,3.7,366
6540,Dr. Priya Joshi,Vasai,Food Poisoning,Gastroenterologist,6,4.6,966
6541,Dr. Rahul Kulkarni,Vasai,Jaundice,Hepatologist,35,3.8,1137
6542,Dr. Sneha Shinde,Vasai,Jaundice,Hepatologist,35,4.4,774
6543,Dr. Sneha Deshmukh,Vasai,Jaundice,Hepatologist,12,4.5,682
6544,Dr. Amit Jadhav,Vasai,Jaundice,Hepatologist,24,4.3,1266
6545,Dr. Pooja Deshmukh,Vasai,Jaundice,Hepatologist,16,3.7,983
6546,Dr. Sneha Deshmukh,Vasai,Jaundice,Hepatologist,2,4.6,400
6547,Dr. Vikas Shinde,Vasai,Jaundice,Hepatologist,30,4.7,353
6548,Dr. Neha Shinde,Vasai,Jaundice,Hepatologist,5,4.6,273
6549,Dr. Anil Shinde,Vasai,Jaundice,Hepatologist,23,4.1,764
6550,Dr. Neha Sharma,Vasai,Jaundice,Hepatologist,30,3.7,907
6551,Dr. Neha Patil,Vasai,Chickenpox,Dermatologist,18,3.9,394
6552,Dr. Pooja Jadhav,Vasai,Chickenpox,Dermatologist,34,4.4,1206
6553,Dr. Rahul Jadhav,Vasai,Chickenpox,Dermatologist,8,4.2,1018
6554,Dr. Rahul Shinde,Vasai,Chickenpox,Dermatologist,32,5.0,947
6555,Dr. Anil Gupta,Vasai,Chickenpox,Dermatologist,18,3.8,702
6556,Dr. Priya Patil,Vasai,Chickenpox,Dermatologist,1,3.7,397
6557,Dr. Priya Joshi,Vasai,Chickenpox,Dermatologist,6,4.2,664
6558,Dr. Anil Patil,Vasai,Chickenpox,Dermatologist,27,4.6,743
6559,Dr. Vikas Joshi,Vasai,Chickenpox,Dermatologist,25,4.9,1001
6560,Dr. Pooja Gupta,Vasai,Chickenpox,Dermatologist,32,4.9,868
6561,Dr. Kiran Jadhav,Vasai,Measles,Pediatrician,25,4.6,319
6562,Dr. Amit Gupta,Vasai,Measles,Pediatrician,29,4.8,398
6563,Dr. Rohit Jadhav,Vasai,Measles,Pediatrician,3,3.7,428
6564,Dr. Anil Patil,Vasai,Measles,Pediatrician,12,4.2,204
6565,Dr. Kiran Jadhav,Vasai,Measles,Pediatrician,23,4.7,335
6566,Dr. Anil Patil,Vasai,Measles,Pediatrician,5,4.6,585
6567,Dr. Anil Joshi,Vasai,Measles,Pediatrician,1,4.9,1072
6568,Dr. Neha Jadhav,Vasai,Measles,Pediatrician,1,4.2,1484
6569,Dr. Kiran Jadhav,Vasai,Measles,Pediatrician,25,4.6,1019
6570,Dr. Priya Joshi,Vasai,Measles,Pediatrician,30,4.7,495
6571,Dr. Priya Shinde,Vasai,Arthritis,Orthopedic,18,4.2,527
6572,Dr. Kiran Patil,Vasai,Arthritis,Orthopedic,32,4.4,569
6573,Dr. Priya Joshi,Vasai,Arthritis,Orthopedic,11,4.6,1004
6574,Dr. Amit Kulkarni,Vasai,Arthritis,Orthopedic,21,4.5,1068
6575,Dr. Pooja Jadhav,Vasai,Arthritis,Orthopedic,5,4.8,1043
6576,Dr. Amit Joshi,Vasai,Arthritis,Orthopedic,16,4.0,1029
6577,Dr. Kiran Kulkarni,Vasai,Arthritis,Orthopedic,5,4.0,1428
6578,Dr. Neha Joshi,Vasai,Arthritis,Orthopedic,18,3.6,1203
6579,Dr. Sneha Sharma,Vasai,Arthritis,Orthopedic,32,3.6,227
6580,Dr. Amit Kulkarni,Vasai,Arthritis,Orthopedic,24,4.4,522
6581,Dr. Sneha Sharma,Virar,Flu,General Physician,6,4.7,1293
6582,Dr. Rohit Deshmukh,Virar,Flu,General Physician,30,4.1,1064
6583,Dr. Amit Kulkarni,Virar,Flu,General Physician,19,5.0,609
6584,Dr. Sneha Jadhav,Virar,Flu,General Physician,5,4.6,339
6585,Dr. Pooja Deshmukh,Virar,Flu,General Physician,8,3.6,800
6586,Dr. Pooja Patil,Virar,Flu,General Physician,9,4.2,1141
6587,Dr. Rahul Deshmukh,Virar,Flu,General Physician,27,4.8,1379
6588,Dr. Rahul Jadhav,Virar,Flu,General Physician,14,4.5,292
6589,Dr. Pooja Gupta,Virar,Flu,General Physician,13,3.9,708
6590,Dr. Anil Gupta,Virar,Flu,General Physician,4,4.5,870
6591,Dr. Anil Shinde,Virar,Cold,General Physician,32,4.9,599
6592,Dr. Rahul Joshi,Virar,Cold,General Physician,15,3.6,1172
6593,Dr. Rahul Shinde,Virar,Cold,General Physician,30,4.4,246
6594,Dr. Pooja Deshmukh,Virar,Cold,General Physician,5,4.7,550
6595,Dr. Amit Shinde,Virar,Cold,General Physician,16,4.2,474
6596,Dr. Rahul Sharma,Virar,Cold,General Physician,5,4.8,580
6597,Dr. Rohit Sharma,Virar,Cold,General Physician,12,4.4,542
6598,Dr. Amit Sharma,Virar,Cold,General Physician,16,4.2,1427
6599,Dr. Anil Shinde,Virar,Cold,General Physician,20,3.9,1027
6600,Dr. Amit Shinde,Virar,Cold,General Physician,32,4.7,206
6601,Dr. Neha Jadhav,Virar,COVID-19,Pulmonologist,16,3.8,688
6602,Dr. Amit Shinde,Virar,COVID-19,Pulmonologist,29,4.9,912
6603,Dr. Pooja Shinde,Virar,COVID-19,Pulmonologist,19,3.6,890
6604,Dr. Anil Jadhav,Virar,COVID-19,Pulmonologist,34,4.0,954
6605,Dr. Anil Kulkarni,Virar,COVID-19,Pulmonologist,11,4.1,1301
6606,Dr. Vikas Joshi,Virar,COVID-19,Pulmonologist,14,4.7,499
6607,Dr. Rohit Patil,Virar,COVID-19,Pulmonologist,2,5.0,443
6608,Dr. Vikas Joshi,Virar,COVID-19,Pulmonologist,1,3.9,619
6609,Dr. Neha Sharma,Virar,COVID-19,Pulmonologist,12,4.0,499
6610,Dr. Rohit Gupta,Virar,COVID-19,Pulmonologist,22,4.8,432
6611,Dr. Sneha Deshmukh,Virar,Malaria,Infectious Disease,2,3.7,1192
6612,Dr. Neha Shinde,Virar,Malaria,Infectious Disease,29,3.8,1472
6613,Dr. Amit Joshi,Virar,Malaria,Infectious Disease,9,4.3,1427
6614,Dr. Kiran Deshmukh,Virar,Malaria,Infectious Disease,13,3.6,1455
6615,Dr. Priya Sharma,Virar,Malaria,Infectious Disease,18,5.0,355
6616,Dr. Anil Shinde,Virar,Malaria,Infectious Disease,2,4.2,350
6617,Dr. Pooja Gupta,Virar,Malaria,Infectious Disease,17,5.0,1238
6618,Dr. Amit Shinde,Virar,Malaria,Infectious Disease,5,4.9,861
6619,Dr. Vikas Sharma,Virar,Malaria,Infectious Disease,9,4.4,938
6620,Dr. Kiran Deshmukh,Virar,Malaria,Infectious Disease,5,3.7,276
6621,Dr. Kiran Deshmukh,Virar,Dengue,Infectious Disease,28,4.1,656
6622,Dr. Kiran Joshi,Virar,Dengue,Infectious Disease,26,4.5,660
6623,Dr. Pooja Joshi,Virar,Dengue,Infectious Disease,32,3.9,848
6624,Dr. Amit Gupta,Virar,Dengue,Infectious Disease,10,4.3,544
6625,Dr. Kiran Jadhav,Virar,Dengue,Infectious Disease,31,4.9,396
6626,Dr. Amit Shinde,Virar,Dengue,Infectious Disease,10,4.8,207
6627,Dr. Anil Kulkarni,Virar,Dengue,Infectious Disease,7,4.8,762
6628,Dr. Pooja Gupta,Virar,Dengue,Infectious Disease,12,4.3,1486
6629,Dr. Sneha Sharma,Virar,Dengue,Infectious Disease,23,4.4,790
6630,Dr. Pooja Joshi,Virar,Dengue,Infectious Disease,18,3.9,203
6631,Dr. Neha Jadhav,Virar,Typhoid,General Physician,13,4.2,1002
6632,Dr. Rohit Kulkarni,Virar,Typhoid,General Physician,22,4.2,1216
6633,Dr. Priya Shinde,Virar,Typhoid,General Physician,21,3.9,813
6634,Dr. Amit Sharma,Virar,Typhoid,General Physician,12,3.6,1048
6635,Dr. Anil Sharma,Virar,Typhoid,General Physician,11,4.3,271
6636,Dr. Kiran Kulkarni,Virar,Typhoid,General Physician,33,4.6,1390
6637,Dr. Vikas Jadhav,Virar,Typhoid,General Physician,33,4.0,655
6638,Dr. Neha Sharma,Virar,Typhoid,General Physician,25,4.3,1442
6639,Dr. Priya Joshi,Virar,Typhoid,General Physician,2,4.4,636
6640,Dr. Kiran Gupta,Virar,Typhoid,General Physician,32,3.9,716
6641,Dr. Amit Jadhav,Virar,Asthma,Pulmonologist,31,3.6,1435
6642,Dr. Anil Deshmukh,Virar,Asthma,Pulmonologist,18,4.5,346
6643,Dr. Rohit Sharma,Virar,Asthma,Pulmonologist,1,4.4,1482
6644,Dr. Rohit Sharma,Virar,Asthma,Pulmonologist,25,3.5,1379
6645,Dr. Pooja Kulkarni,Virar,Asthma,Pulmonologist,22,4.4,589
6646,Dr. Vikas Kulkarni,Virar,Asthma,Pulmonologist,6,4.2,427
6647,Dr. Pooja Joshi,Virar,Asthma,Pulmonologist,11,4.8,879
6648,Dr. Kiran Joshi,Virar,Asthma,Pulmonologist,18,3.6,546
6649,Dr. Amit Shinde,Virar,Asthma,Pulmonologist,32,3.8,1098
6650,Dr. Amit Gupta,Virar,Asthma,Pulmonologist,34,4.2,920
6651,Dr. Anil Jadhav,Virar,Diabetes,Endocrinologist,25,4.3,1436
6652,Dr. Rohit Gupta,Virar,Diabetes,Endocrinologist,8,4.7,1068
6653,Dr. Kiran Jadhav,Virar,Diabetes,Endocrinologist,6,3.6,851
6654,Dr. Anil Shinde,Virar,Diabetes,Endocrinologist,30,3.8,872
6655,Dr. Kiran Kulkarni,Virar,Diabetes,Endocrinologist,34,3.5,1092
6656,Dr. Kiran Kulkarni,Virar,Diabetes,Endocrinologist,19,4.0,1352
6657,Dr. Neha Joshi,Virar,Diabetes,Endocrinologist,3,3.8,566
6658,Dr. Sneha Gupta,Virar,Diabetes,Endocrinologist,2,4.6,446
6659,Dr. Kiran Deshmukh,Virar,Diabetes,Endocrinologist,21,3.8,1213
6660,Dr. Pooja Sharma,Virar,Diabetes,Endocrinologist,4,4.6,457
6661,Dr. Pooja Shinde,Virar,Migraine,Neurologist,19,4.5,305
6662,Dr. Pooja Jadhav,Virar,Migraine,Neurologist,35,3.6,1325
6663,Dr. Priya Jadhav,Virar,Migraine,Neurologist,9,3.9,1144
6664,Dr. Priya Kulkarni,Virar,Migraine,Neurologist,6,4.5,1468
6665,Dr. Priya Jadhav,Virar,Migraine,Neurologist,3,4.8,788
6666,Dr. Pooja Joshi,Virar,Migraine,Neurologist,17,4.5,1240
6667,Dr. Sneha Joshi,Virar,Migraine,Neurologist,8,4.8,664
6668,Dr. Pooja Shinde,Virar,Migraine,Neurologist,22,4.9,1367
6669,Dr. Priya Gupta,Virar,Migraine,Neurologist,11,4.1,1161
6670,Dr. Rohit Gupta,Virar,Migraine,Neurologist,33,3.7,1045
6671,Dr. Priya Shinde,Virar,Food Poisoning,Gastroenterologist,29,3.9,1399
6672,Dr. Rohit Gupta,Virar,Food Poisoning,Gastroenterologist,1,4.2,823
6673,Dr. Rahul Deshmukh,Virar,Food Poisoning,Gastroenterologist,28,4.0,1072
6674,Dr. Rahul Kulkarni,Virar,Food Poisoning,Gastroenterologist,23,4.6,330
6675,Dr. Rahul Joshi,Virar,Food Poisoning,Gastroenterologist,23,4.0,732
6676,Dr. Vikas Deshmukh,Virar,Food Poisoning,Gastroenterologist,13,4.5,647
6677,Dr. Priya Patil,Virar,Food Poisoning,Gastroenterologist,26,3.7,1266
6678,Dr. Kiran Joshi,Virar,Food Poisoning,Gastroenterologist,30,4.5,522
6679,Dr. Sneha Jadhav,Virar,Food Poisoning,Gastroenterologist,4,4.0,491
6680,Dr. Rohit Patil,Virar,Food Poisoning,Gastroenterologist,9,4.6,895
6681,Dr. Neha Joshi,Virar,Jaundice,Hepatologist,23,4.3,1039
6682,Dr. Neha Shinde,Virar,Jaundice,Hepatologist,3,3.6,933
6683,Dr. Kiran Gupta,Virar,Jaundice,Hepatologist,13,4.7,1284
6684,Dr. Pooja Deshmukh,Virar,Jaundice,Hepatologist,34,4.7,708
6685,Dr. Sneha Patil,Virar,Jaundice,Hepatologist,27,3.5,1145
6686,Dr. Pooja Joshi,Virar,Jaundice,Hepatologist,35,4.0,1315
6687,Dr. Kiran Shinde,Virar,Jaundice,Hepatologist,17,4.7,1178
6688,Dr. Rahul Joshi,Virar,Jaundice,Hepatologist,30,3.8,1192
6689,Dr. Amit Patil,Virar,Jaundice,Hepatologist,35,4.7,480
6690,Dr. Kiran Kulkarni,Virar,Jaundice,Hepatologist,15,3.9,1227
6691,Dr. Anil Gupta,Virar,Chickenpox,Dermatologist,12,4.2,1036
6692,Dr. Neha Jadhav,Virar,Chickenpox,Dermatologist,3,4.0,296
6693,Dr. Amit Gupta,Virar,Chickenpox,Dermatologist,16,4.3,460
6694,Dr. Rahul Deshmukh,Virar,Chickenpox,Dermatologist,13,4.6,1214
6695,Dr. Kiran Joshi,Virar,Chickenpox,Dermatologist,20,4.4,1012
6696,Dr. Pooja Kulkarni,Virar,Chickenpox,Dermatologist,18,4.1,532
6697,Dr. Kiran Joshi,Virar,Chickenpox,Dermatologist,27,3.8,714
6698,Dr. Rohit Joshi,Virar,Chickenpox,Dermatologist,21,4.2,840
6699,Dr. Neha Jadhav,Virar,Chickenpox,Dermatologist,14,3.8,869
6700,Dr. Priya Sharma,Virar,Chickenpox,Dermatologist,35,3.5,370
6701,Dr. Kiran Gupta,Virar,Measles,Pediatrician,25,3.8,849
6702,Dr. Rohit Kulkarni,Virar,Measles,Pediatrician,9,4.5,700
6703,Dr. Priya Shinde,Virar,Measles,Pediatrician,30,4.3,1209
6704,Dr. Pooja Joshi,Virar,Measles,Pediatrician,20,4.4,735
6705,Dr. Vikas Gupta,Virar,Measles,Pediatrician,8,4.3,633
6706,Dr. Rohit Shinde,Virar,Measles,Pediatrician,12,3.6,1227
6707,Dr. Rohit Shinde,Virar,Measles,Pediatrician,12,3.6,1009
6708,Dr. Sneha Jadhav,Virar,Measles,Pediatrician,6,3.6,1119
6709,Dr. Amit Shinde,Virar,Measles,Pediatrician,12,4.1,1190
6710,Dr. Anil Patil,Virar,Measles,Pediatrician,27,4.8,1369
6711,Dr. Rahul Kulkarni,Virar,Arthritis,Orthopedic,3,3.8,1414
6712,Dr. Priya Kulkarni,Virar,Arthritis,Orthopedic,26,4.7,1224
6713,Dr. Anil Kulkarni,Virar,Arthritis,Orthopedic,24,4.9,390
6714,Dr. Amit Joshi,Virar,Arthritis,Orthopedic,12,4.5,1071
6715,Dr. Priya Jadhav,Virar,Arthritis,Orthopedic,7,4.7,1282
6716,Dr. Amit Gupta,Virar,Arthritis,Orthopedic,6,4.9,1243
6717,Dr. Vikas Deshmukh,Virar,Arthritis,Orthopedic,15,3.9,936
6718,Dr. Kiran Jadhav,Virar,Arthritis,Orthopedic,25,4.2,346
6719,Dr. Pooja Sharma,Virar,Arthritis,Orthopedic,16,3.9,381
6720,Dr. Vikas Sharma,Virar,Arthritis,Orthopedic,1,3.8,864
6721,Dr. Pooja Shinde,Mira Road,Flu,General Physician,34,4.6,341
6722,Dr. Anil Gupta,Mira Road,Flu,General Physician,21,3.5,839
6723,Dr. Rohit Kulkarni,Mira Road,Flu,General Physician,35,4.4,1042
6724,Dr. Kiran Patil,Mira Road,Flu,General Physician,30,4.4,273
6725,Dr. Neha Gupta,Mira Road,Flu,General Physician,31,4.8,313
6726,Dr. Neha Jadhav,Mira Road,Flu,General Physician,27,4.1,725
6727,Dr. Amit Gupta,Mira Road,Flu,General Physician,1,3.6,330
6728,Dr. Neha Deshmukh,Mira Road,Flu,General Physician,5,4.0,357
6729,Dr. Priya Patil,Mira Road,Flu,General Physician,3,3.9,243
6730,Dr. Rohit Deshmukh,Mira Road,Flu,General Physician,25,3.8,315
6731,Dr. Priya Kulkarni,Mira Road,Cold,General Physician,29,3.5,528
6732,Dr. Vikas Shinde,Mira Road,Cold,General Physician,27,4.3,580
6733,Dr. Amit Joshi,Mira Road,Cold,General Physician,29,4.4,952
6734,Dr. Sneha Patil,Mira Road,Cold,General Physician,23,3.6,320
6735,Dr. Amit Gupta,Mira Road,Cold,General Physician,7,4.7,1258
6736,Dr. Amit Joshi,Mira Road,Cold,General Physician,12,3.6,516
6737,Dr. Rohit Kulkarni,Mira Road,Cold,General Physician,21,3.8,1483
6738,Dr. Pooja Gupta,Mira Road,Cold,General Physician,30,4.3,1287
6739,Dr. Priya Gupta,Mira Road,Cold,General Physician,18,4.7,1068
6740,Dr. Priya Joshi,Mira Road,Cold,General Physician,9,4.9,1180
6741,Dr. Sneha Jadhav,Mira Road,COVID-19,Pulmonologist,27,4.8,525
6742,Dr. Vikas Jadhav,Mira Road,COVID-19,Pulmonologist,1,4.2,774
6743,Dr. Rahul Shinde,Mira Road,COVID-19,Pulmonologist,18,3.8,712
6744,Dr. Kiran Shinde,Mira Road,COVID-19,Pulmonologist,18,4.2,1365
6745,Dr. Rohit Gupta,Mira Road,COVID-19,Pulmonologist,17,3.9,1234
6746,Dr. Kiran Gupta,Mira Road,COVID-19,Pulmonologist,2,4.2,619
6747,Dr. Sneha Sharma,Mira Road,COVID-19,Pulmonologist,28,4.0,835
6748,Dr. Priya Patil,Mira Road,COVID-19,Pulmonologist,13,4.2,947
6749,Dr. Amit Patil,Mira Road,COVID-19,Pulmonologist,22,5.0,897
6750,Dr. Rohit Joshi,Mira Road,COVID-19,Pulmonologist,18,4.3,961
6751,Dr. Anil Gupta,Mira Road,Malaria,Infectious Disease,35,4.3,465
6752,Dr. Anil Joshi,Mira Road,Malaria,Infectious Disease,9,3.6,599
6753,Dr. Neha Jadhav,Mira Road,Malaria,Infectious Disease,9,4.2,1482
6754,Dr. Rahul Patil,Mira Road,Malaria,Infectious Disease,7,3.9,663
6755,Dr. Vikas Sharma,Mira Road,Malaria,Infectious Disease,34,5.0,217
6756,Dr. Anil Gupta,Mira Road,Malaria,Infectious Disease,15,4.2,1149
6757,Dr. Priya Deshmukh,Mira Road,Malaria,Infectious Disease,24,3.7,1002
6758,Dr. Priya Gupta,Mira Road,Malaria,Infectious Disease,12,4.7,1477
6759,Dr. Vikas Shinde,Mira Road,Malaria,Infectious Disease,11,4.3,764
6760,Dr. Amit Patil,Mira Road,Malaria,Infectious Disease,12,4.6,1225
6761,Dr. Pooja Gupta,Mira Road,Dengue,Infectious Disease,2,3.5,720
6762,Dr. Anil Patil,Mira Road,Dengue,Infectious Disease,1,4.8,771
6763,Dr. Priya Sharma,Mira Road,Dengue,Infectious Disease,18,3.6,1270
6764,Dr. Kiran Shinde,Mira Road,Dengue,Infectious Disease,14,3.8,1203
6765,Dr. Neha Shinde,Mira Road,Dengue,Infectious Disease,23,4.1,518
6766,Dr. Rahul Joshi,Mira Road,Dengue,Infectious Disease,1,4.2,1150
6767,Dr. Pooja Kulkarni,Mira Road,Dengue,Infectious Disease,13,4.7,863
6768,Dr. Pooja Deshmukh,Mira Road,Dengue,Infectious Disease,24,4.5,831
6769,Dr. Rohit Joshi,Mira Road,Dengue,Infectious Disease,5,3.7,573
6770,Dr. Anil Patil,Mira Road,Dengue,Infectious Disease,32,4.8,1229
6771,Dr. Neha Patil,Mira Road,Typhoid,General Physician,8,3.6,1275
6772,Dr. Priya Sharma,Mira Road,Typhoid,General Physician,20,4.2,590
6773,Dr. Rahul Shinde,Mira Road,Typhoid,General Physician,2,4.9,315
6774,Dr. Rohit Shinde,Mira Road,Typhoid,General Physician,5,4.7,240
6775,Dr. Pooja Shinde,Mira Road,Typhoid,General Physician,21,3.5,1414
6776,Dr. Amit Joshi,Mira Road,Typhoid,General Physician,17,4.2,1068
6777,Dr. Neha Shinde,Mira Road,Typhoid,General Physician,32,4.3,339
6778,Dr. Neha Gupta,Mira Road,Typhoid,General Physician,14,4.5,298
6779,Dr. Rohit Shinde,Mira Road,Typhoid,General Physician,6,5.0,1299
6780,Dr. Rohit Jadhav,Mira Road,Typhoid,General Physician,21,4.7,249
6781,Dr. Sneha Gupta,Mira Road,Asthma,Pulmonologist,22,3.7,748
6782,Dr. Vikas Patil,Mira Road,Asthma,Pulmonologist,4,3.9,967
6783,Dr. Rahul Deshmukh,Mira Road,Asthma,Pulmonologist,33,4.0,878
6784,Dr. Priya Joshi,Mira Road,Asthma,Pulmonologist,33,4.4,1450
6785,Dr. Kiran Deshmukh,Mira Road,Asthma,Pulmonologist,23,3.6,390
6786,Dr. Priya Kulkarni,Mira Road,Asthma,Pulmonologist,8,4.8,1166
6787,Dr. Amit Kulkarni,Mira Road,Asthma,Pulmonologist,22,4.2,346
6788,Dr. Pooja Patil,Mira Road,Asthma,Pulmonologist,5,5.0,583
6789,Dr. Vikas Kulkarni,Mira Road,Asthma,Pulmonologist,22,4.2,1344
6790,Dr. Priya Gupta,Mira Road,Asthma,Pulmonologist,15,3.5,1298
6791,Dr. Pooja Kulkarni,Mira Road,Diabetes,Endocrinologist,20,3.6,473
6792,Dr. Amit Jadhav,Mira Road,Diabetes,Endocrinologist,7,4.0,340
6793,Dr. Vikas Deshmukh,Mira Road,Diabetes,Endocrinologist,12,3.7,1041
6794,Dr. Neha Sharma,Mira Road,Diabetes,Endocrinologist,3,3.6,652
6795,Dr. Kiran Gupta,Mira Road,Diabetes,Endocrinologist,3,4.1,422
6796,Dr. Anil Deshmukh,Mira Road,Diabetes,Endocrinologist,6,4.2,210
6797,Dr. Priya Joshi,Mira Road,Diabetes,Endocrinologist,1,4.9,1016
6798,Dr. Anil Gupta,Mira Road,Diabetes,Endocrinologist,16,4.8,936
6799,Dr. Rohit Deshmukh,Mira Road,Diabetes,Endocrinologist,17,3.9,469
6800,Dr. Vikas Joshi,Mira Road,Diabetes,Endocrinologist,12,4.8,326
6801,Dr. Rahul Sharma,Mira Road,Migraine,Neurologist,2,4.9,1424
6802,Dr. Kiran Jadhav,Mira Road,Migraine,Neurologist,25,4.0,226
6803,Dr. Anil Jadhav,Mira Road,Migraine,Neurologist,10,4.5,1200
6804,Dr. Anil Jadhav,Mira Road,Migraine,Neurologist,31,4.6,207
6805,Dr. Kiran Jadhav,Mira Road,Migraine,Neurologist,27,4.0,790
6806,Dr. Priya Patil,Mira Road,Migraine,Neurologist,1,4.0,1124
6807,Dr. Kiran Jadhav,Mira Road,Migraine,Neurologist,32,3.6,720
6808,Dr. Vikas Deshmukh,Mira Road,Migraine,Neurologist,11,3.9,403
6809,Dr. Kiran Joshi,Mira Road,Migraine,Neurologist,21,4.9,865
6810,Dr. Priya Gupta,Mira Road,Migraine,Neurologist,27,4.4,1477
6811,Dr. Kiran Deshmukh,Mira Road,Food Poisoning,Gastroenterologist,24,4.7,1453
6812,Dr. Neha Kulkarni,Mira Road,Food Poisoning,Gastroenterologist,28,3.8,1050
6813,Dr. Kiran Shinde,Mira Road,Food Poisoning,Gastroenterologist,24,4.4,750
6814,Dr. Pooja Kulkarni,Mira Road,Food Poisoning,Gastroenterologist,6,4.2,1476
6815,Dr. Priya Jadhav,Mira Road,Food Poisoning,Gastroenterologist,15,4.9,1363
6816,Dr. Sneha Jadhav,Mira Road,Food Poisoning,Gastroenterologist,25,4.8,673
6817,Dr. Vikas Sharma,Mira Road,Food Poisoning,Gastroenterologist,5,4.4,1441
6818,Dr. Neha Sharma,Mira Road,Food Poisoning,Gastroenterologist,25,4.7,613
6819,Dr. Anil Joshi,Mira Road,Food Poisoning,Gastroenterologist,10,4.0,228
6820,Dr. Amit Gupta,Mira Road,Food Poisoning,Gastroenterologist,21,4.4,367
6821,Dr. Vikas Deshmukh,Mira Road,Jaundice,Hepatologist,11,4.1,451
6822,Dr. Amit Shinde,Mira Road,Jaundice,Hepatologist,20,5.0,406
6823,Dr. Vikas Kulkarni,Mira Road,Jaundice,Hepatologist,5,3.6,1094
6824,Dr. Rohit Jadhav,Mira Road,Jaundice,Hepatologist,17,4.0,331
6825,Dr. Priya Deshmukh,Mira Road,Jaundice,Hepatologist,12,3.9,1190
6826,Dr. Pooja Shinde,Mira Road,Jaundice,Hepatologist,20,4.3,1002
6827,Dr. Kiran Deshmukh,Mira Road,Jaundice,Hepatologist,9,4.1,1048
6828,Dr. Kiran Jadhav,Mira Road,Jaundice,Hepatologist,4,3.6,596
6829,Dr. Anil Patil,Mira Road,Jaundice,Hepatologist,20,3.7,992
6830,Dr. Sneha Patil,Mira Road,Jaundice,Hepatologist,19,4.1,1348
6831,Dr. Priya Joshi,Mira Road,Chickenpox,Dermatologist,17,3.8,934
6832,Dr. Priya Patil,Mira Road,Chickenpox,Dermatologist,30,4.9,757
6833,Dr. Sneha Shinde,Mira Road,Chickenpox,Dermatologist,23,4.0,371
6834,Dr. Sneha Shinde,Mira Road,Chickenpox,Dermatologist,3,4.5,1385
6835,Dr. Vikas Kulkarni,Mira Road,Chickenpox,Dermatologist,12,4.7,1132
6836,Dr. Kiran Shinde,Mira Road,Chickenpox,Dermatologist,28,3.5,358
6837,Dr. Amit Patil,Mira Road,Chickenpox,Dermatologist,29,4.9,646
6838,Dr. Neha Shinde,Mira Road,Chickenpox,Dermatologist,28,4.8,618
6839,Dr. Priya Kulkarni,Mira Road,Chickenpox,Dermatologist,8,3.5,874
6840,Dr. Sneha Sharma,Mira Road,Chickenpox,Dermatologist,35,4.3,770
6841,Dr. Kiran Sharma,Mira Road,Measles,Pediatrician,16,3.9,1265
6842,Dr. Neha Deshmukh,Mira Road,Measles,Pediatrician,8,3.5,1130
6843,Dr. Anil Shinde,Mira Road,Measles,Pediatrician,22,3.5,622
6844,Dr. Sneha Kulkarni,Mira Road,Measles,Pediatrician,15,4.7,929
6845,Dr. Rahul Kulkarni,Mira Road,Measles,Pediatrician,27,3.8,1044
6846,Dr. Kiran Shinde,Mira Road,Measles,Pediatrician,33,4.9,1495
6847,Dr. Priya Kulkarni,Mira Road,Measles,Pediatrician,18,4.8,470
6848,Dr. Sneha Jadhav,Mira Road,Measles,Pediatrician,34,4.6,293
6849,Dr. Vikas Shinde,Mira Road,Measles,Pediatrician,24,4.5,666
6850,Dr. Neha Patil,Mira Road,Measles,Pediatrician,18,4.6,1286
6851,Dr. Anil Joshi,Mira Road,Arthritis,Orthopedic,28,4.3,950
6852,Dr. Rahul Jadhav,Mira Road,Arthritis,Orthopedic,27,4.8,856
6853,Dr. Neha Joshi,Mira Road,Arthritis,Orthopedic,12,3.5,1036
6854,Dr. Amit Sharma,Mira Road,Arthritis,Orthopedic,29,3.8,235
6855,Dr. Amit Sharma,Mira Road,Arthritis,Orthopedic,27,4.4,490
6856,Dr. Rahul Shinde,Mira Road,Arthritis,Orthopedic,9,3.6,517
6857,Dr. Anil Kulkarni,Mira Road,Arthritis,Orthopedic,24,4.3,849
6858,Dr. Priya Sharma,Mira Road,Arthritis,Orthopedic,34,4.8,590
6859,Dr. Vikas Deshmukh,Mira Road,Arthritis,Orthopedic,7,4.3,1330
6860,Dr. Anil Sharma,Mira Road,Arthritis,Orthopedic,8,3.5,400
6861,Dr. Vikas Kulkarni,Chiplun,Flu,General Physician,11,3.6,1368
6862,Dr. Kiran Jadhav,Chiplun,Flu,General Physician,27,4.3,1153
6863,Dr. Anil Shinde,Chiplun,Flu,General Physician,22,5.0,708
6864,Dr. Anil Joshi,Chiplun,Flu,General Physician,24,3.6,255
6865,Dr. Amit Patil,Chiplun,Flu,General Physician,26,3.6,930
6866,Dr. Priya Deshmukh,Chiplun,Flu,General Physician,16,3.8,809
6867,Dr. Pooja Sharma,Chiplun,Flu,General Physician,2,3.8,984
6868,Dr. Pooja Gupta,Chiplun,Flu,General Physician,24,4.7,215
6869,Dr. Anil Gupta,Chiplun,Flu,General Physician,13,4.4,803
6870,Dr. Sneha Sharma,Chiplun,Flu,General Physician,15,3.9,741
6871,Dr. Kiran Gupta,Chiplun,Cold,General Physician,11,4.3,1023
6872,Dr. Vikas Jadhav,Chiplun,Cold,General Physician,24,4.3,575
6873,Dr. Kiran Joshi,Chiplun,Cold,General Physician,33,3.9,712
6874,Dr. Kiran Deshmukh,Chiplun,Cold,General Physician,13,3.9,922
6875,Dr. Pooja Jadhav,Chiplun,Cold,General Physician,5,4.4,1119
6876,Dr. Rohit Shinde,Chiplun,Cold,General Physician,32,4.2,756
6877,Dr. Rohit Shinde,Chiplun,Cold,General Physician,32,4.8,1080
6878,Dr. Rohit Kulkarni,Chiplun,Cold,General Physician,24,3.9,674
6879,Dr. Priya Shinde,Chiplun,Cold,General Physician,31,3.9,431
6880,Dr. Priya Deshmukh,Chiplun,Cold,General Physician,21,4.0,1319
6881,Dr. Pooja Shinde,Chiplun,COVID-19,Pulmonologist,16,4.6,1314
6882,Dr. Kiran Shinde,Chiplun,COVID-19,Pulmonologist,9,4.7,279
6883,Dr. Amit Joshi,Chiplun,COVID-19,Pulmonologist,1,3.7,926
6884,Dr. Anil Gupta,Chiplun,COVID-19,Pulmonologist,27,3.5,677
6885,Dr. Vikas Deshmukh,Chiplun,COVID-19,Pulmonologist,28,4.2,1415
6886,Dr. Neha Gupta,Chiplun,COVID-19,Pulmonologist,29,4.5,522
6887,Dr. Sneha Shinde,Chiplun,COVID-19,Pulmonologist,32,4.2,826
6888,Dr. Pooja Jadhav,Chiplun,COVID-19,Pulmonologist,28,3.8,858
6889,Dr. Amit Joshi,Chiplun,COVID-19,Pulmonologist,7,4.5,518
6890,Dr. Kiran Sharma,Chiplun,COVID-19,Pulmonologist,29,4.4,477
6891,Dr. Anil Deshmukh,Chiplun,Malaria,Infectious Disease,5,3.9,594
6892,Dr. Pooja Sharma,Chiplun,Malaria,Infectious Disease,29,3.8,369
6893,Dr. Amit Sharma,Chiplun,Malaria,Infectious Disease,23,4.4,798
6894,Dr. Priya Kulkarni,Chiplun,Malaria,Infectious Disease,13,4.2,1041
6895,Dr. Priya Kulkarni,Chiplun,Malaria,Infectious Disease,19,3.6,648
6896,Dr. Priya Deshmukh,Chiplun,Malaria,Infectious Disease,24,4.0,1217
6897,Dr. Rahul Jadhav,Chiplun,Malaria,Infectious Disease,25,3.5,1075
6898,Dr. Rohit Patil,Chiplun,Malaria,Infectious Disease,17,4.3,404
6899,Dr. Neha Gupta,Chiplun,Malaria,Infectious Disease,8,4.0,1039
6900,Dr. Rahul Shinde,Chiplun,Malaria,Infectious Disease,20,3.7,273
6901,Dr. Rahul Sharma,Chiplun,Dengue,Infectious Disease,16,4.0,517
6902,Dr. Neha Gupta,Chiplun,Dengue,Infectious Disease,26,4.1,1061
6903,Dr. Rohit Patil,Chiplun,Dengue,Infectious Disease,17,3.7,1414
6904,Dr. Vikas Jadhav,Chiplun,Dengue,Infectious Disease,5,4.8,1142
6905,Dr. Rohit Shinde,Chiplun,Dengue,Infectious Disease,5,3.9,976
6906,Dr. Anil Jadhav,Chiplun,Dengue,Infectious Disease,32,4.8,309
6907,Dr. Kiran Shinde,Chiplun,Dengue,Infectious Disease,20,4.4,516
6908,Dr. Neha Joshi,Chiplun,Dengue,Infectious Disease,15,5.0,1303
6909,Dr. Vikas Kulkarni,Chiplun,Dengue,Infectious Disease,17,3.7,1244
6910,Dr. Sneha Joshi,Chiplun,Dengue,Infectious Disease,23,4.2,444
6911,Dr. Anil Sharma,Chiplun,Typhoid,General Physician,26,4.3,383
6912,Dr. Kiran Shinde,Chiplun,Typhoid,General Physician,20,4.0,1427
6913,Dr. Priya Sharma,Chiplun,Typhoid,General Physician,26,4.4,728
6914,Dr. Rohit Gupta,Chiplun,Typhoid,General Physician,2,4.6,1272
6915,Dr. Kiran Deshmukh,Chiplun,Typhoid,General Physician,27,4.0,286
6916,Dr. Priya Joshi,Chiplun,Typhoid,General Physician,23,4.4,699
6917,Dr. Amit Deshmukh,Chiplun,Typhoid,General Physician,24,3.5,987
6918,Dr. Rohit Gupta,Chiplun,Typhoid,General Physician,31,4.8,756
6919,Dr. Sneha Deshmukh,Chiplun,Typhoid,General Physician,6,4.7,703
6920,Dr. Vikas Sharma,Chiplun,Typhoid,General Physician,34,3.8,488
6921,Dr. Vikas Shinde,Chiplun,Asthma,Pulmonologist,25,4.5,1303
6922,Dr. Priya Gupta,Chiplun,Asthma,Pulmonologist,34,4.2,855
6923,Dr. Vikas Jadhav,Chiplun,Asthma,Pulmonologist,13,3.7,1247
6924,Dr. Kiran Sharma,Chiplun,Asthma,Pulmonologist,14,4.6,306
6925,Dr. Neha Jadhav,Chiplun,Asthma,Pulmonologist,25,3.9,627
6926,Dr. Priya Sharma,Chiplun,Asthma,Pulmonologist,21,3.6,370
6927,Dr. Priya Deshmukh,Chiplun,Asthma,Pulmonologist,24,3.6,454
6928,Dr. Rohit Joshi,Chiplun,Asthma,Pulmonologist,14,4.0,1159
6929,Dr. Anil Shinde,Chiplun,Asthma,Pulmonologist,7,4.2,1040
6930,Dr. Rohit Jadhav,Chiplun,Asthma,Pulmonologist,15,3.7,1386
6931,Dr. Sneha Kulkarni,Chiplun,Diabetes,Endocrinologist,27,4.7,220
6932,Dr. Sneha Joshi,Chiplun,Diabetes,Endocrinologist,20,3.5,1453
6933,Dr. Amit Shinde,Chiplun,Diabetes,Endocrinologist,21,3.5,581
6934,Dr. Vikas Kulkarni,Chiplun,Diabetes,Endocrinologist,11,3.9,1435
6935,Dr. Vikas Kulkarni,Chiplun,Diabetes,Endocrinologist,13,4.5,884
6936,Dr. Rohit Gupta,Chiplun,Diabetes,Endocrinologist,17,4.3,687
6937,Dr. Rahul Sharma,Chiplun,Diabetes,Endocrinologist,13,4.8,763
6938,Dr. Sneha Patil,Chiplun,Diabetes,Endocrinologist,18,3.7,226
6939,Dr. Rohit Jadhav,Chiplun,Diabetes,Endocrinologist,15,4.5,1297
6940,Dr. Pooja Deshmukh,Chiplun,Diabetes,Endocrinologist,3,4.3,1301
6941,Dr. Vikas Jadhav,Chiplun,Migraine,Neurologist,13,3.6,777
6942,Dr. Rohit Deshmukh,Chiplun,Migraine,Neurologist,23,4.6,1068
6943,Dr. Rahul Kulkarni,Chiplun,Migraine,Neurologist,17,3.9,1093
6944,Dr. Pooja Deshmukh,Chiplun,Migraine,Neurologist,29,4.7,667
6945,Dr. Neha Patil,Chiplun,Migraine,Neurologist,33,4.9,522
6946,Dr. Priya Joshi,Chiplun,Migraine,Neurologist,27,3.8,842
6947,Dr. Sneha Deshmukh,Chiplun,Migraine,Neurologist,35,3.9,566
6948,Dr. Vikas Joshi,Chiplun,Migraine,Neurologist,5,4.6,490
6949,Dr. Rahul Deshmukh,Chiplun,Migraine,Neurologist,31,3.6,1197
6950,Dr. Sneha Sharma,Chiplun,Migraine,Neurologist,35,4.6,861
6951,Dr. Rahul Kulkarni,Chiplun,Food Poisoning,Gastroenterologist,18,4.0,1028
6952,Dr. Neha Deshmukh,Chiplun,Food Poisoning,Gastroenterologist,3,3.8,1031
6953,Dr. Amit Deshmukh,Chiplun,Food Poisoning,Gastroenterologist,26,3.6,1193
6954,Dr. Rohit Deshmukh,Chiplun,Food Poisoning,Gastroenterologist,23,4.5,466
6955,Dr. Amit Kulkarni,Chiplun,Food Poisoning,Gastroenterologist,4,4.2,1056
6956,Dr. Sneha Deshmukh,Chiplun,Food Poisoning,Gastroenterologist,2,3.6,456
6957,Dr. Sneha Kulkarni,Chiplun,Food Poisoning,Gastroenterologist,22,4.7,523
6958,Dr. Amit Shinde,Chiplun,Food Poisoning,Gastroenterologist,29,4.6,1378
6959,Dr. Vikas Sharma,Chiplun,Food Poisoning,Gastroenterologist,27,4.1,1039
6960,Dr. Rohit Deshmukh,Chiplun,Food Poisoning,Gastroenterologist,30,3.6,684
6961,Dr. Anil Gupta,Chiplun,Jaundice,Hepatologist,13,3.7,424
6962,Dr. Anil Kulkarni,Chiplun,Jaundice,Hepatologist,8,4.1,865
6963,Dr. Neha Deshmukh,Chiplun,Jaundice,Hepatologist,3,4.1,206
6964,Dr. Amit Kulkarni,Chiplun,Jaundice,Hepatologist,32,3.6,478
6965,Dr. Pooja Joshi,Chiplun,Jaundice,Hepatologist,29,4.8,288
6966,Dr. Kiran Joshi,Chiplun,Jaundice,Hepatologist,31,4.4,618
6967,Dr. Rohit Gupta,Chiplun,Jaundice,Hepatologist,34,3.9,1071
6968,Dr. Kiran Shinde,Chiplun,Jaundice,Hepatologist,12,3.7,929
6969,Dr. Amit Deshmukh,Chiplun,Jaundice,Hepatologist,20,3.8,574
6970,Dr. Anil Joshi,Chiplun,Jaundice,Hepatologist,5,4.6,550
6971,Dr. Rohit Gupta,Chiplun,Chickenpox,Dermatologist,19,4.5,559
6972,Dr. Vikas Jadhav,Chiplun,Chickenpox,Dermatologist,2,4.0,1354
6973,Dr. Amit Shinde,Chiplun,Chickenpox,Dermatologist,33,4.2,746
6974,Dr. Anil Sharma,Chiplun,Chickenpox,Dermatologist,23,4.3,217
6975,Dr. Rohit Joshi,Chiplun,Chickenpox,Dermatologist,2,4.4,277
6976,Dr. Pooja Kulkarni,Chiplun,Chickenpox,Dermatologist,21,4.9,1131
6977,Dr. Rahul Deshmukh,Chiplun,Chickenpox,Dermatologist,32,4.8,702
6978,Dr. Pooja Patil,Chiplun,Chickenpox,Dermatologist,5,3.8,1202
6979,Dr. Pooja Patil,Chiplun,Chickenpox,Dermatologist,3,4.5,1317
6980,Dr. Kiran Joshi,Chiplun,Chickenpox,Dermatologist,35,3.8,865
6981,Dr. Kiran Joshi,Chiplun,Measles,Pediatrician,34,4.4,236
6982,Dr. Rohit Kulkarni,Chiplun,Measles,Pediatrician,4,4.2,768
6983,Dr. Pooja Joshi,Chiplun,Measles,Pediatrician,5,4.6,1074
6984,Dr. Rahul Patil,Chiplun,Measles,Pediatrician,35,4.6,1031
6985,Dr. Neha Patil,Chiplun,Measles,Pediatrician,4,4.7,1160
6986,Dr. Rohit Joshi,Chiplun,Measles,Pediatrician,19,4.0,746
6987,Dr. Rahul Patil,Chiplun,Measles,Pediatrician,29,3.8,1416
6988,Dr. Neha Patil,Chiplun,Measles,Pediatrician,9,4.1,1110
6989,Dr. Kiran Shinde,Chiplun,Measles,Pediatrician,1,3.8,480
6990,Dr. Sneha Gupta,Chiplun,Measles,Pediatrician,3,4.2,950
6991,Dr. Kiran Gupta,Chiplun,Arthritis,Orthopedic,17,3.8,522
6992,Dr. Anil Kulkarni,Chiplun,Arthritis,Orthopedic,35,4.7,1440
6993,Dr. Amit Jadhav,Chiplun,Arthritis,Orthopedic,20,4.6,794
6994,Dr. Rahul Gupta,Chiplun,Arthritis,Orthopedic,16,3.7,987
6995,Dr. Anil Joshi,Chiplun,Arthritis,Orthopedic,27,4.2,578
6996,Dr. Vikas Patil,Chiplun,Arthritis,Orthopedic,27,4.4,1487
6997,Dr. Pooja Joshi,Chiplun,Arthritis,Orthopedic,31,4.2,1241
6998,Dr. Anil Deshmukh,Chiplun,Arthritis,Orthopedic,28,4.7,931
6999,Dr. Rohit Sharma,Chiplun,Arthritis,Orthopedic,4,4.4,527
7000,Dr. Priya Patil,Chiplun,Arthritis,Orthopedic,19,4.5,1162
7001,Dr. Kiran Patil,Kopargaon,Flu,General Physician,34,4.6,836
7002,Dr. Amit Patil,Kopargaon,Flu,General Physician,9,4.1,217
7003,Dr. Anil Deshmukh,Kopargaon,Flu,General Physician,25,4.0,840
7004,Dr. Vikas Deshmukh,Kopargaon,Flu,General Physician,21,4.6,481
7005,Dr. Kiran Kulkarni,Kopargaon,Flu,General Physician,25,4.4,924
7006,Dr. Vikas Joshi,Kopargaon,Flu,General Physician,30,4.9,1361
7007,Dr. Rohit Gupta,Kopargaon,Flu,General Physician,30,4.9,731
7008,Dr. Neha Joshi,Kopargaon,Flu,General Physician,34,4.4,753
7009,Dr. Anil Deshmukh,Kopargaon,Flu,General Physician,21,3.9,639
7010,Dr. Neha Patil,Kopargaon,Flu,General Physician,35,4.6,539
7011,Dr. Priya Gupta,Kopargaon,Cold,General Physician,4,4.3,737
7012,Dr. Kiran Shinde,Kopargaon,Cold,General Physician,8,4.5,938
7013,Dr. Neha Gupta,Kopargaon,Cold,General Physician,7,3.6,785
7014,Dr. Neha Shinde,Kopargaon,Cold,General Physician,17,4.6,329
7015,Dr. Anil Gupta,Kopargaon,Cold,General Physician,21,4.1,660
7016,Dr. Kiran Deshmukh,Kopargaon,Cold,General Physician,22,4.4,1282
7017,Dr. Anil Gupta,Kopargaon,Cold,General Physician,11,4.4,823
7018,Dr. Sneha Gupta,Kopargaon,Cold,General Physician,32,3.7,269
7019,Dr. Kiran Joshi,Kopargaon,Cold,General Physician,33,3.6,579
7020,Dr. Rohit Sharma,Kopargaon,Cold,General Physician,7,4.5,1188
7021,Dr. Rohit Joshi,Kopargaon,COVID-19,Pulmonologist,17,4.2,325
7022,Dr. Kiran Deshmukh,Kopargaon,COVID-19,Pulmonologist,24,4.7,1448
7023,Dr. Priya Gupta,Kopargaon,COVID-19,Pulmonologist,13,4.7,709
7024,Dr. Anil Joshi,Kopargaon,COVID-19,Pulmonologist,28,4.1,1223
7025,Dr. Kiran Sharma,Kopargaon,COVID-19,Pulmonologist,14,3.7,360
7026,Dr. Rahul Jadhav,Kopargaon,COVID-19,Pulmonologist,15,3.5,1487
7027,Dr. Sneha Jadhav,Kopargaon,COVID-19,Pulmonologist,32,4.6,1322
7028,Dr. Rahul Deshmukh,Kopargaon,COVID-19,Pulmonologist,33,4.2,762
7029,Dr. Kiran Jadhav,Kopargaon,COVID-19,Pulmonologist,12,4.2,1035
7030,Dr. Rohit Sharma,Kopargaon,COVID-19,Pulmonologist,8,4.9,1008
7031,Dr. Priya Shinde,Kopargaon,Malaria,Infectious Disease,24,3.9,996
7032,Dr. Pooja Shinde,Kopargaon,Malaria,Infectious Disease,32,4.1,1321
7033,Dr. Pooja Kulkarni,Kopargaon,Malaria,Infectious Disease,24,3.9,267
7034,Dr. Neha Patil,Kopargaon,Malaria,Infectious Disease,2,4.3,723
7035,Dr. Pooja Sharma,Kopargaon,Malaria,Infectious Disease,19,3.5,703
7036,Dr. Kiran Gupta,Kopargaon,Malaria,Infectious Disease,17,4.6,424
7037,Dr. Sneha Shinde,Kopargaon,Malaria,Infectious Disease,12,4.1,1095
7038,Dr. Priya Sharma,Kopargaon,Malaria,Infectious Disease,6,4.8,201
7039,Dr. Priya Gupta,Kopargaon,Malaria,Infectious Disease,33,4.0,1098
7040,Dr. Priya Joshi,Kopargaon,Malaria,Infectious Disease,30,3.8,351
7041,Dr. Priya Sharma,Kopargaon,Dengue,Infectious Disease,16,4.9,685
7042,Dr. Kiran Sharma,Kopargaon,Dengue,Infectious Disease,8,3.5,1410
7043,Dr. Priya Gupta,Kopargaon,Dengue,Infectious Disease,26,4.1,1340
7044,Dr. Rahul Deshmukh,Kopargaon,Dengue,Infectious Disease,16,4.1,331
7045,Dr. Anil Joshi,Kopargaon,Dengue,Infectious Disease,20,4.6,1150
7046,Dr. Pooja Kulkarni,Kopargaon,Dengue,Infectious Disease,28,3.5,285
7047,Dr. Pooja Patil,Kopargaon,Dengue,Infectious Disease,29,3.9,954
7048,Dr. Kiran Jadhav,Kopargaon,Dengue,Infectious Disease,28,5.0,421
7049,Dr. Priya Jadhav,Kopargaon,Dengue,Infectious Disease,21,4.2,1344
7050,Dr. Amit Gupta,Kopargaon,Dengue,Infectious Disease,19,4.7,1247
7051,Dr. Sneha Patil,Kopargaon,Typhoid,General Physician,1,4.0,730
7052,Dr. Pooja Gupta,Kopargaon,Typhoid,General Physician,35,4.6,904
7053,Dr. Anil Joshi,Kopargaon,Typhoid,General Physician,6,3.7,1022
7054,Dr. Priya Shinde,Kopargaon,Typhoid,General Physician,28,4.4,311
7055,Dr. Rohit Jadhav,Kopargaon,Typhoid,General Physician,33,4.5,926
7056,Dr. Rahul Jadhav,Kopargaon,Typhoid,General Physician,5,3.8,979
7057,Dr. Sneha Shinde,Kopargaon,Typhoid,General Physician,1,3.7,465
7058,Dr. Anil Deshmukh,Kopargaon,Typhoid,General Physician,29,3.7,613
7059,Dr. Pooja Kulkarni,Kopargaon,Typhoid,General Physician,5,3.9,268
7060,Dr. Anil Gupta,Kopargaon,Typhoid,General Physician,27,4.9,370
7061,Dr. Priya Joshi,Kopargaon,Asthma,Pulmonologist,24,4.7,1211
7062,Dr. Sneha Sharma,Kopargaon,Asthma,Pulmonologist,13,4.5,1111
7063,Dr. Amit Jadhav,Kopargaon,Asthma,Pulmonologist,31,3.8,1405
7064,Dr. Rohit Deshmukh,Kopargaon,Asthma,Pulmonologist,10,4.6,1310
7065,Dr. Neha Jadhav,Kopargaon,Asthma,Pulmonologist,29,4.3,232
7066,Dr. Kiran Sharma,Kopargaon,Asthma,Pulmonologist,5,3.6,1293
7067,Dr. Kiran Joshi,Kopargaon,Asthma,Pulmonologist,10,4.1,1482
7068,Dr. Amit Jadhav,Kopargaon,Asthma,Pulmonologist,24,4.7,681
7069,Dr. Pooja Patil,Kopargaon,Asthma,Pulmonologist,17,4.3,313
7070,Dr. Rahul Gupta,Kopargaon,Asthma,Pulmonologist,22,4.5,462
7071,Dr. Kiran Sharma,Kopargaon,Diabetes,Endocrinologist,24,3.7,356
7072,Dr. Sneha Deshmukh,Kopargaon,Diabetes,Endocrinologist,22,4.4,1037
7073,Dr. Sneha Kulkarni,Kopargaon,Diabetes,Endocrinologist,10,4.6,1429
7074,Dr. Amit Joshi,Kopargaon,Diabetes,Endocrinologist,6,4.0,500
7075,Dr. Neha Patil,Kopargaon,Diabetes,Endocrinologist,27,4.7,620
7076,Dr. Kiran Sharma,Kopargaon,Diabetes,Endocrinologist,1,4.5,1032
7077,Dr. Anil Kulkarni,Kopargaon,Diabetes,Endocrinologist,20,4.6,480
7078,Dr. Rohit Kulkarni,Kopargaon,Diabetes,Endocrinologist,24,4.6,1476
7079,Dr. Pooja Shinde,Kopargaon,Diabetes,Endocrinologist,3,3.8,1367
7080,Dr. Vikas Shinde,Kopargaon,Diabetes,Endocrinologist,28,4.6,243
7081,Dr. Kiran Shinde,Kopargaon,Migraine,Neurologist,4,4.8,817
7082,Dr. Rohit Joshi,Kopargaon,Migraine,Neurologist,21,4.9,877
7083,Dr. Rahul Deshmukh,Kopargaon,Migraine,Neurologist,5,3.7,1006
7084,Dr. Sneha Joshi,Kopargaon,Migraine,Neurologist,35,4.8,766
7085,Dr. Neha Joshi,Kopargaon,Migraine,Neurologist,24,4.0,609
7086,Dr. Sneha Deshmukh,Kopargaon,Migraine,Neurologist,29,3.9,543
7087,Dr. Vikas Sharma,Kopargaon,Migraine,Neurologist,31,4.3,528
7088,Dr. Rahul Jadhav,Kopargaon,Migraine,Neurologist,17,4.1,1475
7089,Dr. Neha Patil,Kopargaon,Migraine,Neurologist,6,4.7,1324
7090,Dr. Rahul Shinde,Kopargaon,Migraine,Neurologist,11,3.8,1127
7091,Dr. Pooja Gupta,Kopargaon,Food Poisoning,Gastroenterologist,10,4.4,301
7092,Dr. Sneha Gupta,Kopargaon,Food Poisoning,Gastroenterologist,2,5.0,567
7093,Dr. Rohit Sharma,Kopargaon,Food Poisoning,Gastroenterologist,21,4.4,875
7094,Dr. Rahul Deshmukh,Kopargaon,Food Poisoning,Gastroenterologist,1,3.9,1054
7095,Dr. Pooja Joshi,Kopargaon,Food Poisoning,Gastroenterologist,23,4.1,822
7096,Dr. Anil Patil,Kopargaon,Food Poisoning,Gastroenterologist,9,4.0,452
7097,Dr. Rahul Jadhav,Kopargaon,Food Poisoning,Gastroenterologist,24,4.7,411
7098,Dr. Kiran Patil,Kopargaon,Food Poisoning,Gastroenterologist,17,4.9,1372
7099,Dr. Kiran Deshmukh,Kopargaon,Food Poisoning,Gastroenterologist,23,3.9,734
7100,Dr. Amit Deshmukh,Kopargaon,Food Poisoning,Gastroenterologist,28,5.0,1003
7101,Dr. Priya Joshi,Kopargaon,Jaundice,Hepatologist,10,4.5,994
7102,Dr. Sneha Gupta,Kopargaon,Jaundice,Hepatologist,26,4.1,480
7103,Dr. Pooja Jadhav,Kopargaon,Jaundice,Hepatologist,2,3.7,456
7104,Dr. Rohit Gupta,Kopargaon,Jaundice,Hepatologist,14,4.6,1102
7105,Dr. Neha Gupta,Kopargaon,Jaundice,Hepatologist,12,4.2,520
7106,Dr. Pooja Shinde,Kopargaon,Jaundice,Hepatologist,5,4.6,603
7107,Dr. Neha Joshi,Kopargaon,Jaundice,Hepatologist,11,3.6,1481
7108,Dr. Rahul Gupta,Kopargaon,Jaundice,Hepatologist,15,4.1,803
7109,Dr. Kiran Jadhav,Kopargaon,Jaundice,Hepatologist,34,3.7,1055
7110,Dr. Anil Gupta,Kopargaon,Jaundice,Hepatologist,11,3.9,1180
7111,Dr. Anil Shinde,Kopargaon,Chickenpox,Dermatologist,28,3.9,1029
7112,Dr. Sneha Deshmukh,Kopargaon,Chickenpox,Dermatologist,9,4.9,471
7113,Dr. Kiran Jadhav,Kopargaon,Chickenpox,Dermatologist,4,3.9,1297
7114,Dr. Amit Shinde,Kopargaon,Chickenpox,Dermatologist,20,3.9,743
7115,Dr. Rahul Joshi,Kopargaon,Chickenpox,Dermatologist,9,4.7,389
7116,Dr. Kiran Sharma,Kopargaon,Chickenpox,Dermatologist,30,3.7,772
7117,Dr. Neha Patil,Kopargaon,Chickenpox,Dermatologist,31,3.7,689
7118,Dr. Kiran Kulkarni,Kopargaon,Chickenpox,Dermatologist,28,4.9,976
7119,Dr. Sneha Shinde,Kopargaon,Chickenpox,Dermatologist,22,3.8,491
7120,Dr. Anil Patil,Kopargaon,Chickenpox,Dermatologist,13,4.3,1498
7121,Dr. Amit Sharma,Kopargaon,Measles,Pediatrician,28,4.1,437
7122,Dr. Priya Joshi,Kopargaon,Measles,Pediatrician,1,5.0,939
7123,Dr. Pooja Gupta,Kopargaon,Measles,Pediatrician,28,4.2,1330
7124,Dr. Amit Shinde,Kopargaon,Measles,Pediatrician,35,4.1,360
7125,Dr. Anil Deshmukh,Kopargaon,Measles,Pediatrician,2,5.0,973
7126,Dr. Neha Kulkarni,Kopargaon,Measles,Pediatrician,9,4.2,1127
7127,Dr. Pooja Kulkarni,Kopargaon,Measles,Pediatrician,21,4.2,317
7128,Dr. Vikas Sharma,Kopargaon,Measles,Pediatrician,15,3.9,1013
7129,Dr. Rahul Sharma,Kopargaon,Measles,Pediatrician,33,3.7,1359
7130,Dr. Vikas Deshmukh,Kopargaon,Measles,Pediatrician,28,4.0,782
7131,Dr. Neha Joshi,Kopargaon,Arthritis,Orthopedic,28,5.0,692
7132,Dr. Neha Jadhav,Kopargaon,Arthritis,Orthopedic,23,3.9,1130
7133,Dr. Amit Shinde,Kopargaon,Arthritis,Orthopedic,22,4.4,1185
7134,Dr. Neha Joshi,Kopargaon,Arthritis,Orthopedic,20,4.7,615
7135,Dr. Anil Deshmukh,Kopargaon,Arthritis,Orthopedic,7,3.7,1368
7136,Dr. Rahul Gupta,Kopargaon,Arthritis,Orthopedic,31,4.3,276
7137,Dr. Kiran Deshmukh,Kopargaon,Arthritis,Orthopedic,25,3.8,1243
7138,Dr. Rahul Joshi,Kopargaon,Arthritis,Orthopedic,12,4.9,544
7139,Dr. Priya Jadhav,Kopargaon,Arthritis,Orthopedic,28,4.9,1449
7140,Dr. Vikas Sharma,Kopargaon,Arthritis,Orthopedic,17,4.6,353
7141,Dr. Pooja Sharma,Parli,Flu,General Physician,26,4.9,634
7142,Dr. Neha Gupta,Parli,Flu,General Physician,20,4.8,356
7143,Dr. Amit Kulkarni,Parli,Flu,General Physician,35,4.9,1224
7144,Dr. Rahul Deshmukh,Parli,Flu,General Physician,16,4.4,663
7145,Dr. Anil Joshi,Parli,Flu,General Physician,20,4.2,1275
7146,Dr. Amit Patil,Parli,Flu,General Physician,12,3.6,659
7147,Dr. Rohit Sharma,Parli,Flu,General Physician,17,3.7,1322
7148,Dr. Priya Patil,Parli,Flu,General Physician,14,4.3,1332
7149,Dr. Pooja Sharma,Parli,Flu,General Physician,31,4.1,781
7150,Dr. Pooja Kulkarni,Parli,Flu,General Physician,28,4.3,1174
7151,Dr. Anil Shinde,Parli,Cold,General Physician,12,4.3,352
7152,Dr. Rahul Kulkarni,Parli,Cold,General Physician,11,3.5,748
7153,Dr. Amit Joshi,Parli,Cold,General Physician,35,4.4,1345
7154,Dr. Pooja Kulkarni,Parli,Cold,General Physician,7,3.9,682
7155,Dr. Rohit Patil,Parli,Cold,General Physician,5,3.7,720
7156,Dr. Kiran Kulkarni,Parli,Cold,General Physician,16,4.3,865
7157,Dr. Rahul Joshi,Parli,Cold,General Physician,19,4.9,1007
7158,Dr. Priya Shinde,Parli,Cold,General Physician,3,3.6,604
7159,Dr. Neha Gupta,Parli,Cold,General Physician,13,3.9,1321
7160,Dr. Rohit Shinde,Parli,Cold,General Physician,9,4.8,865
7161,Dr. Rohit Gupta,Parli,COVID-19,Pulmonologist,1,3.6,562
7162,Dr. Pooja Jadhav,Parli,COVID-19,Pulmonologist,25,4.5,526
7163,Dr. Rahul Joshi,Parli,COVID-19,Pulmonologist,33,4.3,603
7164,Dr. Rahul Deshmukh,Parli,COVID-19,Pulmonologist,30,3.5,830
7165,Dr. Priya Jadhav,Parli,COVID-19,Pulmonologist,25,3.8,580
7166,Dr. Kiran Jadhav,Parli,COVID-19,Pulmonologist,2,4.6,1263
7167,Dr. Amit Deshmukh,Parli,COVID-19,Pulmonologist,11,4.5,1177
7168,Dr. Rohit Deshmukh,Parli,COVID-19,Pulmonologist,6,4.5,449
7169,Dr. Anil Deshmukh,Parli,COVID-19,Pulmonologist,34,4.0,452
7170,Dr. Rahul Jadhav,Parli,COVID-19,Pulmonologist,22,4.3,1417
7171,Dr. Vikas Sharma,Parli,Malaria,Infectious Disease,13,4.2,1218
7172,Dr. Pooja Joshi,Parli,Malaria,Infectious Disease,8,3.9,579
7173,Dr. Kiran Sharma,Parli,Malaria,Infectious Disease,29,4.6,517
7174,Dr. Rahul Patil,Parli,Malaria,Infectious Disease,26,4.4,1045
7175,Dr. Priya Shinde,Parli,Malaria,Infectious Disease,26,3.7,387
7176,Dr. Pooja Kulkarni,Parli,Malaria,Infectious Disease,23,3.8,1285
7177,Dr. Amit Shinde,Parli,Malaria,Infectious Disease,13,4.6,297
7178,Dr. Kiran Gupta,Parli,Malaria,Infectious Disease,35,4.0,231
7179,Dr. Rahul Gupta,Parli,Malaria,Infectious Disease,26,3.5,300
7180,Dr. Priya Deshmukh,Parli,Malaria,Infectious Disease,32,3.9,215
7181,Dr. Sneha Gupta,Parli,Dengue,Infectious Disease,22,4.9,1185
7182,Dr. Rohit Deshmukh,Parli,Dengue,Infectious Disease,15,4.9,707
7183,Dr. Anil Jadhav,Parli,Dengue,Infectious Disease,8,3.5,1307
7184,Dr. Rohit Kulkarni,Parli,Dengue,Infectious Disease,34,4.4,689
7185,Dr. Priya Joshi,Parli,Dengue,Infectious Disease,2,4.7,552
7186,Dr. Rahul Deshmukh,Parli,Dengue,Infectious Disease,34,3.7,317
7187,Dr. Anil Deshmukh,Parli,Dengue,Infectious Disease,16,4.9,521
7188,Dr. Sneha Sharma,Parli,Dengue,Infectious Disease,5,3.9,1233
7189,Dr. Amit Joshi,Parli,Dengue,Infectious Disease,29,4.2,1033
7190,Dr. Kiran Jadhav,Parli,Dengue,Infectious Disease,22,3.5,1034
7191,Dr. Priya Joshi,Parli,Typhoid,General Physician,29,4.4,1239
7192,Dr. Pooja Kulkarni,Parli,Typhoid,General Physician,28,3.5,506
7193,Dr. Priya Jadhav,Parli,Typhoid,General Physician,7,4.6,1329
7194,Dr. Rohit Sharma,Parli,Typhoid,General Physician,4,4.6,1196
7195,Dr. Amit Patil,Parli,Typhoid,General Physician,13,5.0,381
7196,Dr. Neha Patil,Parli,Typhoid,General Physician,11,4.4,669
7197,Dr. Neha Patil,Parli,Typhoid,General Physician,27,3.9,1403
7198,Dr. Sneha Patil,Parli,Typhoid,General Physician,18,3.8,830
7199,Dr. Rohit Deshmukh,Parli,Typhoid,General Physician,14,4.8,820
7200,Dr. Amit Kulkarni,Parli,Typhoid,General Physician,22,4.6,513
7201,Dr. Pooja Deshmukh,Parli,Asthma,Pulmonologist,13,4.4,239
7202,Dr. Amit Jadhav,Parli,Asthma,Pulmonologist,20,5.0,1358
7203,Dr. Rohit Joshi,Parli,Asthma,Pulmonologist,34,3.9,717
7204,Dr. Pooja Jadhav,Parli,Asthma,Pulmonologist,11,4.7,465
7205,Dr. Rahul Sharma,Parli,Asthma,Pulmonologist,20,4.7,1390
7206,Dr. Kiran Deshmukh,Parli,Asthma,Pulmonologist,6,4.4,1245
7207,Dr. Anil Gupta,Parli,Asthma,Pulmonologist,29,4.5,816
7208,Dr. Vikas Deshmukh,Parli,Asthma,Pulmonologist,6,3.6,1338
7209,Dr. Amit Shinde,Parli,Asthma,Pulmonologist,19,3.9,1275
7210,Dr. Vikas Sharma,Parli,Asthma,Pulmonologist,5,3.8,764
7211,Dr. Rohit Sharma,Parli,Diabetes,Endocrinologist,13,4.0,300
7212,Dr. Rahul Jadhav,Parli,Diabetes,Endocrinologist,24,4.4,1409
7213,Dr. Amit Jadhav,Parli,Diabetes,Endocrinologist,15,4.2,634
7214,Dr. Rohit Jadhav,Parli,Diabetes,Endocrinologist,28,3.7,660
7215,Dr. Anil Deshmukh,Parli,Diabetes,Endocrinologist,30,3.5,561
7216,Dr. Priya Deshmukh,Parli,Diabetes,Endocrinologist,2,4.1,976
7217,Dr. Vikas Deshmukh,Parli,Diabetes,Endocrinologist,35,3.9,536
7218,Dr. Rahul Gupta,Parli,Diabetes,Endocrinologist,21,4.0,601
7219,Dr. Vikas Gupta,Parli,Diabetes,Endocrinologist,27,4.8,350
7220,Dr. Anil Patil,Parli,Diabetes,Endocrinologist,35,3.7,723
7221,Dr. Pooja Deshmukh,Parli,Migraine,Neurologist,1,4.2,938
7222,Dr. Neha Shinde,Parli,Migraine,Neurologist,28,4.5,469
7223,Dr. Rohit Sharma,Parli,Migraine,Neurologist,8,4.1,437
7224,Dr. Sneha Deshmukh,Parli,Migraine,Neurologist,19,4.1,702
7225,Dr. Priya Joshi,Parli,Migraine,Neurologist,26,5.0,317
7226,Dr. Sneha Gupta,Parli,Migraine,Neurologist,33,3.8,1453
7227,Dr. Sneha Gupta,Parli,Migraine,Neurologist,1,4.3,1456
7228,Dr. Sneha Sharma,Parli,Migraine,Neurologist,19,4.3,378
7229,Dr. Amit Sharma,Parli,Migraine,Neurologist,5,4.1,559
7230,Dr. Sneha Deshmukh,Parli,Migraine,Neurologist,30,4.1,742
7231,Dr. Vikas Gupta,Parli,Food Poisoning,Gastroenterologist,8,3.6,216
7232,Dr. Kiran Gupta,Parli,Food Poisoning,Gastroenterologist,27,3.8,1402
7233,Dr. Vikas Gupta,Parli,Food Poisoning,Gastroenterologist,11,4.6,1498
7234,Dr. Rohit Kulkarni,Parli,Food Poisoning,Gastroenterologist,8,3.6,440
7235,Dr. Anil Joshi,Parli,Food Poisoning,Gastroenterologist,14,3.7,989
7236,Dr. Rohit Kulkarni,Parli,Food Poisoning,Gastroenterologist,24,4.6,1353
7237,Dr. Neha Kulkarni,Parli,Food Poisoning,Gastroenterologist,25,4.5,864
7238,Dr. Rohit Sharma,Parli,Food Poisoning,Gastroenterologist,16,4.9,1026
7239,Dr. Rohit Jadhav,Parli,Food Poisoning,Gastroenterologist,29,5.0,769
7240,Dr. Neha Patil,Parli,Food Poisoning,Gastroenterologist,9,4.4,1372
7241,Dr. Sneha Kulkarni,Parli,Jaundice,Hepatologist,15,4.4,1210
7242,Dr. Neha Gupta,Parli,Jaundice,Hepatologist,29,3.7,906
7243,Dr. Amit Jadhav,Parli,Jaundice,Hepatologist,6,3.6,798
7244,Dr. Amit Shinde,Parli,Jaundice,Hepatologist,5,4.8,432
7245,Dr. Rohit Deshmukh,Parli,Jaundice,Hepatologist,34,4.4,434
7246,Dr. Neha Kulkarni,Parli,Jaundice,Hepatologist,1,3.9,338
7247,Dr. Pooja Shinde,Parli,Jaundice,Hepatologist,20,4.2,756
7248,Dr. Rahul Joshi,Parli,Jaundice,Hepatologist,23,4.4,1125
7249,Dr. Pooja Joshi,Parli,Jaundice,Hepatologist,28,4.1,1212
7250,Dr. Pooja Shinde,Parli,Jaundice,Hepatologist,27,3.9,512
7251,Dr. Amit Shinde,Parli,Chickenpox,Dermatologist,33,4.4,568
7252,Dr. Rahul Joshi,Parli,Chickenpox,Dermatologist,16,4.7,1187
7253,Dr. Rahul Joshi,Parli,Chickenpox,Dermatologist,23,4.4,1300
7254,Dr. Kiran Deshmukh,Parli,Chickenpox,Dermatologist,10,4.8,1048
7255,Dr. Sneha Joshi,Parli,Chickenpox,Dermatologist,17,3.8,499
7256,Dr. Rahul Gupta,Parli,Chickenpox,Dermatologist,14,4.0,441
7257,Dr. Neha Shinde,Parli,Chickenpox,Dermatologist,15,3.9,1252
7258,Dr. Rahul Joshi,Parli,Chickenpox,Dermatologist,11,4.1,1117
7259,Dr. Rohit Sharma,Parli,Chickenpox,Dermatologist,31,3.7,397
7260,Dr. Priya Deshmukh,Parli,Chickenpox,Dermatologist,5,4.1,1160
7261,Dr. Neha Patil,Parli,Measles,Pediatrician,8,4.0,294
7262,Dr. Anil Kulkarni,Parli,Measles,Pediatrician,14,3.8,647
7263,Dr. Sneha Deshmukh,Parli,Measles,Pediatrician,26,3.9,322
7264,Dr. Vikas Sharma,Parli,Measles,Pediatrician,4,3.8,1288
7265,Dr. Neha Deshmukh,Parli,Measles,Pediatrician,8,4.1,1237
7266,Dr. Pooja Jadhav,Parli,Measles,Pediatrician,19,3.7,558
7267,Dr. Rahul Gupta,Parli,Measles,Pediatrician,23,3.7,832
7268,Dr. Priya Kulkarni,Parli,Measles,Pediatrician,11,4.3,705
7269,Dr. Vikas Jadhav,Parli,Measles,Pediatrician,13,3.8,247
7270,Dr. Amit Jadhav,Parli,Measles,Pediatrician,8,3.8,1013
7271,Dr. Priya Deshmukh,Parli,Arthritis,Orthopedic,25,4.9,884
7272,Dr. Neha Gupta,Parli,Arthritis,Orthopedic,7,4.3,1341
7273,Dr. Rahul Joshi,Parli,Arthritis,Orthopedic,27,3.8,1425
7274,Dr. Anil Jadhav,Parli,Arthritis,Orthopedic,19,4.1,1118
7275,Dr. Anil Patil,Parli,Arthritis,Orthopedic,28,3.7,1447
7276,Dr. Amit Joshi,Parli,Arthritis,Orthopedic,12,4.3,226
7277,Dr. Rohit Joshi,Parli,Arthritis,Orthopedic,22,4.6,574
7278,Dr. Neha Sharma,Parli,Arthritis,Orthopedic,8,4.1,964
7279,Dr. Amit Joshi,Parli,Arthritis,Orthopedic,2,4.0,446
7280,Dr. Pooja Gupta,Parli,Arthritis,Orthopedic,27,3.9,1004
7281,Dr. Pooja Sharma,Pandharpur,Flu,General Physician,12,3.8,616
7282,Dr. Rahul Gupta,Pandharpur,Flu,General Physician,25,4.3,249
7283,Dr. Amit Patil,Pandharpur,Flu,General Physician,2,4.6,279
7284,Dr. Pooja Kulkarni,Pandharpur,Flu,General Physician,19,3.7,1320
7285,Dr. Priya Shinde,Pandharpur,Flu,General Physician,32,3.9,534
7286,Dr. Sneha Jadhav,Pandharpur,Flu,General Physician,12,3.9,1142
7287,Dr. Vikas Deshmukh,Pandharpur,Flu,General Physician,1,3.5,1359
7288,Dr. Neha Jadhav,Pandharpur,Flu,General Physician,33,3.6,312
7289,Dr. Pooja Shinde,Pandharpur,Flu,General Physician,23,4.1,861
7290,Dr. Priya Sharma,Pandharpur,Flu,General Physician,9,3.7,1034
7291,Dr. Kiran Patil,Pandharpur,Cold,General Physician,14,3.6,230
7292,Dr. Amit Kulkarni,Pandharpur,Cold,General Physician,25,5.0,268
7293,Dr. Priya Joshi,Pandharpur,Cold,General Physician,3,4.5,885
7294,Dr. Neha Gupta,Pandharpur,Cold,General Physician,33,3.7,1350
7295,Dr. Priya Gupta,Pandharpur,Cold,General Physician,9,4.2,488
7296,Dr. Anil Joshi,Pandharpur,Cold,General Physician,22,4.3,211
7297,Dr. Rahul Jadhav,Pandharpur,Cold,General Physician,7,5.0,984
7298,Dr. Priya Patil,Pandharpur,Cold,General Physician,21,4.8,323
7299,Dr. Sneha Patil,Pandharpur,Cold,General Physician,32,3.5,1089
7300,Dr. Amit Patil,Pandharpur,Cold,General Physician,32,3.9,944
7301,Dr. Pooja Deshmukh,Pandharpur,COVID-19,Pulmonologist,23,3.9,1322
7302,Dr. Priya Kulkarni,Pandharpur,COVID-19,Pulmonologist,19,4.9,1346
7303,Dr. Rahul Shinde,Pandharpur,COVID-19,Pulmonologist,20,4.4,447
7304,Dr. Priya Shinde,Pandharpur,COVID-19,Pulmonologist,26,3.8,729
7305,Dr. Priya Deshmukh,Pandharpur,COVID-19,Pulmonologist,4,4.0,533
7306,Dr. Anil Sharma,Pandharpur,COVID-19,Pulmonologist,28,4.5,612
7307,Dr. Priya Deshmukh,Pandharpur,COVID-19,Pulmonologist,5,4.9,1023
7308,Dr. Amit Sharma,Pandharpur,COVID-19,Pulmonologist,6,4.7,692
7309,Dr. Anil Patil,Pandharpur,COVID-19,Pulmonologist,14,4.3,1100
7310,Dr. Vikas Patil,Pandharpur,COVID-19,Pulmonologist,4,3.8,357
7311,Dr. Pooja Gupta,Pandharpur,Malaria,Infectious Disease,30,3.6,410
7312,Dr. Rohit Patil,Pandharpur,Malaria,Infectious Disease,29,4.1,767
7313,Dr. Anil Deshmukh,Pandharpur,Malaria,Infectious Disease,30,4.5,236
7314,Dr. Sneha Kulkarni,Pandharpur,Malaria,Infectious Disease,33,4.6,421
7315,Dr. Neha Gupta,Pandharpur,Malaria,Infectious Disease,26,4.0,824
7316,Dr. Rohit Sharma,Pandharpur,Malaria,Infectious Disease,20,4.5,1342
7317,Dr. Anil Shinde,Pandharpur,Malaria,Infectious Disease,32,4.9,1381
7318,Dr. Rohit Sharma,Pandharpur,Malaria,Infectious Disease,33,4.3,484
7319,Dr. Rohit Deshmukh,Pandharpur,Malaria,Infectious Disease,3,3.8,1425
7320,Dr. Vikas Deshmukh,Pandharpur,Malaria,Infectious Disease,25,4.4,738
7321,Dr. Rohit Shinde,Pandharpur,Dengue,Infectious Disease,32,4.6,1436
7322,Dr. Neha Kulkarni,Pandharpur,Dengue,Infectious Disease,13,4.2,718
7323,Dr. Priya Joshi,Pandharpur,Dengue,Infectious Disease,23,4.7,346
7324,Dr. Neha Sharma,Pandharpur,Dengue,Infectious Disease,3,3.5,1464
7325,Dr. Rahul Sharma,Pandharpur,Dengue,Infectious Disease,16,3.7,1056
7326,Dr. Neha Sharma,Pandharpur,Dengue,Infectious Disease,18,4.2,535
7327,Dr. Pooja Kulkarni,Pandharpur,Dengue,Infectious Disease,25,4.6,1357
7328,Dr. Neha Deshmukh,Pandharpur,Dengue,Infectious Disease,26,4.0,527
7329,Dr. Amit Sharma,Pandharpur,Dengue,Infectious Disease,1,3.9,719
7330,Dr. Pooja Gupta,Pandharpur,Dengue,Infectious Disease,17,4.9,274
7331,Dr. Rohit Shinde,Pandharpur,Typhoid,General Physician,8,4.6,807
7332,Dr. Kiran Deshmukh,Pandharpur,Typhoid,General Physician,31,4.7,1164
7333,Dr. Anil Joshi,Pandharpur,Typhoid,General Physician,14,4.1,903
7334,Dr. Amit Joshi,Pandharpur,Typhoid,General Physician,26,3.7,565
7335,Dr. Priya Joshi,Pandharpur,Typhoid,General Physician,23,4.7,1397
7336,Dr. Rohit Shinde,Pandharpur,Typhoid,General Physician,18,4.2,1266
7337,Dr. Amit Shinde,Pandharpur,Typhoid,General Physician,8,4.6,1422
7338,Dr. Amit Shinde,Pandharpur,Typhoid,General Physician,16,3.7,1137
7339,Dr. Amit Shinde,Pandharpur,Typhoid,General Physician,17,3.5,934
7340,Dr. Amit Gupta,Pandharpur,Typhoid,General Physician,31,4.5,1017
7341,Dr. Anil Deshmukh,Pandharpur,Asthma,Pulmonologist,2,4.5,770
7342,Dr. Rohit Jadhav,Pandharpur,Asthma,Pulmonologist,9,4.0,1178
7343,Dr. Neha Gupta,Pandharpur,Asthma,Pulmonologist,35,3.7,708
7344,Dr. Amit Gupta,Pandharpur,Asthma,Pulmonologist,8,4.2,491
7345,Dr. Priya Joshi,Pandharpur,Asthma,Pulmonologist,35,4.5,420
7346,Dr. Rohit Sharma,Pandharpur,Asthma,Pulmonologist,6,4.2,1345
7347,Dr. Vikas Shinde,Pandharpur,Asthma,Pulmonologist,11,4.3,752
7348,Dr. Vikas Kulkarni,Pandharpur,Asthma,Pulmonologist,12,3.6,1130
7349,Dr. Neha Joshi,Pandharpur,Asthma,Pulmonologist,3,3.7,1021
7350,Dr. Rohit Sharma,Pandharpur,Asthma,Pulmonologist,20,3.6,722
7351,Dr. Amit Shinde,Pandharpur,Diabetes,Endocrinologist,34,3.9,751
7352,Dr. Kiran Sharma,Pandharpur,Diabetes,Endocrinologist,27,4.9,1419
7353,Dr. Anil Deshmukh,Pandharpur,Diabetes,Endocrinologist,2,4.3,999
7354,Dr. Anil Shinde,Pandharpur,Diabetes,Endocrinologist,3,4.4,1221
7355,Dr. Pooja Deshmukh,Pandharpur,Diabetes,Endocrinologist,18,4.5,1151
7356,Dr. Amit Kulkarni,Pandharpur,Diabetes,Endocrinologist,27,4.2,828
7357,Dr. Kiran Sharma,Pandharpur,Diabetes,Endocrinologist,9,4.7,1235
7358,Dr. Pooja Gupta,Pandharpur,Diabetes,Endocrinologist,3,4.1,436
7359,Dr. Amit Kulkarni,Pandharpur,Diabetes,Endocrinologist,21,5.0,664
7360,Dr. Sneha Sharma,Pandharpur,Diabetes,Endocrinologist,34,4.9,620
7361,Dr. Vikas Gupta,Pandharpur,Migraine,Neurologist,20,4.9,1273
7362,Dr. Sneha Patil,Pandharpur,Migraine,Neurologist,24,4.2,512
7363,Dr. Neha Kulkarni,Pandharpur,Migraine,Neurologist,22,4.3,965
7364,Dr. Pooja Kulkarni,Pandharpur,Migraine,Neurologist,5,4.0,728
7365,Dr. Vikas Patil,Pandharpur,Migraine,Neurologist,14,4.0,302
7366,Dr. Anil Shinde,Pandharpur,Migraine,Neurologist,27,4.2,870
7367,Dr. Neha Deshmukh,Pandharpur,Migraine,Neurologist,25,4.9,1210
7368,Dr. Kiran Sharma,Pandharpur,Migraine,Neurologist,22,4.2,243
7369,Dr. Amit Jadhav,Pandharpur,Migraine,Neurologist,3,3.7,1127
7370,Dr. Priya Jadhav,Pandharpur,Migraine,Neurologist,11,4.3,931
7371,Dr. Neha Deshmukh,Pandharpur,Food Poisoning,Gastroenterologist,13,4.6,1083
7372,Dr. Rahul Joshi,Pandharpur,Food Poisoning,Gastroenterologist,23,4.4,732
7373,Dr. Rahul Joshi,Pandharpur,Food Poisoning,Gastroenterologist,24,3.8,1362
7374,Dr. Amit Kulkarni,Pandharpur,Food Poisoning,Gastroenterologist,25,4.1,1297
7375,Dr. Rahul Kulkarni,Pandharpur,Food Poisoning,Gastroenterologist,12,3.6,1421
7376,Dr. Sneha Kulkarni,Pandharpur,Food Poisoning,Gastroenterologist,8,3.8,1262
7377,Dr. Anil Patil,Pandharpur,Food Poisoning,Gastroenterologist,6,3.6,806
7378,Dr. Priya Deshmukh,Pandharpur,Food Poisoning,Gastroenterologist,2,4.7,327
7379,Dr. Rahul Sharma,Pandharpur,Food Poisoning,Gastroenterologist,12,4.7,1390
7380,Dr. Rahul Kulkarni,Pandharpur,Food Poisoning,Gastroenterologist,32,4.0,1477
7381,Dr. Kiran Patil,Pandharpur,Jaundice,Hepatologist,30,4.4,1090
7382,Dr. Kiran Deshmukh,Pandharpur,Jaundice,Hepatologist,12,3.7,581
7383,Dr. Neha Jadhav,Pandharpur,Jaundice,Hepatologist,9,3.5,402
7384,Dr. Rohit Joshi,Pandharpur,Jaundice,Hepatologist,29,4.2,735
7385,Dr. Kiran Jadhav,Pandharpur,Jaundice,Hepatologist,16,3.8,1480
7386,Dr. Neha Joshi,Pandharpur,Jaundice,Hepatologist,13,3.8,269
7387,Dr. Priya Shinde,Pandharpur,Jaundice,Hepatologist,20,4.2,1368
7388,Dr. Neha Joshi,Pandharpur,Jaundice,Hepatologist,1,4.4,497
7389,Dr. Pooja Joshi,Pandharpur,Jaundice,Hepatologist,21,5.0,532
7390,Dr. Anil Deshmukh,Pandharpur,Jaundice,Hepatologist,28,4.1,816
7391,Dr. Rohit Sharma,Pandharpur,Chickenpox,Dermatologist,2,3.7,378
7392,Dr. Rohit Deshmukh,Pandharpur,Chickenpox,Dermatologist,23,4.7,1079
7393,Dr. Sneha Shinde,Pandharpur,Chickenpox,Dermatologist,4,4.3,329
7394,Dr. Rahul Kulkarni,Pandharpur,Chickenpox,Dermatologist,1,4.6,1085
7395,Dr. Sneha Patil,Pandharpur,Chickenpox,Dermatologist,4,3.7,1360
7396,Dr. Sneha Joshi,Pandharpur,Chickenpox,Dermatologist,18,4.7,1383
7397,Dr. Rahul Patil,Pandharpur,Chickenpox,Dermatologist,7,4.1,1241
7398,Dr. Neha Kulkarni,Pandharpur,Chickenpox,Dermatologist,20,5.0,1141
7399,Dr. Kiran Jadhav,Pandharpur,Chickenpox,Dermatologist,13,4.2,1004
7400,Dr. Sneha Kulkarni,Pandharpur,Chickenpox,Dermatologist,7,3.9,1304
7401,Dr. Neha Kulkarni,Pandharpur,Measles,Pediatrician,31,3.5,1374
7402,Dr. Priya Patil,Pandharpur,Measles,Pediatrician,33,4.4,479
7403,Dr. Kiran Kulkarni,Pandharpur,Measles,Pediatrician,9,4.5,998
7404,Dr. Rahul Shinde,Pandharpur,Measles,Pediatrician,32,4.0,785
7405,Dr. Anil Kulkarni,Pandharpur,Measles,Pediatrician,35,4.5,288
7406,Dr. Neha Joshi,Pandharpur,Measles,Pediatrician,18,4.6,848
7407,Dr. Rohit Patil,Pandharpur,Measles,Pediatrician,32,4.3,783
7408,Dr. Neha Patil,Pandharpur,Measles,Pediatrician,24,4.5,1243
7409,Dr. Vikas Joshi,Pandharpur,Measles,Pediatrician,31,4.7,1305
7410,Dr. Sneha Shinde,Pandharpur,Measles,Pediatrician,23,4.4,340
7411,Dr. Vikas Patil,Pandharpur,Arthritis,Orthopedic,19,3.7,383
7412,Dr. Anil Shinde,Pandharpur,Arthritis,Orthopedic,1,4.0,576
7413,Dr. Rahul Gupta,Pandharpur,Arthritis,Orthopedic,35,4.8,759
7414,Dr. Rahul Jadhav,Pandharpur,Arthritis,Orthopedic,4,3.8,680
7415,Dr. Anil Jadhav,Pandharpur,Arthritis,Orthopedic,20,4.5,1140
7416,Dr. Pooja Sharma,Pandharpur,Arthritis,Orthopedic,25,4.1,982
7417,Dr. Sneha Jadhav,Pandharpur,Arthritis,Orthopedic,6,3.8,893
7418,Dr. Pooja Patil,Pandharpur,Arthritis,Orthopedic,22,4.6,1483
7419,Dr. Neha Jadhav,Pandharpur,Arthritis,Orthopedic,12,3.6,814
7420,Dr. Amit Deshmukh,Pandharpur,Arthritis,Orthopedic,12,3.7,1001
7421,Dr. Kiran Deshmukh,Shegaon,Flu,General Physician,17,3.5,1486
7422,Dr. Anil Deshmukh,Shegaon,Flu,General Physician,6,4.3,552
7423,Dr. Sneha Kulkarni,Shegaon,Flu,General Physician,4,3.6,1035
7424,Dr. Neha Jadhav,Shegaon,Flu,General Physician,18,4.8,761
7425,Dr. Kiran Jadhav,Shegaon,Flu,General Physician,18,3.8,1242
7426,Dr. Vikas Shinde,Shegaon,Flu,General Physician,5,3.7,846
7427,Dr. Pooja Gupta,Shegaon,Flu,General Physician,29,3.8,1279
7428,Dr. Kiran Patil,Shegaon,Flu,General Physician,22,4.1,999
7429,Dr. Pooja Patil,Shegaon,Flu,General Physician,33,4.8,1198
7430,Dr. Sneha Jadhav,Shegaon,Flu,General Physician,14,4.8,1403
7431,Dr. Sneha Joshi,Shegaon,Cold,General Physician,18,3.6,1053
7432,Dr. Sneha Gupta,Shegaon,Cold,General Physician,13,4.7,919
7433,Dr. Anil Deshmukh,Shegaon,Cold,General Physician,3,4.7,342
7434,Dr. Sneha Deshmukh,Shegaon,Cold,General Physician,6,4.8,767
7435,Dr. Priya Shinde,Shegaon,Cold,General Physician,17,4.5,1354
7436,Dr. Rohit Deshmukh,Shegaon,Cold,General Physician,25,4.9,862
7437,Dr. Rahul Patil,Shegaon,Cold,General Physician,5,4.8,1431
7438,Dr. Rohit Shinde,Shegaon,Cold,General Physician,18,4.3,649
7439,Dr. Kiran Gupta,Shegaon,Cold,General Physician,27,3.8,1069
7440,Dr. Priya Kulkarni,Shegaon,Cold,General Physician,1,3.9,420
7441,Dr. Amit Joshi,Shegaon,COVID-19,Pulmonologist,10,4.6,1006
7442,Dr. Rohit Patil,Shegaon,COVID-19,Pulmonologist,7,3.9,1135
7443,Dr. Rahul Jadhav,Shegaon,COVID-19,Pulmonologist,19,4.6,1275
7444,Dr. Priya Jadhav,Shegaon,COVID-19,Pulmonologist,10,4.3,855
7445,Dr. Amit Shinde,Shegaon,COVID-19,Pulmonologist,2,4.0,438
7446,Dr. Sneha Shinde,Shegaon,COVID-19,Pulmonologist,12,4.8,1063
7447,Dr. Rahul Jadhav,Shegaon,COVID-19,Pulmonologist,7,5.0,1110
7448,Dr. Neha Shinde,Shegaon,COVID-19,Pulmonologist,22,4.9,1382
7449,Dr. Anil Joshi,Shegaon,COVID-19,Pulmonologist,11,3.6,1188
7450,Dr. Vikas Gupta,Shegaon,COVID-19,Pulmonologist,16,3.9,395
7451,Dr. Anil Joshi,Shegaon,Malaria,Infectious Disease,29,3.7,564
7452,Dr. Sneha Joshi,Shegaon,Malaria,Infectious Disease,28,4.4,1412
7453,Dr. Kiran Patil,Shegaon,Malaria,Infectious Disease,5,4.8,1243
7454,Dr. Anil Joshi,Shegaon,Malaria,Infectious Disease,18,4.3,1045
7455,Dr. Kiran Kulkarni,Shegaon,Malaria,Infectious Disease,20,4.2,1464
7456,Dr. Kiran Joshi,Shegaon,Malaria,Infectious Disease,10,4.3,640
7457,Dr. Amit Jadhav,Shegaon,Malaria,Infectious Disease,35,4.9,1297
7458,Dr. Sneha Patil,Shegaon,Malaria,Infectious Disease,8,4.8,1269
7459,Dr. Anil Sharma,Shegaon,Malaria,Infectious Disease,26,4.1,790
7460,Dr. Amit Gupta,Shegaon,Malaria,Infectious Disease,28,4.3,478
7461,Dr. Sneha Kulkarni,Shegaon,Dengue,Infectious Disease,17,4.5,236
7462,Dr. Rahul Joshi,Shegaon,Dengue,Infectious Disease,6,4.5,412
7463,Dr. Anil Joshi,Shegaon,Dengue,Infectious Disease,18,4.6,682
7464,Dr. Kiran Patil,Shegaon,Dengue,Infectious Disease,18,4.9,200
7465,Dr. Neha Kulkarni,Shegaon,Dengue,Infectious Disease,30,4.6,964
7466,Dr. Neha Joshi,Shegaon,Dengue,Infectious Disease,29,3.7,787
7467,Dr. Sneha Gupta,Shegaon,Dengue,Infectious Disease,5,3.5,1224
7468,Dr. Amit Patil,Shegaon,Dengue,Infectious Disease,23,5.0,1451
7469,Dr. Sneha Deshmukh,Shegaon,Dengue,Infectious Disease,9,4.1,1194
7470,Dr. Neha Deshmukh,Shegaon,Dengue,Infectious Disease,10,4.1,557
7471,Dr. Priya Gupta,Shegaon,Typhoid,General Physician,5,4.7,715
7472,Dr. Anil Joshi,Shegaon,Typhoid,General Physician,8,4.5,900
7473,Dr. Priya Gupta,Shegaon,Typhoid,General Physician,32,4.9,453
7474,Dr. Sneha Patil,Shegaon,Typhoid,General Physician,34,3.7,733
7475,Dr. Anil Sharma,Shegaon,Typhoid,General Physician,19,3.6,279
7476,Dr. Amit Gupta,Shegaon,Typhoid,General Physician,25,4.6,1441
7477,Dr. Pooja Shinde,Shegaon,Typhoid,General Physician,24,3.8,317
7478,Dr. Anil Gupta,Shegaon,Typhoid,General Physician,31,3.7,279
7479,Dr. Kiran Jadhav,Shegaon,Typhoid,General Physician,27,4.3,1426
7480,Dr. Sneha Jadhav,Shegaon,Typhoid,General Physician,3,5.0,1233
7481,Dr. Amit Joshi,Shegaon,Asthma,Pulmonologist,24,4.6,1166
7482,Dr. Rohit Jadhav,Shegaon,Asthma,Pulmonologist,25,4.4,381
7483,Dr. Pooja Kulkarni,Shegaon,Asthma,Pulmonologist,1,4.8,1204
7484,Dr. Vikas Sharma,Shegaon,Asthma,Pulmonologist,7,3.8,1420
7485,Dr. Amit Patil,Shegaon,Asthma,Pulmonologist,26,4.2,222
7486,Dr. Rahul Gupta,Shegaon,Asthma,Pulmonologist,15,3.7,880
7487,Dr. Rohit Jadhav,Shegaon,Asthma,Pulmonologist,13,4.4,1294
7488,Dr. Neha Jadhav,Shegaon,Asthma,Pulmonologist,4,5.0,613
7489,Dr. Amit Sharma,Shegaon,Asthma,Pulmonologist,18,4.6,1162
7490,Dr. Rahul Patil,Shegaon,Asthma,Pulmonologist,9,4.0,1276
7491,Dr. Priya Sharma,Shegaon,Diabetes,Endocrinologist,20,4.1,1205
7492,Dr. Anil Patil,Shegaon,Diabetes,Endocrinologist,10,3.8,1472
7493,Dr. Rohit Deshmukh,Shegaon,Diabetes,Endocrinologist,23,4.4,765
7494,Dr. Kiran Jadhav,Shegaon,Diabetes,Endocrinologist,17,4.6,892
7495,Dr. Rohit Shinde,Shegaon,Diabetes,Endocrinologist,9,4.7,1370
7496,Dr. Sneha Deshmukh,Shegaon,Diabetes,Endocrinologist,19,4.0,444
7497,Dr. Priya Patil,Shegaon,Diabetes,Endocrinologist,21,4.3,327
7498,Dr. Kiran Gupta,Shegaon,Diabetes,Endocrinologist,24,3.9,375
7499,Dr. Kiran Deshmukh,Shegaon,Diabetes,Endocrinologist,27,3.6,1121
7500,Dr. Amit Sharma,Shegaon,Diabetes,Endocrinologist,23,4.1,1029
7501,Dr. Sneha Joshi,Shegaon,Migraine,Neurologist,2,4.6,1102
7502,Dr. Amit Joshi,Shegaon,Migraine,Neurologist,31,4.0,273
7503,Dr. Sneha Deshmukh,Shegaon,Migraine,Neurologist,20,4.1,545
7504,Dr. Rahul Sharma,Shegaon,Migraine,Neurologist,8,4.3,1087
7505,Dr. Kiran Jadhav,Shegaon,Migraine,Neurologist,17,3.8,202
7506,Dr. Rohit Joshi,Shegaon,Migraine,Neurologist,8,3.5,446
7507,Dr. Neha Shinde,Shegaon,Migraine,Neurologist,10,4.7,1345
7508,Dr. Rohit Patil,Shegaon,Migraine,Neurologist,11,4.1,1471
7509,Dr. Neha Gupta,Shegaon,Migraine,Neurologist,6,4.2,298
7510,Dr. Vikas Jadhav,Shegaon,Migraine,Neurologist,20,3.6,703
7511,Dr. Pooja Gupta,Shegaon,Food Poisoning,Gastroenterologist,2,3.7,572
7512,Dr. Pooja Sharma,Shegaon,Food Poisoning,Gastroenterologist,10,4.1,544
7513,Dr. Anil Shinde,Shegaon,Food Poisoning,Gastroenterologist,23,4.4,1102
7514,Dr. Rohit Shinde,Shegaon,Food Poisoning,Gastroenterologist,21,4.2,599
7515,Dr. Kiran Deshmukh,Shegaon,Food Poisoning,Gastroenterologist,22,3.8,1098
7516,Dr. Rahul Patil,Shegaon,Food Poisoning,Gastroenterologist,3,4.0,608
7517,Dr. Sneha Joshi,Shegaon,Food Poisoning,Gastroenterologist,9,4.9,621
7518,Dr. Vikas Gupta,Shegaon,Food Poisoning,Gastroenterologist,25,4.5,1401
7519,Dr. Rahul Patil,Shegaon,Food Poisoning,Gastroenterologist,21,4.4,799
7520,Dr. Neha Joshi,Shegaon,Food Poisoning,Gastroenterologist,4,4.2,376
7521,Dr. Neha Shinde,Shegaon,Jaundice,Hepatologist,3,5.0,439
7522,Dr. Pooja Patil,Shegaon,Jaundice,Hepatologist,19,3.8,498
7523,Dr. Rahul Jadhav,Shegaon,Jaundice,Hepatologist,11,4.8,1481
7524,Dr. Neha Joshi,Shegaon,Jaundice,Hepatologist,27,3.7,1351
7525,Dr. Amit Kulkarni,Shegaon,Jaundice,Hepatologist,15,4.0,1305
7526,Dr. Priya Shinde,Shegaon,Jaundice,Hepatologist,11,4.5,790
7527,Dr. Priya Kulkarni,Shegaon,Jaundice,Hepatologist,4,4.6,389
7528,Dr. Anil Gupta,Shegaon,Jaundice,Hepatologist,3,4.2,512
7529,Dr. Amit Joshi,Shegaon,Jaundice,Hepatologist,7,4.0,1245
7530,Dr. Priya Sharma,Shegaon,Jaundice,Hepatologist,32,4.0,1169
7531,Dr. Neha Gupta,Shegaon,Chickenpox,Dermatologist,10,4.9,518
7532,Dr. Priya Kulkarni,Shegaon,Chickenpox,Dermatologist,29,4.2,1081
7533,Dr. Anil Joshi,Shegaon,Chickenpox,Dermatologist,1,3.9,999
7534,Dr. Pooja Gupta,Shegaon,Chickenpox,Dermatologist,22,4.3,1072
7535,Dr. Rahul Kulkarni,Shegaon,Chickenpox,Dermatologist,32,4.7,798
7536,Dr. Vikas Joshi,Shegaon,Chickenpox,Dermatologist,34,4.6,977
7537,Dr. Amit Shinde,Shegaon,Chickenpox,Dermatologist,19,4.8,1070
7538,Dr. Priya Kulkarni,Shegaon,Chickenpox,Dermatologist,24,3.7,359
7539,Dr. Rohit Joshi,Shegaon,Chickenpox,Dermatologist,33,4.7,860
7540,Dr. Amit Sharma,Shegaon,Chickenpox,Dermatologist,9,4.5,1001
7541,Dr. Amit Jadhav,Shegaon,Measles,Pediatrician,1,4.3,1280
7542,Dr. Sneha Shinde,Shegaon,Measles,Pediatrician,22,3.8,376
7543,Dr. Kiran Deshmukh,Shegaon,Measles,Pediatrician,20,4.5,1018
7544,Dr. Anil Deshmukh,Shegaon,Measles,Pediatrician,35,3.6,988
7545,Dr. Anil Shinde,Shegaon,Measles,Pediatrician,7,4.7,1187
7546,Dr. Pooja Shinde,Shegaon,Measles,Pediatrician,5,4.3,509
7547,Dr. Vikas Gupta,Shegaon,Measles,Pediatrician,6,4.2,1028
7548,Dr. Rahul Gupta,Shegaon,Measles,Pediatrician,34,4.1,828
7549,Dr. Neha Deshmukh,Shegaon,Measles,Pediatrician,35,3.7,1444
7550,Dr. Rohit Jadhav,Shegaon,Measles,Pediatrician,16,4.9,795
7551,Dr. Pooja Sharma,Shegaon,Arthritis,Orthopedic,13,4.8,489
7552,Dr. Amit Sharma,Shegaon,Arthritis,Orthopedic,19,3.7,619
7553,Dr. Anil Sharma,Shegaon,Arthritis,Orthopedic,8,4.4,612
7554,Dr. Neha Gupta,Shegaon,Arthritis,Orthopedic,14,4.2,718
7555,Dr. Neha Patil,Shegaon,Arthritis,Orthopedic,19,4.3,527
7556,Dr. Rahul Gupta,Shegaon,Arthritis,Orthopedic,22,4.1,1145
7557,Dr. Amit Gupta,Shegaon,Arthritis,Orthopedic,7,4.6,1204
7558,Dr. Vikas Shinde,Shegaon,Arthritis,Orthopedic,3,4.4,1409
7559,Dr. Neha Patil,Shegaon,Arthritis,Orthopedic,5,4.7,565
7560,Dr. Rahul Jadhav,Shegaon,Arthritis,Orthopedic,18,3.7,756
7561,Dr. Pooja Gupta,Malkapur,Flu,General Physician,9,4.2,1284
7562,Dr. Kiran Jadhav,Malkapur,Flu,General Physician,21,4.7,1280
7563,Dr. Amit Gupta,Malkapur,Flu,General Physician,11,4.6,766
7564,Dr. Amit Sharma,Malkapur,Flu,General Physician,31,3.6,977
7565,Dr. Vikas Gupta,Malkapur,Flu,General Physician,11,4.1,299
7566,Dr. Anil Sharma,Malkapur,Flu,General Physician,25,4.1,634
7567,Dr. Kiran Joshi,Malkapur,Flu,General Physician,31,4.0,1058
7568,Dr. Neha Shinde,Malkapur,Flu,General Physician,32,4.0,415
7569,Dr. Amit Kulkarni,Malkapur,Flu,General Physician,35,4.4,1292
7570,Dr. Pooja Shinde,Malkapur,Flu,General Physician,8,4.2,1183
7571,Dr. Rohit Kulkarni,Malkapur,Cold,General Physician,22,3.6,1182
7572,Dr. Pooja Kulkarni,Malkapur,Cold,General Physician,19,3.8,777
7573,Dr. Sneha Sharma,Malkapur,Cold,General Physician,24,4.3,619
7574,Dr. Kiran Jadhav,Malkapur,Cold,General Physician,10,3.8,973
7575,Dr. Vikas Kulkarni,Malkapur,Cold,General Physician,17,4.5,1009
7576,Dr. Sneha Jadhav,Malkapur,Cold,General Physician,26,3.7,375
7577,Dr. Rohit Patil,Malkapur,Cold,General Physician,20,3.8,1400
7578,Dr. Rahul Kulkarni,Malkapur,Cold,General Physician,5,4.2,1393
7579,Dr. Rahul Sharma,Malkapur,Cold,General Physician,2,4.8,903
7580,Dr. Anil Jadhav,Malkapur,Cold,General Physician,20,4.4,1348
7581,Dr. Kiran Patil,Malkapur,COVID-19,Pulmonologist,10,3.6,598
7582,Dr. Vikas Joshi,Malkapur,COVID-19,Pulmonologist,20,3.8,322
7583,Dr. Sneha Gupta,Malkapur,COVID-19,Pulmonologist,15,4.1,870
7584,Dr. Amit Joshi,Malkapur,COVID-19,Pulmonologist,35,4.2,1317
7585,Dr. Neha Gupta,Malkapur,COVID-19,Pulmonologist,23,3.5,447
7586,Dr. Pooja Shinde,Malkapur,COVID-19,Pulmonologist,2,3.6,485
7587,Dr. Priya Joshi,Malkapur,COVID-19,Pulmonologist,34,4.5,1327
7588,Dr. Priya Patil,Malkapur,COVID-19,Pulmonologist,6,4.7,326
7589,Dr. Sneha Gupta,Malkapur,COVID-19,Pulmonologist,27,4.9,450
7590,Dr. Kiran Kulkarni,Malkapur,COVID-19,Pulmonologist,31,4.9,1476
7591,Dr. Kiran Joshi,Malkapur,Malaria,Infectious Disease,22,3.6,648
7592,Dr. Neha Joshi,Malkapur,Malaria,Infectious Disease,27,3.6,360
7593,Dr. Vikas Kulkarni,Malkapur,Malaria,Infectious Disease,10,4.2,618
7594,Dr. Neha Kulkarni,Malkapur,Malaria,Infectious Disease,27,4.5,368
7595,Dr. Rohit Deshmukh,Malkapur,Malaria,Infectious Disease,11,3.6,485
7596,Dr. Vikas Sharma,Malkapur,Malaria,Infectious Disease,10,4.3,839
7597,Dr. Neha Sharma,Malkapur,Malaria,Infectious Disease,33,4.0,977
7598,Dr. Pooja Sharma,Malkapur,Malaria,Infectious Disease,26,4.9,826
7599,Dr. Amit Jadhav,Malkapur,Malaria,Infectious Disease,27,4.8,754
7600,Dr. Kiran Kulkarni,Malkapur,Malaria,Infectious Disease,23,3.9,779
7601,Dr. Rahul Shinde,Malkapur,Dengue,Infectious Disease,8,3.9,1392
7602,Dr. Amit Patil,Malkapur,Dengue,Infectious Disease,26,4.9,1019
7603,Dr. Vikas Joshi,Malkapur,Dengue,Infectious Disease,35,3.8,1447
7604,Dr. Anil Gupta,Malkapur,Dengue,Infectious Disease,35,3.8,1478
7605,Dr. Neha Kulkarni,Malkapur,Dengue,Infectious Disease,20,4.1,761
7606,Dr. Pooja Patil,Malkapur,Dengue,Infectious Disease,10,4.9,1311
7607,Dr. Rahul Deshmukh,Malkapur,Dengue,Infectious Disease,4,4.7,577
7608,Dr. Sneha Shinde,Malkapur,Dengue,Infectious Disease,10,5.0,1489
7609,Dr. Priya Deshmukh,Malkapur,Dengue,Infectious Disease,19,3.7,634
7610,Dr. Amit Sharma,Malkapur,Dengue,Infectious Disease,20,4.7,1201
7611,Dr. Amit Shinde,Malkapur,Typhoid,General Physician,18,4.6,1331
7612,Dr. Neha Jadhav,Malkapur,Typhoid,General Physician,25,4.3,830
7613,Dr. Amit Kulkarni,Malkapur,Typhoid,General Physician,10,4.5,1020
7614,Dr. Vikas Gupta,Malkapur,Typhoid,General Physician,27,4.9,692
7615,Dr. Rohit Shinde,Malkapur,Typhoid,General Physician,4,4.3,700
7616,Dr. Anil Kulkarni,Malkapur,Typhoid,General Physician,21,3.7,885
7617,Dr. Priya Joshi,Malkapur,Typhoid,General Physician,6,3.8,924
7618,Dr. Neha Joshi,Malkapur,Typhoid,General Physician,29,3.8,413
7619,Dr. Rahul Kulkarni,Malkapur,Typhoid,General Physician,10,4.8,1187
7620,Dr. Sneha Shinde,Malkapur,Typhoid,General Physician,12,4.3,1300
7621,Dr. Neha Jadhav,Malkapur,Asthma,Pulmonologist,1,3.5,725
7622,Dr. Anil Kulkarni,Malkapur,Asthma,Pulmonologist,11,4.2,1201
7623,Dr. Priya Shinde,Malkapur,Asthma,Pulmonologist,6,4.8,972
7624,Dr. Kiran Shinde,Malkapur,Asthma,Pulmonologist,35,3.9,1259
7625,Dr. Priya Joshi,Malkapur,Asthma,Pulmonologist,22,5.0,426
7626,Dr. Vikas Shinde,Malkapur,Asthma,Pulmonologist,22,3.7,557
7627,Dr. Priya Patil,Malkapur,Asthma,Pulmonologist,19,3.7,1389
7628,Dr. Rohit Patil,Malkapur,Asthma,Pulmonologist,15,4.8,1377
7629,Dr. Priya Deshmukh,Malkapur,Asthma,Pulmonologist,25,4.9,1449
7630,Dr. Rahul Joshi,Malkapur,Asthma,Pulmonologist,22,4.2,1414
7631,Dr. Rahul Sharma,Malkapur,Diabetes,Endocrinologist,7,4.0,627
7632,Dr. Neha Sharma,Malkapur,Diabetes,Endocrinologist,29,4.9,244
7633,Dr. Rohit Gupta,Malkapur,Diabetes,Endocrinologist,5,3.6,625
7634,Dr. Neha Sharma,Malkapur,Diabetes,Endocrinologist,20,4.3,1326
7635,Dr. Kiran Deshmukh,Malkapur,Diabetes,Endocrinologist,16,3.7,1270
7636,Dr. Neha Shinde,Malkapur,Diabetes,Endocrinologist,10,4.8,950
7637,Dr. Vikas Jadhav,Malkapur,Diabetes,Endocrinologist,7,3.7,978
7638,Dr. Kiran Sharma,Malkapur,Diabetes,Endocrinologist,27,4.3,686
7639,Dr. Amit Sharma,Malkapur,Diabetes,Endocrinologist,12,4.1,506
7640,Dr. Sneha Jadhav,Malkapur,Diabetes,Endocrinologist,6,4.0,358
7641,Dr. Rohit Shinde,Malkapur,Migraine,Neurologist,34,3.6,1050
7642,Dr. Amit Gupta,Malkapur,Migraine,Neurologist,13,4.7,929
7643,Dr. Rohit Kulkarni,Malkapur,Migraine,Neurologist,15,4.3,466
7644,Dr. Rahul Sharma,Malkapur,Migraine,Neurologist,30,4.1,802
7645,Dr. Kiran Gupta,Malkapur,Migraine,Neurologist,25,4.6,1449
7646,Dr. Sneha Joshi,Malkapur,Migraine,Neurologist,3,3.6,907
7647,Dr. Anil Deshmukh,Malkapur,Migraine,Neurologist,24,4.4,1080
7648,Dr. Sneha Jadhav,Malkapur,Migraine,Neurologist,9,3.8,355
7649,Dr. Priya Gupta,Malkapur,Migraine,Neurologist,23,4.6,1049
7650,Dr. Anil Joshi,Malkapur,Migraine,Neurologist,3,4.6,926
7651,Dr. Kiran Deshmukh,Malkapur,Food Poisoning,Gastroenterologist,13,4.7,697
7652,Dr. Sneha Kulkarni,Malkapur,Food Poisoning,Gastroenterologist,21,4.0,632
7653,Dr. Priya Gupta,Malkapur,Food Poisoning,Gastroenterologist,34,4.5,1149
7654,Dr. Pooja Gupta,Malkapur,Food Poisoning,Gastroenterologist,7,3.6,305
7655,Dr. Vikas Gupta,Malkapur,Food Poisoning,Gastroenterologist,6,4.8,210
7656,Dr. Sneha Shinde,Malkapur,Food Poisoning,Gastroenterologist,3,5.0,486
7657,Dr. Anil Patil,Malkapur,Food Poisoning,Gastroenterologist,35,4.5,614
7658,Dr. Pooja Deshmukh,Malkapur,Food Poisoning,Gastroenterologist,11,3.5,365
7659,Dr. Rahul Joshi,Malkapur,Food Poisoning,Gastroenterologist,5,3.8,754
7660,Dr. Pooja Patil,Malkapur,Food Poisoning,Gastroenterologist,20,4.5,578
7661,Dr. Vikas Patil,Malkapur,Jaundice,Hepatologist,3,3.7,973
7662,Dr. Pooja Joshi,Malkapur,Jaundice,Hepatologist,26,3.5,1288
7663,Dr. Neha Kulkarni,Malkapur,Jaundice,Hepatologist,12,4.3,523
7664,Dr. Sneha Kulkarni,Malkapur,Jaundice,Hepatologist,35,4.7,1154
7665,Dr. Anil Sharma,Malkapur,Jaundice,Hepatologist,6,4.0,374
7666,Dr. Neha Gupta,Malkapur,Jaundice,Hepatologist,11,3.7,274
7667,Dr. Anil Kulkarni,Malkapur,Jaundice,Hepatologist,20,3.6,892
7668,Dr. Vikas Joshi,Malkapur,Jaundice,Hepatologist,16,4.2,856
7669,Dr. Amit Shinde,Malkapur,Jaundice,Hepatologist,12,5.0,1300
7670,Dr. Rahul Shinde,Malkapur,Jaundice,Hepatologist,35,4.1,893
7671,Dr. Rahul Joshi,Malkapur,Chickenpox,Dermatologist,25,4.2,247
7672,Dr. Kiran Gupta,Malkapur,Chickenpox,Dermatologist,22,4.0,1475
7673,Dr. Amit Jadhav,Malkapur,Chickenpox,Dermatologist,14,4.4,1148
7674,Dr. Amit Jadhav,Malkapur,Chickenpox,Dermatologist,26,4.0,204
7675,Dr. Rahul Joshi,Malkapur,Chickenpox,Dermatologist,10,3.9,459
7676,Dr. Vikas Patil,Malkapur,Chickenpox,Dermatologist,10,4.0,449
7677,Dr. Rahul Joshi,Malkapur,Chickenpox,Dermatologist,6,4.2,697
7678,Dr. Amit Kulkarni,Malkapur,Chickenpox,Dermatologist,33,4.8,294
7679,Dr. Pooja Shinde,Malkapur,Chickenpox,Dermatologist,28,4.2,583
7680,Dr. Rahul Shinde,Malkapur,Chickenpox,Dermatologist,35,3.9,1330
7681,Dr. Kiran Jadhav,Malkapur,Measles,Pediatrician,20,4.5,812
7682,Dr. Priya Shinde,Malkapur,Measles,Pediatrician,25,3.9,1098
7683,Dr. Anil Jadhav,Malkapur,Measles,Pediatrician,29,5.0,629
7684,Dr. Vikas Shinde,Malkapur,Measles,Pediatrician,17,4.6,833
7685,Dr. Neha Shinde,Malkapur,Measles,Pediatrician,15,4.1,422
7686,Dr. Vikas Joshi,Malkapur,Measles,Pediatrician,28,3.6,1105
7687,Dr. Pooja Shinde,Malkapur,Measles,Pediatrician,31,4.5,1475
7688,Dr. Kiran Sharma,Malkapur,Measles,Pediatrician,16,4.9,1278
7689,Dr. Anil Gupta,Malkapur,Measles,Pediatrician,8,4.2,511
7690,Dr. Rahul Deshmukh,Malkapur,Measles,Pediatrician,22,4.2,1040
7691,Dr. Sneha Kulkarni,Malkapur,Arthritis,Orthopedic,14,5.0,583
7692,Dr. Amit Deshmukh,Malkapur,Arthritis,Orthopedic,13,3.9,206
7693,Dr. Neha Kulkarni,Malkapur,Arthritis,Orthopedic,14,4.5,999
7694,Dr. Vikas Jadhav,Malkapur,Arthritis,Orthopedic,14,3.7,1301
7695,Dr. Rahul Sharma,Malkapur,Arthritis,Orthopedic,34,4.4,946
7696,Dr. Rahul Shinde,Malkapur,Arthritis,Orthopedic,18,4.7,1165
7697,Dr. Neha Gupta,Malkapur,Arthritis,Orthopedic,23,4.6,1351
7698,Dr. Neha Joshi,Malkapur,Arthritis,Orthopedic,18,4.2,1103
7699,Dr. Rohit Patil,Malkapur,Arthritis,Orthopedic,6,4.0,545
7700,Dr. Rohit Joshi,Malkapur,Arthritis,Orthopedic,22,4.1,876
7701,Dr. Neha Shinde,Ballarpur,Flu,General Physician,23,3.5,1107
7702,Dr. Neha Gupta,Ballarpur,Flu,General Physician,3,3.8,712
7703,Dr. Priya Patil,Ballarpur,Flu,General Physician,18,3.8,790
7704,Dr. Rohit Shinde,Ballarpur,Flu,General Physician,14,3.5,386
7705,Dr. Kiran Jadhav,Ballarpur,Flu,General Physician,28,4.3,1403
7706,Dr. Priya Jadhav,Ballarpur,Flu,General Physician,10,4.3,274
7707,Dr. Anil Deshmukh,Ballarpur,Flu,General Physician,22,3.8,498
7708,Dr. Rohit Jadhav,Ballarpur,Flu,General Physician,9,4.6,1295
7709,Dr. Sneha Shinde,Ballarpur,Flu,General Physician,5,4.8,624
7710,Dr. Vikas Deshmukh,Ballarpur,Flu,General Physician,33,4.6,1171
7711,Dr. Neha Shinde,Ballarpur,Cold,General Physician,33,4.4,510
7712,Dr. Rahul Sharma,Ballarpur,Cold,General Physician,31,3.6,1286
7713,Dr. Rahul Shinde,Ballarpur,Cold,General Physician,19,4.6,745
7714,Dr. Amit Sharma,Ballarpur,Cold,General Physician,3,4.4,480
7715,Dr. Vikas Kulkarni,Ballarpur,Cold,General Physician,18,3.8,324
7716,Dr. Sneha Gupta,Ballarpur,Cold,General Physician,4,3.8,1480
7717,Dr. Kiran Sharma,Ballarpur,Cold,General Physician,30,4.1,1332
7718,Dr. Neha Jadhav,Ballarpur,Cold,General Physician,4,4.6,1363
7719,Dr. Neha Deshmukh,Ballarpur,Cold,General Physician,3,5.0,648
7720,Dr. Kiran Kulkarni,Ballarpur,Cold,General Physician,19,4.0,247
7721,Dr. Neha Gupta,Ballarpur,COVID-19,Pulmonologist,27,4.2,1243
7722,Dr. Amit Patil,Ballarpur,COVID-19,Pulmonologist,10,4.4,1482
7723,Dr. Sneha Deshmukh,Ballarpur,COVID-19,Pulmonologist,2,4.1,731
7724,Dr. Neha Shinde,Ballarpur,COVID-19,Pulmonologist,35,4.8,1436
7725,Dr. Pooja Shinde,Ballarpur,COVID-19,Pulmonologist,27,4.8,1192
7726,Dr. Neha Deshmukh,Ballarpur,COVID-19,Pulmonologist,5,4.5,613
7727,Dr. Priya Shinde,Ballarpur,COVID-19,Pulmonologist,33,3.8,1069
7728,Dr. Rahul Patil,Ballarpur,COVID-19,Pulmonologist,14,4.7,688
7729,Dr. Vikas Deshmukh,Ballarpur,COVID-19,Pulmonologist,20,4.5,1221
7730,Dr. Anil Shinde,Ballarpur,COVID-19,Pulmonologist,21,3.8,460
7731,Dr. Rohit Deshmukh,Ballarpur,Malaria,Infectious Disease,30,4.5,445
7732,Dr. Amit Patil,Ballarpur,Malaria,Infectious Disease,34,4.8,513
7733,Dr. Sneha Deshmukh,Ballarpur,Malaria,Infectious Disease,10,4.3,1322
7734,Dr. Neha Joshi,Ballarpur,Malaria,Infectious Disease,27,4.9,1320
7735,Dr. Anil Patil,Ballarpur,Malaria,Infectious Disease,7,4.3,667
7736,Dr. Sneha Patil,Ballarpur,Malaria,Infectious Disease,25,4.5,1123
7737,Dr. Neha Joshi,Ballarpur,Malaria,Infectious Disease,19,5.0,1476
7738,Dr. Anil Shinde,Ballarpur,Malaria,Infectious Disease,15,3.8,1421
7739,Dr. Vikas Sharma,Ballarpur,Malaria,Infectious Disease,24,4.1,240
7740,Dr. Vikas Gupta,Ballarpur,Malaria,Infectious Disease,11,4.2,1386
7741,Dr. Rahul Patil,Ballarpur,Dengue,Infectious Disease,2,3.8,937
7742,Dr. Anil Sharma,Ballarpur,Dengue,Infectious Disease,8,3.9,899
7743,Dr. Rahul Sharma,Ballarpur,Dengue,Infectious Disease,11,4.7,789
7744,Dr. Rahul Shinde,Ballarpur,Dengue,Infectious Disease,35,4.0,962
7745,Dr. Rahul Joshi,Ballarpur,Dengue,Infectious Disease,30,3.9,450
7746,Dr. Anil Shinde,Ballarpur,Dengue,Infectious Disease,16,4.2,536
7747,Dr. Rahul Shinde,Ballarpur,Dengue,Infectious Disease,27,3.6,748
7748,Dr. Neha Deshmukh,Ballarpur,Dengue,Infectious Disease,5,3.8,1067
7749,Dr. Sneha Deshmukh,Ballarpur,Dengue,Infectious Disease,3,4.9,1133
7750,Dr. Rahul Jadhav,Ballarpur,Dengue,Infectious Disease,10,4.1,927
7751,Dr. Amit Shinde,Ballarpur,Typhoid,General Physician,9,4.6,609
7752,Dr. Neha Kulkarni,Ballarpur,Typhoid,General Physician,29,4.4,250
7753,Dr. Pooja Sharma,Ballarpur,Typhoid,General Physician,11,4.6,1356
7754,Dr. Priya Joshi,Ballarpur,Typhoid,General Physician,5,4.5,595
7755,Dr. Anil Patil,Ballarpur,Typhoid,General Physician,6,4.6,1302
7756,Dr. Kiran Jadhav,Ballarpur,Typhoid,General Physician,11,3.5,1354
7757,Dr. Kiran Kulkarni,Ballarpur,Typhoid,General Physician,30,3.8,870
7758,Dr. Priya Jadhav,Ballarpur,Typhoid,General Physician,13,3.6,1325
7759,Dr. Sneha Gupta,Ballarpur,Typhoid,General Physician,15,3.8,1117
7760,Dr. Anil Deshmukh,Ballarpur,Typhoid,General Physician,28,4.6,1123
7761,Dr. Rahul Joshi,Ballarpur,Asthma,Pulmonologist,5,4.9,1314
7762,Dr. Priya Kulkarni,Ballarpur,Asthma,Pulmonologist,32,5.0,1342
7763,Dr. Kiran Gupta,Ballarpur,Asthma,Pulmonologist,8,4.3,781
7764,Dr. Rohit Patil,Ballarpur,Asthma,Pulmonologist,1,4.2,531
7765,Dr. Anil Jadhav,Ballarpur,Asthma,Pulmonologist,19,4.0,782
7766,Dr. Rohit Patil,Ballarpur,Asthma,Pulmonologist,26,3.5,1108
7767,Dr. Rahul Sharma,Ballarpur,Asthma,Pulmonologist,5,5.0,1288
7768,Dr. Rahul Shinde,Ballarpur,Asthma,Pulmonologist,14,3.7,743
7769,Dr. Priya Shinde,Ballarpur,Asthma,Pulmonologist,11,5.0,385
7770,Dr. Rohit Patil,Ballarpur,Asthma,Pulmonologist,22,4.7,463
7771,Dr. Rohit Joshi,Ballarpur,Diabetes,Endocrinologist,8,4.5,1050
7772,Dr. Rohit Joshi,Ballarpur,Diabetes,Endocrinologist,34,3.5,831
7773,Dr. Rahul Joshi,Ballarpur,Diabetes,Endocrinologist,13,4.3,570
7774,Dr. Rohit Joshi,Ballarpur,Diabetes,Endocrinologist,13,4.0,1023
7775,Dr. Amit Patil,Ballarpur,Diabetes,Endocrinologist,13,4.6,382
7776,Dr. Rahul Jadhav,Ballarpur,Diabetes,Endocrinologist,25,4.7,519
7777,Dr. Rahul Patil,Ballarpur,Diabetes,Endocrinologist,12,3.9,1498
7778,Dr. Rahul Kulkarni,Ballarpur,Diabetes,Endocrinologist,10,3.8,1176
7779,Dr. Amit Joshi,Ballarpur,Diabetes,Endocrinologist,29,4.0,873
7780,Dr. Priya Shinde,Ballarpur,Diabetes,Endocrinologist,29,4.5,1497
7781,Dr. Neha Deshmukh,Ballarpur,Migraine,Neurologist,1,4.6,787
7782,Dr. Kiran Jadhav,Ballarpur,Migraine,Neurologist,26,4.0,286
7783,Dr. Vikas Jadhav,Ballarpur,Migraine,Neurologist,29,4.6,203
7784,Dr. Neha Shinde,Ballarpur,Migraine,Neurologist,32,3.9,970
7785,Dr. Priya Jadhav,Ballarpur,Migraine,Neurologist,17,4.7,1429
7786,Dr. Amit Deshmukh,Ballarpur,Migraine,Neurologist,3,4.2,551
7787,Dr. Kiran Deshmukh,Ballarpur,Migraine,Neurologist,24,3.7,1430
7788,Dr. Sneha Jadhav,Ballarpur,Migraine,Neurologist,17,4.2,848
7789,Dr. Kiran Patil,Ballarpur,Migraine,Neurologist,20,4.2,497
7790,Dr. Vikas Patil,Ballarpur,Migraine,Neurologist,31,4.6,502
7791,Dr. Rahul Patil,Ballarpur,Food Poisoning,Gastroenterologist,25,3.9,1334
7792,Dr. Kiran Joshi,Ballarpur,Food Poisoning,Gastroenterologist,16,4.0,695
7793,Dr. Sneha Patil,Ballarpur,Food Poisoning,Gastroenterologist,3,4.5,1024
7794,Dr. Anil Patil,Ballarpur,Food Poisoning,Gastroenterologist,14,3.6,1441
7795,Dr. Sneha Gupta,Ballarpur,Food Poisoning,Gastroenterologist,26,3.6,500
7796,Dr. Vikas Jadhav,Ballarpur,Food Poisoning,Gastroenterologist,6,3.5,411
7797,Dr. Anil Kulkarni,Ballarpur,Food Poisoning,Gastroenterologist,28,4.8,1107
7798,Dr. Pooja Sharma,Ballarpur,Food Poisoning,Gastroenterologist,6,4.4,397
7799,Dr. Pooja Gupta,Ballarpur,Food Poisoning,Gastroenterologist,8,4.6,698
7800,Dr. Priya Shinde,Ballarpur,Food Poisoning,Gastroenterologist,11,4.7,860
7801,Dr. Rohit Kulkarni,Ballarpur,Jaundice,Hepatologist,12,4.8,381
7802,Dr. Priya Gupta,Ballarpur,Jaundice,Hepatologist,13,3.9,269
7803,Dr. Neha Patil,Ballarpur,Jaundice,Hepatologist,16,3.8,266
7804,Dr. Neha Joshi,Ballarpur,Jaundice,Hepatologist,4,4.4,594
7805,Dr. Sneha Kulkarni,Ballarpur,Jaundice,Hepatologist,21,4.5,550
7806,Dr. Amit Kulkarni,Ballarpur,Jaundice,Hepatologist,9,4.1,625
7807,Dr. Rahul Deshmukh,Ballarpur,Jaundice,Hepatologist,21,4.0,621
7808,Dr. Vikas Joshi,Ballarpur,Jaundice,Hepatologist,26,4.7,1058
7809,Dr. Anil Joshi,Ballarpur,Jaundice,Hepatologist,11,4.7,694
7810,Dr. Kiran Deshmukh,Ballarpur,Jaundice,Hepatologist,28,4.9,378
7811,Dr. Anil Deshmukh,Ballarpur,Chickenpox,Dermatologist,26,4.4,1386
7812,Dr. Priya Joshi,Ballarpur,Chickenpox,Dermatologist,20,4.2,888
7813,Dr. Anil Patil,Ballarpur,Chickenpox,Dermatologist,31,4.7,1068
7814,Dr. Kiran Jadhav,Ballarpur,Chickenpox,Dermatologist,28,4.8,831
7815,Dr. Kiran Joshi,Ballarpur,Chickenpox,Dermatologist,26,4.1,1328
7816,Dr. Kiran Deshmukh,Ballarpur,Chickenpox,Dermatologist,7,4.3,730
7817,Dr. Neha Gupta,Ballarpur,Chickenpox,Dermatologist,26,3.9,883
7818,Dr. Kiran Kulkarni,Ballarpur,Chickenpox,Dermatologist,26,4.8,818
7819,Dr. Amit Patil,Ballarpur,Chickenpox,Dermatologist,33,4.8,680
7820,Dr. Sneha Sharma,Ballarpur,Chickenpox,Dermatologist,30,4.7,1436
7821,Dr. Neha Kulkarni,Ballarpur,Measles,Pediatrician,12,4.5,813
7822,Dr. Rohit Deshmukh,Ballarpur,Measles,Pediatrician,7,3.9,1317
7823,Dr. Anil Shinde,Ballarpur,Measles,Pediatrician,18,4.1,1128
7824,Dr. Pooja Joshi,Ballarpur,Measles,Pediatrician,22,3.9,1409
7825,Dr. Vikas Jadhav,Ballarpur,Measles,Pediatrician,31,4.1,966
7826,Dr. Sneha Sharma,Ballarpur,Measles,Pediatrician,4,4.7,278
7827,Dr. Vikas Patil,Ballarpur,Measles,Pediatrician,27,4.8,1221
7828,Dr. Priya Kulkarni,Ballarpur,Measles,Pediatrician,1,4.3,511
7829,Dr. Pooja Sharma,Ballarpur,Measles,Pediatrician,16,4.2,481
7830,Dr. Vikas Gupta,Ballarpur,Measles,Pediatrician,5,3.7,1397
7831,Dr. Neha Shinde,Ballarpur,Arthritis,Orthopedic,22,3.9,1306
7832,Dr. Vikas Jadhav,Ballarpur,Arthritis,Orthopedic,9,4.1,909
7833,Dr. Anil Patil,Ballarpur,Arthritis,Orthopedic,3,4.9,1394
7834,Dr. Kiran Jadhav,Ballarpur,Arthritis,Orthopedic,30,4.7,788
7835,Dr. Kiran Deshmukh,Ballarpur,Arthritis,Orthopedic,21,3.9,303
7836,Dr. Vikas Deshmukh,Ballarpur,Arthritis,Orthopedic,19,3.7,656
7837,Dr. Priya Sharma,Ballarpur,Arthritis,Orthopedic,32,4.6,485
7838,Dr. Anil Jadhav,Ballarpur,Arthritis,Orthopedic,16,3.8,833
7839,Dr. Amit Shinde,Ballarpur,Arthritis,Orthopedic,21,4.5,464
7840,Dr. Priya Sharma,Ballarpur,Arthritis,Orthopedic,33,3.6,964
7841,Dr. Rohit Jadhav,Achalpur,Flu,General Physician,29,3.9,1023
7842,Dr. Sneha Kulkarni,Achalpur,Flu,General Physician,5,4.2,1227
7843,Dr. Neha Shinde,Achalpur,Flu,General Physician,5,4.4,1216
7844,Dr. Rahul Sharma,Achalpur,Flu,General Physician,4,3.6,798
7845,Dr. Kiran Sharma,Achalpur,Flu,General Physician,10,5.0,1433
7846,Dr. Kiran Jadhav,Achalpur,Flu,General Physician,34,3.6,1295
7847,Dr. Neha Gupta,Achalpur,Flu,General Physician,34,3.6,430
7848,Dr. Neha Patil,Achalpur,Flu,General Physician,3,5.0,980
7849,Dr. Amit Shinde,Achalpur,Flu,General Physician,13,4.6,1005
7850,Dr. Anil Gupta,Achalpur,Flu,General Physician,1,4.2,1275
7851,Dr. Amit Deshmukh,Achalpur,Cold,General Physician,20,3.6,1310
7852,Dr. Amit Shinde,Achalpur,Cold,General Physician,7,3.6,1128
7853,Dr. Priya Sharma,Achalpur,Cold,General Physician,20,4.9,344
7854,Dr. Kiran Deshmukh,Achalpur,Cold,General Physician,23,3.7,742
7855,Dr. Vikas Jadhav,Achalpur,Cold,General Physician,1,4.5,599
7856,Dr. Pooja Shinde,Achalpur,Cold,General Physician,29,4.3,486
7857,Dr. Rohit Kulkarni,Achalpur,Cold,General Physician,14,4.4,1123
7858,Dr. Anil Kulkarni,Achalpur,Cold,General Physician,13,4.7,623
7859,Dr. Anil Sharma,Achalpur,Cold,General Physician,14,4.1,998
7860,Dr. Priya Kulkarni,Achalpur,Cold,General Physician,13,3.9,661
7861,Dr. Amit Patil,Achalpur,COVID-19,Pulmonologist,5,4.3,849
7862,Dr. Pooja Patil,Achalpur,COVID-19,Pulmonologist,2,4.0,576
7863,Dr. Rohit Shinde,Achalpur,COVID-19,Pulmonologist,7,4.3,1490
7864,Dr. Rahul Kulkarni,Achalpur,COVID-19,Pulmonologist,3,4.7,1230
7865,Dr. Rahul Patil,Achalpur,COVID-19,Pulmonologist,33,5.0,704
7866,Dr. Rahul Kulkarni,Achalpur,COVID-19,Pulmonologist,6,3.9,307
7867,Dr. Neha Joshi,Achalpur,COVID-19,Pulmonologist,6,4.3,993
7868,Dr. Vikas Kulkarni,Achalpur,COVID-19,Pulmonologist,34,4.5,1021
7869,Dr. Anil Kulkarni,Achalpur,COVID-19,Pulmonologist,33,4.0,566
7870,Dr. Amit Jadhav,Achalpur,COVID-19,Pulmonologist,25,3.6,1436
7871,Dr. Priya Kulkarni,Achalpur,Malaria,Infectious Disease,9,4.8,662
7872,Dr. Neha Gupta,Achalpur,Malaria,Infectious Disease,15,3.9,821
7873,Dr. Kiran Deshmukh,Achalpur,Malaria,Infectious Disease,30,4.9,861
7874,Dr. Anil Jadhav,Achalpur,Malaria,Infectious Disease,11,3.8,1289
7875,Dr. Amit Shinde,Achalpur,Malaria,Infectious Disease,35,4.6,819
7876,Dr. Vikas Sharma,Achalpur,Malaria,Infectious Disease,2,4.6,1173
7877,Dr. Amit Sharma,Achalpur,Malaria,Infectious Disease,7,4.5,227
7878,Dr. Pooja Patil,Achalpur,Malaria,Infectious Disease,16,4.9,554
7879,Dr. Sneha Jadhav,Achalpur,Malaria,Infectious Disease,32,3.9,1497
7880,Dr. Anil Jadhav,Achalpur,Malaria,Infectious Disease,20,3.9,941
7881,Dr. Kiran Jadhav,Achalpur,Dengue,Infectious Disease,24,3.7,1198
7882,Dr. Sneha Jadhav,Achalpur,Dengue,Infectious Disease,5,4.2,649
7883,Dr. Kiran Jadhav,Achalpur,Dengue,Infectious Disease,28,4.7,732
7884,Dr. Sneha Jadhav,Achalpur,Dengue,Infectious Disease,2,4.5,811
7885,Dr. Anil Jadhav,Achalpur,Dengue,Infectious Disease,1,4.7,304
7886,Dr. Sneha Shinde,Achalpur,Dengue,Infectious Disease,9,3.8,480
7887,Dr. Rahul Gupta,Achalpur,Dengue,Infectious Disease,31,3.7,505
7888,Dr. Pooja Gupta,Achalpur,Dengue,Infectious Disease,18,4.1,1205
7889,Dr. Amit Jadhav,Achalpur,Dengue,Infectious Disease,34,4.8,211
7890,Dr. Sneha Gupta,Achalpur,Dengue,Infectious Disease,2,4.0,792
7891,Dr. Anil Shinde,Achalpur,Typhoid,General Physician,4,4.3,640
7892,Dr. Pooja Jadhav,Achalpur,Typhoid,General Physician,26,4.3,1174
7893,Dr. Priya Joshi,Achalpur,Typhoid,General Physician,33,3.8,1142
7894,Dr. Neha Deshmukh,Achalpur,Typhoid,General Physician,3,4.8,680
7895,Dr. Pooja Kulkarni,Achalpur,Typhoid,General Physician,27,4.5,1295
7896,Dr. Amit Deshmukh,Achalpur,Typhoid,General Physician,10,4.4,1321
7897,Dr. Rohit Sharma,Achalpur,Typhoid,General Physician,7,4.3,1321
7898,Dr. Neha Shinde,Achalpur,Typhoid,General Physician,25,3.8,363
7899,Dr. Neha Joshi,Achalpur,Typhoid,General Physician,10,3.9,926
7900,Dr. Pooja Shinde,Achalpur,Typhoid,General Physician,17,4.3,1139
7901,Dr. Priya Shinde,Achalpur,Asthma,Pulmonologist,17,4.6,764
7902,Dr. Anil Shinde,Achalpur,Asthma,Pulmonologist,16,4.4,652
7903,Dr. Neha Shinde,Achalpur,Asthma,Pulmonologist,4,3.8,1026
7904,Dr. Anil Patil,Achalpur,Asthma,Pulmonologist,17,4.1,998
7905,Dr. Amit Joshi,Achalpur,Asthma,Pulmonologist,13,4.5,315
7906,Dr. Vikas Joshi,Achalpur,Asthma,Pulmonologist,13,3.6,1438
7907,Dr. Kiran Shinde,Achalpur,Asthma,Pulmonologist,5,4.0,628
7908,Dr. Vikas Gupta,Achalpur,Asthma,Pulmonologist,35,4.7,1419
7909,Dr. Amit Jadhav,Achalpur,Asthma,Pulmonologist,27,4.9,283
7910,Dr. Neha Shinde,Achalpur,Asthma,Pulmonologist,6,4.0,1314
7911,Dr. Rohit Gupta,Achalpur,Diabetes,Endocrinologist,14,4.8,317
7912,Dr. Anil Patil,Achalpur,Diabetes,Endocrinologist,24,4.9,1011
7913,Dr. Vikas Sharma,Achalpur,Diabetes,Endocrinologist,34,4.7,1209
7914,Dr. Rahul Joshi,Achalpur,Diabetes,Endocrinologist,31,4.7,1351
7915,Dr. Rohit Deshmukh,Achalpur,Diabetes,Endocrinologist,5,3.7,895
7916,Dr. Pooja Deshmukh,Achalpur,Diabetes,Endocrinologist,21,4.8,427
7917,Dr. Priya Gupta,Achalpur,Diabetes,Endocrinologist,34,4.7,861
7918,Dr. Kiran Deshmukh,Achalpur,Diabetes,Endocrinologist,20,4.7,232
7919,Dr. Sneha Joshi,Achalpur,Diabetes,Endocrinologist,16,4.2,980
7920,Dr. Rohit Kulkarni,Achalpur,Diabetes,Endocrinologist,7,4.9,1325
7921,Dr. Anil Jadhav,Achalpur,Migraine,Neurologist,32,4.8,1243
7922,Dr. Sneha Gupta,Achalpur,Migraine,Neurologist,28,4.2,1406
7923,Dr. Rahul Shinde,Achalpur,Migraine,Neurologist,28,4.6,1070
7924,Dr. Kiran Gupta,Achalpur,Migraine,Neurologist,1,4.5,1356
7925,Dr. Vikas Joshi,Achalpur,Migraine,Neurologist,22,4.2,999
7926,Dr. Kiran Sharma,Achalpur,Migraine,Neurologist,13,3.7,920
7927,Dr. Anil Kulkarni,Achalpur,Migraine,Neurologist,14,4.0,877
7928,Dr. Sneha Shinde,Achalpur,Migraine,Neurologist,27,4.8,597
7929,Dr. Rahul Patil,Achalpur,Migraine,Neurologist,3,4.5,1144
7930,Dr. Anil Gupta,Achalpur,Migraine,Neurologist,5,3.7,1472
7931,Dr. Sneha Sharma,Achalpur,Food Poisoning,Gastroenterologist,17,4.1,915
7932,Dr. Rahul Shinde,Achalpur,Food Poisoning,Gastroenterologist,35,5.0,261
7933,Dr. Anil Jadhav,Achalpur,Food Poisoning,Gastroenterologist,2,4.0,629
7934,Dr. Pooja Jadhav,Achalpur,Food Poisoning,Gastroenterologist,32,4.0,1400
7935,Dr. Vikas Jadhav,Achalpur,Food Poisoning,Gastroenterologist,31,4.8,595
7936,Dr. Neha Jadhav,Achalpur,Food Poisoning,Gastroenterologist,3,4.0,461
7937,Dr. Anil Shinde,Achalpur,Food Poisoning,Gastroenterologist,27,3.9,375
7938,Dr. Pooja Kulkarni,Achalpur,Food Poisoning,Gastroenterologist,33,4.3,464
7939,Dr. Anil Deshmukh,Achalpur,Food Poisoning,Gastroenterologist,34,4.6,735
7940,Dr. Rahul Patil,Achalpur,Food Poisoning,Gastroenterologist,26,3.8,249
7941,Dr. Kiran Gupta,Achalpur,Jaundice,Hepatologist,7,4.2,484
7942,Dr. Pooja Patil,Achalpur,Jaundice,Hepatologist,24,4.3,1376
7943,Dr. Neha Gupta,Achalpur,Jaundice,Hepatologist,31,3.6,201
7944,Dr. Priya Sharma,Achalpur,Jaundice,Hepatologist,20,3.6,1045
7945,Dr. Sneha Jadhav,Achalpur,Jaundice,Hepatologist,19,4.3,822
7946,Dr. Rohit Sharma,Achalpur,Jaundice,Hepatologist,19,3.8,1388
7947,Dr. Amit Deshmukh,Achalpur,Jaundice,Hepatologist,1,4.9,1385
7948,Dr. Anil Joshi,Achalpur,Jaundice,Hepatologist,16,4.4,674
7949,Dr. Sneha Gupta,Achalpur,Jaundice,Hepatologist,12,4.0,1277
7950,Dr. Priya Kulkarni,Achalpur,Jaundice,Hepatologist,33,4.5,376
7951,Dr. Kiran Joshi,Achalpur,Chickenpox,Dermatologist,31,4.4,464
7952,Dr. Neha Jadhav,Achalpur,Chickenpox,Dermatologist,32,4.4,1105
7953,Dr. Anil Kulkarni,Achalpur,Chickenpox,Dermatologist,7,3.6,1400
7954,Dr. Vikas Joshi,Achalpur,Chickenpox,Dermatologist,13,3.9,908
7955,Dr. Sneha Joshi,Achalpur,Chickenpox,Dermatologist,30,4.4,548
7956,Dr. Rahul Gupta,Achalpur,Chickenpox,Dermatologist,3,4.4,1234
7957,Dr. Vikas Sharma,Achalpur,Chickenpox,Dermatologist,19,4.6,1249
7958,Dr. Vikas Sharma,Achalpur,Chickenpox,Dermatologist,35,3.6,1246
7959,Dr. Neha Jadhav,Achalpur,Chickenpox,Dermatologist,27,3.8,1257
7960,Dr. Kiran Kulkarni,Achalpur,Chickenpox,Dermatologist,15,3.8,926
7961,Dr. Rahul Deshmukh,Achalpur,Measles,Pediatrician,4,4.9,381
7962,Dr. Rohit Patil,Achalpur,Measles,Pediatrician,12,3.6,922
7963,Dr. Neha Patil,Achalpur,Measles,Pediatrician,13,4.6,637
7964,Dr. Priya Shinde,Achalpur,Measles,Pediatrician,11,4.1,700
7965,Dr. Pooja Sharma,Achalpur,Measles,Pediatrician,10,4.5,897
7966,Dr. Pooja Deshmukh,Achalpur,Measles,Pediatrician,15,3.9,1004
7967,Dr. Kiran Sharma,Achalpur,Measles,Pediatrician,12,4.8,959
7968,Dr. Vikas Jadhav,Achalpur,Measles,Pediatrician,34,4.2,1317
7969,Dr. Pooja Sharma,Achalpur,Measles,Pediatrician,11,4.9,479
7970,Dr. Pooja Kulkarni,Achalpur,Measles,Pediatrician,33,4.4,1117
7971,Dr. Priya Shinde,Achalpur,Arthritis,Orthopedic,30,4.7,1077
7972,Dr. Pooja Kulkarni,Achalpur,Arthritis,Orthopedic,18,4.5,465
7973,Dr. Rahul Kulkarni,Achalpur,Arthritis,Orthopedic,30,4.6,551
7974,Dr. Anil Kulkarni,Achalpur,Arthritis,Orthopedic,33,3.7,854
7975,Dr. Neha Kulkarni,Achalpur,Arthritis,Orthopedic,15,4.2,1034
7976,Dr. Neha Jadhav,Achalpur,Arthritis,Orthopedic,26,4.7,939
7977,Dr. Vikas Kulkarni,Achalpur,Arthritis,Orthopedic,27,4.9,760
7978,Dr. Vikas Deshmukh,Achalpur,Arthritis,Orthopedic,22,4.7,564
7979,Dr. Neha Jadhav,Achalpur,Arthritis,Orthopedic,17,5.0,645
7980,Dr. Amit Joshi,Achalpur,Arthritis,Orthopedic,5,4.7,253
7981,Dr. Anil Joshi,Digras,Flu,General Physician,10,4.7,1367
7982,Dr. Sneha Kulkarni,Digras,Flu,General Physician,3,4.1,972
7983,Dr. Pooja Sharma,Digras,Flu,General Physician,6,4.8,607
7984,Dr. Vikas Shinde,Digras,Flu,General Physician,23,3.8,1377
7985,Dr. Neha Joshi,Digras,Flu,General Physician,31,4.5,368
7986,Dr. Anil Joshi,Digras,Flu,General Physician,16,3.8,436
7987,Dr. Priya Jadhav,Digras,Flu,General Physician,3,3.8,1017
7988,Dr. Kiran Kulkarni,Digras,Flu,General Physician,14,3.6,667
7989,Dr. Amit Sharma,Digras,Flu,General Physician,32,3.8,749
7990,Dr. Rahul Joshi,Digras,Flu,General Physician,18,4.4,546
7991,Dr. Kiran Deshmukh,Digras,Cold,General Physician,23,4.2,1421
7992,Dr. Sneha Joshi,Digras,Cold,General Physician,5,4.8,1456
7993,Dr. Neha Joshi,Digras,Cold,General Physician,24,3.9,1438
7994,Dr. Priya Gupta,Digras,Cold,General Physician,19,4.6,971
7995,Dr. Neha Joshi,Digras,Cold,General Physician,15,4.7,304
7996,Dr. Rahul Sharma,Digras,Cold,General Physician,12,4.9,1190
7997,Dr. Rahul Patil,Digras,Cold,General Physician,17,4.5,633
7998,Dr. Amit Gupta,Digras,Cold,General Physician,19,4.9,533
7999,Dr. Kiran Jadhav,Digras,Cold,General Physician,13,3.8,774
8000,Dr. Rahul Joshi,Digras,Cold,General Physician,11,3.8,395
8001,Dr. Rahul Jadhav,Digras,COVID-19,Pulmonologist,22,4.2,945
8002,Dr. Vikas Jadhav,Digras,COVID-19,Pulmonologist,25,4.4,1482
8003,Dr. Amit Deshmukh,Digras,COVID-19,Pulmonologist,28,4.6,685
8004,Dr. Anil Deshmukh,Digras,COVID-19,Pulmonologist,13,4.3,397
8005,Dr. Priya Joshi,Digras,COVID-19,Pulmonologist,4,3.9,1096
8006,Dr. Pooja Joshi,Digras,COVID-19,Pulmonologist,35,3.7,423
8007,Dr. Sneha Deshmukh,Digras,COVID-19,Pulmonologist,26,4.8,1125
8008,Dr. Rohit Gupta,Digras,COVID-19,Pulmonologist,10,4.8,1500
8009,Dr. Pooja Joshi,Digras,COVID-19,Pulmonologist,15,4.8,1307
8010,Dr. Kiran Joshi,Digras,COVID-19,Pulmonologist,17,3.7,235
8011,Dr. Anil Gupta,Digras,Malaria,Infectious Disease,3,4.8,1034
8012,Dr. Kiran Kulkarni,Digras,Malaria,Infectious Disease,5,4.9,1399
8013,Dr. Amit Joshi,Digras,Malaria,Infectious Disease,16,3.7,1293
8014,Dr. Amit Joshi,Digras,Malaria,Infectious Disease,1,4.0,686
8015,Dr. Priya Joshi,Digras,Malaria,Infectious Disease,33,4.9,1033
8016,Dr. Neha Sharma,Digras,Malaria,Infectious Disease,33,4.8,388
8017,Dr. Pooja Joshi,Digras,Malaria,Infectious Disease,13,4.6,216
8018,Dr. Neha Sharma,Digras,Malaria,Infectious Disease,17,4.2,542
8019,Dr. Kiran Deshmukh,Digras,Malaria,Infectious Disease,12,4.5,1298
8020,Dr. Vikas Sharma,Digras,Malaria,Infectious Disease,21,4.5,544
8021,Dr. Anil Gupta,Digras,Dengue,Infectious Disease,25,4.6,862
8022,Dr. Pooja Shinde,Digras,Dengue,Infectious Disease,33,4.6,846
8023,Dr. Rohit Shinde,Digras,Dengue,Infectious Disease,35,4.7,846
8024,Dr. Vikas Deshmukh,Digras,Dengue,Infectious Disease,19,5.0,1168
8025,Dr. Kiran Gupta,Digras,Dengue,Infectious Disease,15,4.4,989
8026,Dr. Anil Jadhav,Digras,Dengue,Infectious Disease,28,4.5,1050
8027,Dr. Rahul Patil,Digras,Dengue,Infectious Disease,31,4.5,1245
8028,Dr. Rahul Kulkarni,Digras,Dengue,Infectious Disease,20,4.3,1449
8029,Dr. Neha Joshi,Digras,Dengue,Infectious Disease,25,3.9,596
8030,Dr. Vikas Joshi,Digras,Dengue,Infectious Disease,15,4.6,962
8031,Dr. Kiran Deshmukh,Digras,Typhoid,General Physician,14,3.8,368
8032,Dr. Priya Gupta,Digras,Typhoid,General Physician,10,5.0,513
8033,Dr. Kiran Gupta,Digras,Typhoid,General Physician,10,3.5,669
8034,Dr. Pooja Shinde,Digras,Typhoid,General Physician,10,4.4,769
8035,Dr. Kiran Kulkarni,Digras,Typhoid,General Physician,3,4.8,820
8036,Dr. Vikas Joshi,Digras,Typhoid,General Physician,21,3.6,1050
8037,Dr. Rohit Shinde,Digras,Typhoid,General Physician,15,4.8,1483
8038,Dr. Kiran Sharma,Digras,Typhoid,General Physician,31,4.4,1008
8039,Dr. Sneha Shinde,Digras,Typhoid,General Physician,13,4.6,312
8040,Dr. Anil Patil,Digras,Typhoid,General Physician,29,4.2,1172
8041,Dr. Amit Joshi,Digras,Asthma,Pulmonologist,11,3.8,1491
8042,Dr. Vikas Deshmukh,Digras,Asthma,Pulmonologist,29,3.9,1039
8043,Dr. Vikas Patil,Digras,Asthma,Pulmonologist,30,3.9,877
8044,Dr. Vikas Kulkarni,Digras,Asthma,Pulmonologist,23,4.0,414
8045,Dr. Rohit Shinde,Digras,Asthma,Pulmonologist,17,4.7,777
8046,Dr. Amit Kulkarni,Digras,Asthma,Pulmonologist,24,4.5,940
8047,Dr. Pooja Gupta,Digras,Asthma,Pulmonologist,15,3.6,700
8048,Dr. Sneha Kulkarni,Digras,Asthma,Pulmonologist,31,4.5,759
8049,Dr. Neha Deshmukh,Digras,Asthma,Pulmonologist,3,4.0,249
8050,Dr. Sneha Joshi,Digras,Asthma,Pulmonologist,13,3.7,1255
8051,Dr. Rahul Sharma,Digras,Diabetes,Endocrinologist,24,4.2,809
8052,Dr. Vikas Deshmukh,Digras,Diabetes,Endocrinologist,18,4.7,1181
8053,Dr. Amit Gupta,Digras,Diabetes,Endocrinologist,19,4.3,797
8054,Dr. Rohit Shinde,Digras,Diabetes,Endocrinologist,2,3.7,836
8055,Dr. Sneha Kulkarni,Digras,Diabetes,Endocrinologist,5,3.5,261
8056,Dr. Kiran Gupta,Digras,Diabetes,Endocrinologist,28,4.6,689
8057,Dr. Neha Gupta,Digras,Diabetes,Endocrinologist,30,4.9,1053
8058,Dr. Vikas Deshmukh,Digras,Diabetes,Endocrinologist,34,4.1,720
8059,Dr. Pooja Patil,Digras,Diabetes,Endocrinologist,21,4.8,886
8060,Dr. Neha Patil,Digras,Diabetes,Endocrinologist,16,4.0,830
8061,Dr. Rohit Jadhav,Digras,Migraine,Neurologist,22,3.8,309
8062,Dr. Neha Jadhav,Digras,Migraine,Neurologist,13,4.7,783
8063,Dr. Amit Jadhav,Digras,Migraine,Neurologist,7,4.1,1023
8064,Dr. Rahul Deshmukh,Digras,Migraine,Neurologist,29,3.9,1367
8065,Dr. Rahul Patil,Digras,Migraine,Neurologist,15,4.8,357
8066,Dr. Pooja Jadhav,Digras,Migraine,Neurologist,35,3.7,507
8067,Dr. Anil Joshi,Digras,Migraine,Neurologist,10,4.9,361
8068,Dr. Vikas Sharma,Digras,Migraine,Neurologist,27,3.8,1055
8069,Dr. Neha Jadhav,Digras,Migraine,Neurologist,25,3.8,1196
8070,Dr. Vikas Patil,Digras,Migraine,Neurologist,4,4.3,1167
8071,Dr. Rahul Kulkarni,Digras,Food Poisoning,Gastroenterologist,24,3.8,291
8072,Dr. Amit Shinde,Digras,Food Poisoning,Gastroenterologist,22,4.4,497
8073,Dr. Kiran Deshmukh,Digras,Food Poisoning,Gastroenterologist,12,3.9,966
8074,Dr. Pooja Deshmukh,Digras,Food Poisoning,Gastroenterologist,3,4.2,970
8075,Dr. Amit Patil,Digras,Food Poisoning,Gastroenterologist,33,4.9,618
8076,Dr. Kiran Kulkarni,Digras,Food Poisoning,Gastroenterologist,10,3.8,705
8077,Dr. Vikas Joshi,Digras,Food Poisoning,Gastroenterologist,27,4.6,278
8078,Dr. Kiran Kulkarni,Digras,Food Poisoning,Gastroenterologist,21,4.5,702
8079,Dr. Anil Sharma,Digras,Food Poisoning,Gastroenterologist,33,4.4,727
8080,Dr. Pooja Deshmukh,Digras,Food Poisoning,Gastroenterologist,35,4.1,615
8081,Dr. Rohit Patil,Digras,Jaundice,Hepatologist,30,4.9,256
8082,Dr. Anil Joshi,Digras,Jaundice,Hepatologist,14,4.5,1117
8083,Dr. Neha Sharma,Digras,Jaundice,Hepatologist,17,4.0,761
8084,Dr. Neha Kulkarni,Digras,Jaundice,Hepatologist,14,4.3,590
8085,Dr. Kiran Kulkarni,Digras,Jaundice,Hepatologist,26,4.3,781
8086,Dr. Rohit Gupta,Digras,Jaundice,Hepatologist,10,4.4,1132
8087,Dr. Pooja Kulkarni,Digras,Jaundice,Hepatologist,27,4.0,1410
8088,Dr. Pooja Kulkarni,Digras,Jaundice,Hepatologist,13,3.7,1494
8089,Dr. Vikas Shinde,Digras,Jaundice,Hepatologist,27,3.8,670
8090,Dr. Sneha Patil,Digras,Jaundice,Hepatologist,11,3.6,1468
8091,Dr. Vikas Gupta,Digras,Chickenpox,Dermatologist,6,3.6,666
8092,Dr. Rahul Kulkarni,Digras,Chickenpox,Dermatologist,8,4.4,373
8093,Dr. Anil Patil,Digras,Chickenpox,Dermatologist,21,4.3,219
8094,Dr. Kiran Sharma,Digras,Chickenpox,Dermatologist,28,3.9,1203
8095,Dr. Neha Patil,Digras,Chickenpox,Dermatologist,24,4.5,1258
8096,Dr. Vikas Sharma,Digras,Chickenpox,Dermatologist,26,4.0,382
8097,Dr. Priya Jadhav,Digras,Chickenpox,Dermatologist,32,4.2,1085
8098,Dr. Amit Joshi,Digras,Chickenpox,Dermatologist,34,4.7,274
8099,Dr. Anil Patil,Digras,Chickenpox,Dermatologist,3,4.5,1489
8100,Dr. Neha Jadhav,Digras,Chickenpox,Dermatologist,11,4.0,1107
8101,Dr. Kiran Joshi,Digras,Measles,Pediatrician,24,4.3,1010
8102,Dr. Sneha Jadhav,Digras,Measles,Pediatrician,26,4.0,1404
8103,Dr. Pooja Joshi,Digras,Measles,Pediatrician,33,3.6,1070
8104,Dr. Vikas Joshi,Digras,Measles,Pediatrician,25,4.2,235
8105,Dr. Vikas Gupta,Digras,Measles,Pediatrician,3,4.4,828
8106,Dr. Vikas Shinde,Digras,Measles,Pediatrician,21,4.2,276
8107,Dr. Vikas Jadhav,Digras,Measles,Pediatrician,30,4.4,221
8108,Dr. Kiran Shinde,Digras,Measles,Pediatrician,31,3.7,848
8109,Dr. Anil Shinde,Digras,Measles,Pediatrician,10,3.7,219
8110,Dr. Rohit Deshmukh,Digras,Measles,Pediatrician,10,4.8,857
8111,Dr. Pooja Jadhav,Digras,Arthritis,Orthopedic,35,3.8,396
8112,Dr. Amit Deshmukh,Digras,Arthritis,Orthopedic,33,3.8,1241
8113,Dr. Anil Jadhav,Digras,Arthritis,Orthopedic,4,4.8,205
8114,Dr. Kiran Sharma,Digras,Arthritis,Orthopedic,27,4.1,1059
8115,Dr. Sneha Gupta,Digras,Arthritis,Orthopedic,29,4.0,1078
8116,Dr. Kiran Sharma,Digras,Arthritis,Orthopedic,32,3.5,228
8117,Dr. Rahul Shinde,Digras,Arthritis,Orthopedic,18,4.9,463
8118,Dr. Rohit Joshi,Digras,Arthritis,Orthopedic,30,5.0,440
8119,Dr. Kiran Shinde,Digras,Arthritis,Orthopedic,1,4.5,1364
8120,Dr. Vikas Deshmukh,Digras,Arthritis,Orthopedic,35,3.9,510
8121,Dr. Rohit Deshmukh,Udgir,Flu,General Physician,34,4.6,909
8122,Dr. Kiran Shinde,Udgir,Flu,General Physician,25,3.6,1139
8123,Dr. Neha Jadhav,Udgir,Flu,General Physician,32,4.7,1258
8124,Dr. Rahul Deshmukh,Udgir,Flu,General Physician,22,4.3,1004
8125,Dr. Anil Kulkarni,Udgir,Flu,General Physician,25,4.0,853
8126,Dr. Amit Gupta,Udgir,Flu,General Physician,8,4.7,1003
8127,Dr. Rahul Joshi,Udgir,Flu,General Physician,6,4.6,474
8128,Dr. Priya Gupta,Udgir,Flu,General Physician,5,4.2,1412
8129,Dr. Sneha Gupta,Udgir,Flu,General Physician,1,4.6,494
8130,Dr. Anil Gupta,Udgir,Flu,General Physician,5,4.8,746
8131,Dr. Priya Gupta,Udgir,Cold,General Physician,20,4.6,377
8132,Dr. Pooja Gupta,Udgir,Cold,General Physician,16,4.8,335
8133,Dr. Rohit Patil,Udgir,Cold,General Physician,2,4.1,1180
8134,Dr. Rohit Gupta,Udgir,Cold,General Physician,27,4.7,328
8135,Dr. Rahul Joshi,Udgir,Cold,General Physician,5,4.6,838
8136,Dr. Pooja Shinde,Udgir,Cold,General Physician,18,4.7,395
8137,Dr. Sneha Gupta,Udgir,Cold,General Physician,29,3.9,473
8138,Dr. Neha Sharma,Udgir,Cold,General Physician,23,3.6,1360
8139,Dr. Anil Kulkarni,Udgir,Cold,General Physician,6,3.8,1104
8140,Dr. Priya Joshi,Udgir,Cold,General Physician,9,3.9,1140
8141,Dr. Neha Patil,Udgir,COVID-19,Pulmonologist,2,5.0,851
8142,Dr. Amit Joshi,Udgir,COVID-19,Pulmonologist,23,4.1,423
8143,Dr. Pooja Patil,Udgir,COVID-19,Pulmonologist,15,3.5,1108
8144,Dr. Pooja Deshmukh,Udgir,COVID-19,Pulmonologist,22,4.0,1275
8145,Dr. Amit Jadhav,Udgir,COVID-19,Pulmonologist,25,3.6,485
8146,Dr. Kiran Kulkarni,Udgir,COVID-19,Pulmonologist,33,3.9,1212
8147,Dr. Vikas Gupta,Udgir,COVID-19,Pulmonologist,33,4.6,615
8148,Dr. Vikas Sharma,Udgir,COVID-19,Pulmonologist,24,4.7,1054
8149,Dr. Vikas Sharma,Udgir,COVID-19,Pulmonologist,6,4.8,818
8150,Dr. Vikas Shinde,Udgir,COVID-19,Pulmonologist,15,4.3,762
8151,Dr. Vikas Deshmukh,Udgir,Malaria,Infectious Disease,7,3.9,701
8152,Dr. Pooja Jadhav,Udgir,Malaria,Infectious Disease,22,3.7,876
8153,Dr. Vikas Patil,Udgir,Malaria,Infectious Disease,26,4.0,1028
8154,Dr. Rahul Shinde,Udgir,Malaria,Infectious Disease,20,3.8,1007
8155,Dr. Rohit Gupta,Udgir,Malaria,Infectious Disease,7,4.1,1031
8156,Dr. Amit Kulkarni,Udgir,Malaria,Infectious Disease,9,3.5,1438
8157,Dr. Sneha Shinde,Udgir,Malaria,Infectious Disease,11,4.5,1098
8158,Dr. Kiran Kulkarni,Udgir,Malaria,Infectious Disease,4,3.9,1020
8159,Dr. Pooja Kulkarni,Udgir,Malaria,Infectious Disease,18,5.0,1011
8160,Dr. Vikas Deshmukh,Udgir,Malaria,Infectious Disease,10,4.9,1134
8161,Dr. Amit Deshmukh,Udgir,Dengue,Infectious Disease,3,4.6,445
8162,Dr. Pooja Shinde,Udgir,Dengue,Infectious Disease,29,3.8,1351
8163,Dr. Vikas Sharma,Udgir,Dengue,Infectious Disease,30,4.2,1407
8164,Dr. Anil Shinde,Udgir,Dengue,Infectious Disease,4,3.7,570
8165,Dr. Vikas Jadhav,Udgir,Dengue,Infectious Disease,3,4.4,1219
8166,Dr. Rahul Deshmukh,Udgir,Dengue,Infectious Disease,27,3.9,617
8167,Dr. Rahul Joshi,Udgir,Dengue,Infectious Disease,28,4.4,786
8168,Dr. Pooja Joshi,Udgir,Dengue,Infectious Disease,33,4.4,693
8169,Dr. Pooja Patil,Udgir,Dengue,Infectious Disease,9,3.6,1291
8170,Dr. Rohit Gupta,Udgir,Dengue,Infectious Disease,25,4.1,1067
8171,Dr. Rohit Patil,Udgir,Typhoid,General Physician,21,3.7,813
8172,Dr. Priya Gupta,Udgir,Typhoid,General Physician,16,4.0,1270
8173,Dr. Sneha Joshi,Udgir,Typhoid,General Physician,4,4.4,474
8174,Dr. Rahul Joshi,Udgir,Typhoid,General Physician,18,3.9,1228
8175,Dr. Rohit Jadhav,Udgir,Typhoid,General Physician,33,3.6,893
8176,Dr. Anil Sharma,Udgir,Typhoid,General Physician,18,3.7,1477
8177,Dr. Rahul Joshi,Udgir,Typhoid,General Physician,22,4.4,1330
8178,Dr. Neha Shinde,Udgir,Typhoid,General Physician,2,4.0,1205
8179,Dr. Pooja Gupta,Udgir,Typhoid,General Physician,30,3.6,812
8180,Dr. Neha Jadhav,Udgir,Typhoid,General Physician,12,3.6,836
8181,Dr. Vikas Shinde,Udgir,Asthma,Pulmonologist,4,3.8,408
8182,Dr. Anil Shinde,Udgir,Asthma,Pulmonologist,26,5.0,1347
8183,Dr. Neha Patil,Udgir,Asthma,Pulmonologist,9,4.2,974
8184,Dr. Kiran Patil,Udgir,Asthma,Pulmonologist,16,4.8,306
8185,Dr. Rahul Patil,Udgir,Asthma,Pulmonologist,24,4.3,1158
8186,Dr. Neha Kulkarni,Udgir,Asthma,Pulmonologist,8,4.0,607
8187,Dr. Priya Kulkarni,Udgir,Asthma,Pulmonologist,15,4.9,1301
8188,Dr. Rohit Sharma,Udgir,Asthma,Pulmonologist,1,4.4,1066
8189,Dr. Anil Shinde,Udgir,Asthma,Pulmonologist,15,3.8,931
8190,Dr. Kiran Shinde,Udgir,Asthma,Pulmonologist,15,4.9,1129
8191,Dr. Pooja Jadhav,Udgir,Diabetes,Endocrinologist,21,4.3,1292
8192,Dr. Sneha Shinde,Udgir,Diabetes,Endocrinologist,27,4.8,1434
8193,Dr. Vikas Sharma,Udgir,Diabetes,Endocrinologist,18,4.9,807
8194,Dr. Priya Patil,Udgir,Diabetes,Endocrinologist,26,4.7,662
8195,Dr. Neha Patil,Udgir,Diabetes,Endocrinologist,7,4.8,1142
8196,Dr. Rohit Patil,Udgir,Diabetes,Endocrinologist,16,4.4,1434
8197,Dr. Sneha Sharma,Udgir,Diabetes,Endocrinologist,6,4.2,1024
8198,Dr. Rohit Kulkarni,Udgir,Diabetes,Endocrinologist,9,4.6,1260
8199,Dr. Priya Gupta,Udgir,Diabetes,Endocrinologist,35,4.0,1046
8200,Dr. Kiran Shinde,Udgir,Diabetes,Endocrinologist,6,4.9,926
8201,Dr. Kiran Kulkarni,Udgir,Migraine,Neurologist,24,4.6,1361
8202,Dr. Amit Gupta,Udgir,Migraine,Neurologist,21,5.0,866
8203,Dr. Sneha Sharma,Udgir,Migraine,Neurologist,15,4.3,1300
8204,Dr. Rohit Patil,Udgir,Migraine,Neurologist,26,4.1,506
8205,Dr. Anil Deshmukh,Udgir,Migraine,Neurologist,17,4.3,564
8206,Dr. Rohit Patil,Udgir,Migraine,Neurologist,21,4.6,419
8207,Dr. Vikas Deshmukh,Udgir,Migraine,Neurologist,29,4.2,874
8208,Dr. Kiran Jadhav,Udgir,Migraine,Neurologist,19,4.7,622
8209,Dr. Pooja Kulkarni,Udgir,Migraine,Neurologist,9,3.6,448
8210,Dr. Neha Kulkarni,Udgir,Migraine,Neurologist,7,4.1,773
8211,Dr. Anil Shinde,Udgir,Food Poisoning,Gastroenterologist,25,4.9,414
8212,Dr. Vikas Jadhav,Udgir,Food Poisoning,Gastroenterologist,24,4.4,1446
8213,Dr. Rahul Sharma,Udgir,Food Poisoning,Gastroenterologist,24,5.0,1495
8214,Dr. Amit Patil,Udgir,Food Poisoning,Gastroenterologist,28,4.3,1274
8215,Dr. Amit Joshi,Udgir,Food Poisoning,Gastroenterologist,16,4.2,417
8216,Dr. Rahul Gupta,Udgir,Food Poisoning,Gastroenterologist,20,3.6,664
8217,Dr. Priya Gupta,Udgir,Food Poisoning,Gastroenterologist,5,4.5,394
8218,Dr. Sneha Sharma,Udgir,Food Poisoning,Gastroenterologist,5,4.6,1383
8219,Dr. Amit Sharma,Udgir,Food Poisoning,Gastroenterologist,30,4.6,258
8220,Dr. Amit Patil,Udgir,Food Poisoning,Gastroenterologist,33,4.3,1099
8221,Dr. Amit Sharma,Udgir,Jaundice,Hepatologist,16,4.0,356
8222,Dr. Rahul Joshi,Udgir,Jaundice,Hepatologist,23,4.5,1172
8223,Dr. Anil Joshi,Udgir,Jaundice,Hepatologist,4,4.8,761
8224,Dr. Pooja Shinde,Udgir,Jaundice,Hepatologist,23,4.7,1290
8225,Dr. Rohit Jadhav,Udgir,Jaundice,Hepatologist,16,3.6,572
8226,Dr. Pooja Kulkarni,Udgir,Jaundice,Hepatologist,5,4.6,1298
8227,Dr. Priya Gupta,Udgir,Jaundice,Hepatologist,5,4.3,693
8228,Dr. Pooja Patil,Udgir,Jaundice,Hepatologist,3,4.1,296
8229,Dr. Neha Sharma,Udgir,Jaundice,Hepatologist,30,4.5,1327
8230,Dr. Kiran Kulkarni,Udgir,Jaundice,Hepatologist,31,4.1,1218
8231,Dr. Priya Kulkarni,Udgir,Chickenpox,Dermatologist,28,3.9,1306
8232,Dr. Anil Patil,Udgir,Chickenpox,Dermatologist,16,4.5,1002
8233,Dr. Kiran Patil,Udgir,Chickenpox,Dermatologist,14,4.3,1428
8234,Dr. Kiran Gupta,Udgir,Chickenpox,Dermatologist,19,4.5,421
8235,Dr. Rahul Gupta,Udgir,Chickenpox,Dermatologist,26,3.8,1422
8236,Dr. Vikas Sharma,Udgir,Chickenpox,Dermatologist,22,4.9,363
8237,Dr. Priya Patil,Udgir,Chickenpox,Dermatologist,24,5.0,759
8238,Dr. Rohit Sharma,Udgir,Chickenpox,Dermatologist,34,4.7,558
8239,Dr. Sneha Kulkarni,Udgir,Chickenpox,Dermatologist,18,3.7,1056
8240,Dr. Rohit Patil,Udgir,Chickenpox,Dermatologist,18,4.9,267
8241,Dr. Vikas Shinde,Udgir,Measles,Pediatrician,35,3.9,334
8242,Dr. Sneha Kulkarni,Udgir,Measles,Pediatrician,31,4.6,1322
8243,Dr. Priya Deshmukh,Udgir,Measles,Pediatrician,32,4.2,1242
8244,Dr. Neha Deshmukh,Udgir,Measles,Pediatrician,23,4.1,1048
8245,Dr. Pooja Gupta,Udgir,Measles,Pediatrician,1,5.0,350
8246,Dr. Anil Sharma,Udgir,Measles,Pediatrician,27,4.7,524
8247,Dr. Anil Sharma,Udgir,Measles,Pediatrician,23,4.6,312
8248,Dr. Pooja Kulkarni,Udgir,Measles,Pediatrician,2,3.6,213
8249,Dr. Priya Sharma,Udgir,Measles,Pediatrician,22,4.8,286
8250,Dr. Anil Gupta,Udgir,Measles,Pediatrician,22,3.5,832
8251,Dr. Rahul Shinde,Udgir,Arthritis,Orthopedic,9,4.2,885
8252,Dr. Sneha Kulkarni,Udgir,Arthritis,Orthopedic,11,3.6,780
8253,Dr. Rohit Joshi,Udgir,Arthritis,Orthopedic,7,4.9,1307
8254,Dr. Rohit Patil,Udgir,Arthritis,Orthopedic,32,4.5,1131
8255,Dr. Anil Jadhav,Udgir,Arthritis,Orthopedic,20,4.8,228
8256,Dr. Priya Joshi,Udgir,Arthritis,Orthopedic,35,4.1,1236
8257,Dr. Priya Sharma,Udgir,Arthritis,Orthopedic,9,3.7,633
8258,Dr. Neha Patil,Udgir,Arthritis,Orthopedic,15,4.0,898
8259,Dr. Rahul Sharma,Udgir,Arthritis,Orthopedic,18,3.8,259
8260,Dr. Kiran Gupta,Udgir,Arthritis,Orthopedic,20,4.3,908
8261,Dr. Neha Patil,Loha,Flu,General Physician,26,5.0,1307
8262,Dr. Neha Shinde,Loha,Flu,General Physician,9,4.2,708
8263,Dr. Rahul Shinde,Loha,Flu,General Physician,32,3.7,1165
8264,Dr. Neha Jadhav,Loha,Flu,General Physician,21,4.4,618
8265,Dr. Rahul Jadhav,Loha,Flu,General Physician,7,3.7,353
8266,Dr. Vikas Kulkarni,Loha,Flu,General Physician,10,3.8,392
8267,Dr. Rohit Patil,Loha,Flu,General Physician,22,4.1,1152
8268,Dr. Anil Kulkarni,Loha,Flu,General Physician,27,4.8,1471
8269,Dr. Rohit Patil,Loha,Flu,General Physician,15,3.8,254
8270,Dr. Anil Patil,Loha,Flu,General Physician,26,3.9,441
8271,Dr. Amit Shinde,Loha,Cold,General Physician,2,4.6,1139
8272,Dr. Anil Patil,Loha,Cold,General Physician,31,3.7,236
8273,Dr. Pooja Joshi,Loha,Cold,General Physician,4,3.7,614
8274,Dr. Rohit Gupta,Loha,Cold,General Physician,9,5.0,474
8275,Dr. Rahul Joshi,Loha,Cold,General Physician,1,4.2,521
8276,Dr. Rohit Gupta,Loha,Cold,General Physician,5,3.9,342
8277,Dr. Pooja Jadhav,Loha,Cold,General Physician,13,4.2,394
8278,Dr. Amit Shinde,Loha,Cold,General Physician,22,3.5,309
8279,Dr. Rahul Sharma,Loha,Cold,General Physician,33,4.6,1389
8280,Dr. Vikas Deshmukh,Loha,Cold,General Physician,17,4.6,399
8281,Dr. Kiran Joshi,Loha,COVID-19,Pulmonologist,30,4.5,300
8282,Dr. Amit Gupta,Loha,COVID-19,Pulmonologist,25,4.8,341
8283,Dr. Kiran Kulkarni,Loha,COVID-19,Pulmonologist,34,3.6,732
8284,Dr. Rohit Joshi,Loha,COVID-19,Pulmonologist,29,4.7,373
8285,Dr. Neha Patil,Loha,COVID-19,Pulmonologist,12,3.6,565
8286,Dr. Priya Joshi,Loha,COVID-19,Pulmonologist,4,3.7,1138
8287,Dr. Anil Joshi,Loha,COVID-19,Pulmonologist,31,4.4,1024
8288,Dr. Rahul Deshmukh,Loha,COVID-19,Pulmonologist,26,4.4,826
8289,Dr. Neha Sharma,Loha,COVID-19,Pulmonologist,32,3.7,1423
8290,Dr. Neha Patil,Loha,COVID-19,Pulmonologist,25,4.2,1362
8291,Dr. Vikas Deshmukh,Loha,Malaria,Infectious Disease,3,4.9,1314
8292,Dr. Rohit Shinde,Loha,Malaria,Infectious Disease,2,4.5,1371
8293,Dr. Rahul Sharma,Loha,Malaria,Infectious Disease,16,4.4,664
8294,Dr. Neha Patil,Loha,Malaria,Infectious Disease,27,4.5,1362
8295,Dr. Neha Shinde,Loha,Malaria,Infectious Disease,23,3.9,788
8296,Dr. Neha Joshi,Loha,Malaria,Infectious Disease,13,3.9,1395
8297,Dr. Anil Jadhav,Loha,Malaria,Infectious Disease,4,4.8,1362
8298,Dr. Pooja Patil,Loha,Malaria,Infectious Disease,35,4.7,1359
8299,Dr. Priya Gupta,Loha,Malaria,Infectious Disease,9,3.8,994
8300,Dr. Rahul Jadhav,Loha,Malaria,Infectious Disease,6,4.5,828
8301,Dr. Amit Deshmukh,Loha,Dengue,Infectious Disease,6,4.8,872
8302,Dr. Neha Sharma,Loha,Dengue,Infectious Disease,15,4.6,1034
8303,Dr. Neha Joshi,Loha,Dengue,Infectious Disease,30,4.1,637
8304,Dr. Sneha Gupta,Loha,Dengue,Infectious Disease,15,3.7,829
8305,Dr. Anil Shinde,Loha,Dengue,Infectious Disease,25,4.0,671
8306,Dr. Pooja Patil,Loha,Dengue,Infectious Disease,23,4.7,1355
8307,Dr. Sneha Joshi,Loha,Dengue,Infectious Disease,21,3.8,925
8308,Dr. Vikas Gupta,Loha,Dengue,Infectious Disease,17,3.6,1310
8309,Dr. Sneha Jadhav,Loha,Dengue,Infectious Disease,7,3.9,638
8310,Dr. Pooja Jadhav,Loha,Dengue,Infectious Disease,21,3.7,552
8311,Dr. Rahul Shinde,Loha,Typhoid,General Physician,10,4.0,1490
8312,Dr. Vikas Kulkarni,Loha,Typhoid,General Physician,25,4.7,770
8313,Dr. Kiran Jadhav,Loha,Typhoid,General Physician,22,4.7,460
8314,Dr. Rohit Patil,Loha,Typhoid,General Physician,21,4.0,442
8315,Dr. Pooja Deshmukh,Loha,Typhoid,General Physician,13,5.0,1158
8316,Dr. Neha Jadhav,Loha,Typhoid,General Physician,15,3.6,788
8317,Dr. Amit Sharma,Loha,Typhoid,General Physician,2,4.5,203
8318,Dr. Neha Kulkarni,Loha,Typhoid,General Physician,21,3.5,265
8319,Dr. Kiran Shinde,Loha,Typhoid,General Physician,17,3.6,1139
8320,Dr. Sneha Gupta,Loha,Typhoid,General Physician,1,4.1,1308
8321,Dr. Anil Gupta,Loha,Asthma,Pulmonologist,5,4.8,935
8322,Dr. Kiran Shinde,Loha,Asthma,Pulmonologist,17,3.9,1320
8323,Dr. Anil Patil,Loha,Asthma,Pulmonologist,4,3.9,508
8324,Dr. Pooja Jadhav,Loha,Asthma,Pulmonologist,31,3.8,265
8325,Dr. Neha Kulkarni,Loha,Asthma,Pulmonologist,26,4.5,1242
8326,Dr. Vikas Joshi,Loha,Asthma,Pulmonologist,26,3.5,349
8327,Dr. Amit Deshmukh,Loha,Asthma,Pulmonologist,35,3.9,876
8328,Dr. Priya Joshi,Loha,Asthma,Pulmonologist,14,4.1,1401
8329,Dr. Pooja Shinde,Loha,Asthma,Pulmonologist,11,3.7,1295
8330,Dr. Kiran Shinde,Loha,Asthma,Pulmonologist,9,3.6,314
8331,Dr. Kiran Sharma,Loha,Diabetes,Endocrinologist,7,3.9,270
8332,Dr. Rohit Shinde,Loha,Diabetes,Endocrinologist,12,4.1,1319
8333,Dr. Vikas Kulkarni,Loha,Diabetes,Endocrinologist,25,4.7,1267
8334,Dr. Amit Joshi,Loha,Diabetes,Endocrinologist,33,4.8,1137
8335,Dr. Rohit Kulkarni,Loha,Diabetes,Endocrinologist,17,4.4,640
8336,Dr. Amit Joshi,Loha,Diabetes,Endocrinologist,1,3.9,458
8337,Dr. Anil Kulkarni,Loha,Diabetes,Endocrinologist,13,3.7,346
8338,Dr. Neha Gupta,Loha,Diabetes,Endocrinologist,28,4.5,490
8339,Dr. Pooja Joshi,Loha,Diabetes,Endocrinologist,31,3.5,768
8340,Dr. Amit Shinde,Loha,Diabetes,Endocrinologist,9,3.7,1500
8341,Dr. Amit Jadhav,Loha,Migraine,Neurologist,12,3.6,1050
8342,Dr. Pooja Kulkarni,Loha,Migraine,Neurologist,23,4.4,1027
8343,Dr. Vikas Sharma,Loha,Migraine,Neurologist,28,4.7,921
8344,Dr. Pooja Gupta,Loha,Migraine,Neurologist,8,4.5,526
8345,Dr. Priya Joshi,Loha,Migraine,Neurologist,16,3.8,676
8346,Dr. Rahul Kulkarni,Loha,Migraine,Neurologist,33,4.9,391
8347,Dr. Neha Jadhav,Loha,Migraine,Neurologist,10,3.9,384
8348,Dr. Sneha Joshi,Loha,Migraine,Neurologist,27,4.3,528
8349,Dr. Priya Deshmukh,Loha,Migraine,Neurologist,23,4.4,753
8350,Dr. Neha Shinde,Loha,Migraine,Neurologist,18,4.9,519
8351,Dr. Priya Joshi,Loha,Food Poisoning,Gastroenterologist,1,3.6,645
8352,Dr. Priya Joshi,Loha,Food Poisoning,Gastroenterologist,30,4.0,298
8353,Dr. Sneha Shinde,Loha,Food Poisoning,Gastroenterologist,8,4.7,1031
8354,Dr. Vikas Patil,Loha,Food Poisoning,Gastroenterologist,2,4.5,1019
8355,Dr. Rahul Kulkarni,Loha,Food Poisoning,Gastroenterologist,15,3.9,1166
8356,Dr. Neha Joshi,Loha,Food Poisoning,Gastroenterologist,25,4.2,1225
8357,Dr. Neha Gupta,Loha,Food Poisoning,Gastroenterologist,23,4.2,846
8358,Dr. Priya Deshmukh,Loha,Food Poisoning,Gastroenterologist,25,4.3,929
8359,Dr. Amit Deshmukh,Loha,Food Poisoning,Gastroenterologist,28,4.1,1129
8360,Dr. Neha Kulkarni,Loha,Food Poisoning,Gastroenterologist,8,3.9,518
8361,Dr. Pooja Joshi,Loha,Jaundice,Hepatologist,34,4.0,297
8362,Dr. Rohit Shinde,Loha,Jaundice,Hepatologist,10,4.7,424
8363,Dr. Sneha Gupta,Loha,Jaundice,Hepatologist,35,3.9,253
8364,Dr. Rahul Deshmukh,Loha,Jaundice,Hepatologist,12,3.9,964
8365,Dr. Kiran Sharma,Loha,Jaundice,Hepatologist,18,4.2,999
8366,Dr. Amit Shinde,Loha,Jaundice,Hepatologist,35,4.3,1140
8367,Dr. Pooja Shinde,Loha,Jaundice,Hepatologist,10,4.8,384
8368,Dr. Rohit Sharma,Loha,Jaundice,Hepatologist,2,4.4,898
8369,Dr. Neha Shinde,Loha,Jaundice,Hepatologist,12,4.2,883
8370,Dr. Amit Kulkarni,Loha,Jaundice,Hepatologist,2,3.5,286
8371,Dr. Priya Shinde,Loha,Chickenpox,Dermatologist,23,3.8,1385
8372,Dr. Pooja Joshi,Loha,Chickenpox,Dermatologist,21,4.9,1230
8373,Dr. Vikas Deshmukh,Loha,Chickenpox,Dermatologist,19,4.2,800
8374,Dr. Anil Deshmukh,Loha,Chickenpox,Dermatologist,6,4.2,1117
8375,Dr. Amit Sharma,Loha,Chickenpox,Dermatologist,35,4.3,271
8376,Dr. Rohit Jadhav,Loha,Chickenpox,Dermatologist,9,3.7,1241
8377,Dr. Rahul Sharma,Loha,Chickenpox,Dermatologist,15,4.5,212
8378,Dr. Kiran Sharma,Loha,Chickenpox,Dermatologist,28,4.0,1100
8379,Dr. Neha Gupta,Loha,Chickenpox,Dermatologist,18,4.8,1215
8380,Dr. Neha Gupta,Loha,Chickenpox,Dermatologist,6,4.8,816
8381,Dr. Priya Gupta,Loha,Measles,Pediatrician,16,4.4,1114
8382,Dr. Vikas Shinde,Loha,Measles,Pediatrician,30,4.1,738
8383,Dr. Anil Gupta,Loha,Measles,Pediatrician,16,3.8,516
8384,Dr. Neha Gupta,Loha,Measles,Pediatrician,28,3.7,724
8385,Dr. Vikas Kulkarni,Loha,Measles,Pediatrician,21,4.9,920
8386,Dr. Vikas Jadhav,Loha,Measles,Pediatrician,1,3.6,871
8387,Dr. Sneha Gupta,Loha,Measles,Pediatrician,34,4.1,950
8388,Dr. Anil Joshi,Loha,Measles,Pediatrician,15,4.3,1275
8389,Dr. Sneha Gupta,Loha,Measles,Pediatrician,28,3.9,225
8390,Dr. Sneha Gupta,Loha,Measles,Pediatrician,17,3.9,1224
8391,Dr. Rahul Jadhav,Loha,Arthritis,Orthopedic,12,4.6,1476
8392,Dr. Rahul Shinde,Loha,Arthritis,Orthopedic,33,4.5,896
8393,Dr. Neha Kulkarni,Loha,Arthritis,Orthopedic,19,4.4,1010
8394,Dr. Amit Patil,Loha,Arthritis,Orthopedic,17,3.9,221
8395,Dr. Sneha Kulkarni,Loha,Arthritis,Orthopedic,2,4.6,759
8396,Dr. Neha Patil,Loha,Arthritis,Orthopedic,29,4.9,602
8397,Dr. Amit Sharma,Loha,Arthritis,Orthopedic,27,3.8,857
8398,Dr. Neha Joshi,Loha,Arthritis,Orthopedic,19,4.5,1326
8399,Dr. Amit Deshmukh,Loha,Arthritis,Orthopedic,3,5.0,627
8400,Dr. Vikas Joshi,Loha,Arthritis,Orthopedic,5,4.8,1314
8401,Dr. Pooja Gupta,Selu,Flu,General Physician,20,3.8,243
8402,Dr. Rahul Gupta,Selu,Flu,General Physician,23,4.9,332
8403,Dr. Sneha Deshmukh,Selu,Flu,General Physician,31,4.7,728
8404,Dr. Rahul Shinde,Selu,Flu,General Physician,26,4.4,1272
8405,Dr. Amit Gupta,Selu,Flu,General Physician,19,4.0,1391
8406,Dr. Amit Patil,Selu,Flu,General Physician,4,3.5,1372
8407,Dr. Neha Joshi,Selu,Flu,General Physician,27,4.7,904
8408,Dr. Kiran Patil,Selu,Flu,General Physician,28,4.1,1235
8409,Dr. Priya Gupta,Selu,Flu,General Physician,30,3.9,1059
8410,Dr. Vikas Sharma,Selu,Flu,General Physician,34,4.6,753
8411,Dr. Kiran Jadhav,Selu,Cold,General Physician,29,3.9,942
8412,Dr. Sneha Jadhav,Selu,Cold,General Physician,14,4.3,976
8413,Dr. Priya Jadhav,Selu,Cold,General Physician,12,4.1,1322
8414,Dr. Rahul Deshmukh,Selu,Cold,General Physician,34,4.8,717
8415,Dr. Rahul Shinde,Selu,Cold,General Physician,13,3.6,580
8416,Dr. Vikas Joshi,Selu,Cold,General Physician,23,4.2,660
8417,Dr. Amit Sharma,Selu,Cold,General Physician,15,4.8,967
8418,Dr. Rahul Kulkarni,Selu,Cold,General Physician,20,4.8,332
8419,Dr. Pooja Gupta,Selu,Cold,General Physician,15,4.4,373
8420,Dr. Neha Joshi,Selu,Cold,General Physician,22,4.4,217
8421,Dr. Sneha Joshi,Selu,COVID-19,Pulmonologist,32,4.2,720
8422,Dr. Anil Kulkarni,Selu,COVID-19,Pulmonologist,6,4.7,648
8423,Dr. Sneha Kulkarni,Selu,COVID-19,Pulmonologist,8,3.8,537
8424,Dr. Priya Joshi,Selu,COVID-19,Pulmonologist,19,4.2,955
8425,Dr. Priya Gupta,Selu,COVID-19,Pulmonologist,14,4.7,1338
8426,Dr. Amit Gupta,Selu,COVID-19,Pulmonologist,29,4.8,660
8427,Dr. Rahul Deshmukh,Selu,COVID-19,Pulmonologist,29,4.7,403
8428,Dr. Neha Gupta,Selu,COVID-19,Pulmonologist,28,4.6,964
8429,Dr. Rohit Shinde,Selu,COVID-19,Pulmonologist,11,4.7,541
8430,Dr. Rohit Shinde,Selu,COVID-19,Pulmonologist,16,4.6,1086
8431,Dr. Sneha Shinde,Selu,Malaria,Infectious Disease,13,4.9,1090
8432,Dr. Rohit Shinde,Selu,Malaria,Infectious Disease,24,4.5,1238
8433,Dr. Sneha Patil,Selu,Malaria,Infectious Disease,11,4.8,335
8434,Dr. Amit Joshi,Selu,Malaria,Infectious Disease,19,4.9,1476
8435,Dr. Rahul Sharma,Selu,Malaria,Infectious Disease,4,4.6,286
8436,Dr. Anil Joshi,Selu,Malaria,Infectious Disease,33,3.7,1167
8437,Dr. Vikas Gupta,Selu,Malaria,Infectious Disease,10,3.7,466
8438,Dr. Sneha Sharma,Selu,Malaria,Infectious Disease,8,4.9,1448
8439,Dr. Sneha Patil,Selu,Malaria,Infectious Disease,17,3.8,897
8440,Dr. Rohit Joshi,Selu,Malaria,Infectious Disease,17,4.8,726
8441,Dr. Amit Gupta,Selu,Dengue,Infectious Disease,12,4.6,716
8442,Dr. Pooja Patil,Selu,Dengue,Infectious Disease,9,3.6,1435
8443,Dr. Priya Kulkarni,Selu,Dengue,Infectious Disease,26,4.1,389
8444,Dr. Kiran Sharma,Selu,Dengue,Infectious Disease,17,3.7,723
8445,Dr. Sneha Deshmukh,Selu,Dengue,Infectious Disease,27,3.9,1257
8446,Dr. Anil Joshi,Selu,Dengue,Infectious Disease,11,3.9,949
8447,Dr. Rohit Patil,Selu,Dengue,Infectious Disease,35,4.2,655
8448,Dr. Rahul Sharma,Selu,Dengue,Infectious Disease,16,3.6,1110
8449,Dr. Neha Deshmukh,Selu,Dengue,Infectious Disease,14,4.8,1343
8450,Dr. Neha Kulkarni,Selu,Dengue,Infectious Disease,8,4.6,1019
8451,Dr. Rahul Kulkarni,Selu,Typhoid,General Physician,18,4.0,248
8452,Dr. Pooja Sharma,Selu,Typhoid,General Physician,28,4.7,766
8453,Dr. Kiran Shinde,Selu,Typhoid,General Physician,4,4.8,1464
8454,Dr. Pooja Sharma,Selu,Typhoid,General Physician,12,3.6,669
8455,Dr. Vikas Gupta,Selu,Typhoid,General Physician,22,4.9,1256
8456,Dr. Vikas Shinde,Selu,Typhoid,General Physician,9,4.7,1035
8457,Dr. Sneha Jadhav,Selu,Typhoid,General Physician,18,4.3,469
8458,Dr. Kiran Deshmukh,Selu,Typhoid,General Physician,16,4.4,1339
8459,Dr. Priya Shinde,Selu,Typhoid,General Physician,15,4.6,1046
8460,Dr. Priya Deshmukh,Selu,Typhoid,General Physician,27,4.0,879
8461,Dr. Amit Sharma,Selu,Asthma,Pulmonologist,20,4.2,342
8462,Dr. Kiran Kulkarni,Selu,Asthma,Pulmonologist,24,3.6,594
8463,Dr. Anil Kulkarni,Selu,Asthma,Pulmonologist,2,3.6,1398
8464,Dr. Vikas Patil,Selu,Asthma,Pulmonologist,27,4.7,441
8465,Dr. Pooja Jadhav,Selu,Asthma,Pulmonologist,5,3.6,1260
8466,Dr. Sneha Shinde,Selu,Asthma,Pulmonologist,19,4.3,1030
8467,Dr. Neha Patil,Selu,Asthma,Pulmonologist,28,4.9,277
8468,Dr. Priya Deshmukh,Selu,Asthma,Pulmonologist,7,3.7,1085
8469,Dr. Priya Sharma,Selu,Asthma,Pulmonologist,30,4.3,315
8470,Dr. Rahul Shinde,Selu,Asthma,Pulmonologist,27,4.8,448
8471,Dr. Anil Shinde,Selu,Diabetes,Endocrinologist,1,4.0,1103
8472,Dr. Sneha Patil,Selu,Diabetes,Endocrinologist,10,4.5,784
8473,Dr. Amit Shinde,Selu,Diabetes,Endocrinologist,33,3.8,569
8474,Dr. Kiran Joshi,Selu,Diabetes,Endocrinologist,20,4.9,829
8475,Dr. Rohit Deshmukh,Selu,Diabetes,Endocrinologist,8,4.7,245
8476,Dr. Rohit Gupta,Selu,Diabetes,Endocrinologist,1,4.4,1427
8477,Dr. Priya Deshmukh,Selu,Diabetes,Endocrinologist,4,4.9,1458
8478,Dr. Priya Joshi,Selu,Diabetes,Endocrinologist,28,4.4,807
8479,Dr. Vikas Gupta,Selu,Diabetes,Endocrinologist,9,4.5,1464
8480,Dr. Priya Kulkarni,Selu,Diabetes,Endocrinologist,14,4.6,464
8481,Dr. Rohit Shinde,Selu,Migraine,Neurologist,5,4.5,1119
8482,Dr. Neha Joshi,Selu,Migraine,Neurologist,32,3.7,592
8483,Dr. Priya Sharma,Selu,Migraine,Neurologist,30,4.8,729
8484,Dr. Anil Sharma,Selu,Migraine,Neurologist,9,3.8,663
8485,Dr. Pooja Patil,Selu,Migraine,Neurologist,26,4.0,598
8486,Dr. Kiran Deshmukh,Selu,Migraine,Neurologist,7,4.3,1190
8487,Dr. Neha Jadhav,Selu,Migraine,Neurologist,31,4.4,1318
8488,Dr. Neha Sharma,Selu,Migraine,Neurologist,12,3.6,420
8489,Dr. Amit Sharma,Selu,Migraine,Neurologist,22,4.1,797
8490,Dr. Vikas Joshi,Selu,Migraine,Neurologist,23,3.6,833
8491,Dr. Rohit Jadhav,Selu,Food Poisoning,Gastroenterologist,26,4.7,1402
8492,Dr. Neha Sharma,Selu,Food Poisoning,Gastroenterologist,23,3.9,1128
8493,Dr. Vikas Sharma,Selu,Food Poisoning,Gastroenterologist,18,4.4,957
8494,Dr. Sneha Gupta,Selu,Food Poisoning,Gastroenterologist,34,4.3,849
8495,Dr. Anil Deshmukh,Selu,Food Poisoning,Gastroenterologist,26,5.0,558
8496,Dr. Priya Sharma,Selu,Food Poisoning,Gastroenterologist,32,4.7,708
8497,Dr. Priya Patil,Selu,Food Poisoning,Gastroenterologist,4,4.4,1343
8498,Dr. Vikas Patil,Selu,Food Poisoning,Gastroenterologist,31,4.8,264
8499,Dr. Amit Gupta,Selu,Food Poisoning,Gastroenterologist,19,4.4,1138
8500,Dr. Rahul Shinde,Selu,Food Poisoning,Gastroenterologist,34,3.7,1082
8501,Dr. Rohit Joshi,Selu,Jaundice,Hepatologist,28,4.1,1310
8502,Dr. Neha Gupta,Selu,Jaundice,Hepatologist,21,3.7,1099
8503,Dr. Rohit Sharma,Selu,Jaundice,Hepatologist,26,3.6,1430
8504,Dr. Pooja Sharma,Selu,Jaundice,Hepatologist,2,3.5,445
8505,Dr. Vikas Gupta,Selu,Jaundice,Hepatologist,33,4.6,976
8506,Dr. Anil Kulkarni,Selu,Jaundice,Hepatologist,6,4.7,1265
8507,Dr. Amit Shinde,Selu,Jaundice,Hepatologist,20,4.5,1314
8508,Dr. Neha Jadhav,Selu,Jaundice,Hepatologist,16,4.5,269
8509,Dr. Amit Patil,Selu,Jaundice,Hepatologist,27,4.3,1219
8510,Dr. Pooja Gupta,Selu,Jaundice,Hepatologist,15,3.8,1349
8511,Dr. Pooja Joshi,Selu,Chickenpox,Dermatologist,9,4.6,1401
8512,Dr. Anil Joshi,Selu,Chickenpox,Dermatologist,22,4.4,312
8513,Dr. Rohit Patil,Selu,Chickenpox,Dermatologist,5,3.7,749
8514,Dr. Priya Deshmukh,Selu,Chickenpox,Dermatologist,6,4.8,649
8515,Dr. Amit Shinde,Selu,Chickenpox,Dermatologist,16,4.8,1023
8516,Dr. Rohit Jadhav,Selu,Chickenpox,Dermatologist,31,4.8,1278
8517,Dr. Priya Gupta,Selu,Chickenpox,Dermatologist,27,4.4,511
8518,Dr. Sneha Sharma,Selu,Chickenpox,Dermatologist,10,4.4,1126
8519,Dr. Neha Sharma,Selu,Chickenpox,Dermatologist,14,4.9,729
8520,Dr. Pooja Patil,Selu,Chickenpox,Dermatologist,12,4.4,1380
8521,Dr. Anil Kulkarni,Selu,Measles,Pediatrician,24,4.8,807
8522,Dr. Rohit Deshmukh,Selu,Measles,Pediatrician,16,4.0,1089
8523,Dr. Priya Joshi,Selu,Measles,Pediatrician,12,4.2,1309
8524,Dr. Rahul Shinde,Selu,Measles,Pediatrician,17,5.0,684
8525,Dr. Neha Shinde,Selu,Measles,Pediatrician,23,4.6,697
8526,Dr. Rahul Joshi,Selu,Measles,Pediatrician,33,4.8,1412
8527,Dr. Anil Deshmukh,Selu,Measles,Pediatrician,23,3.8,1006
8528,Dr. Kiran Kulkarni,Selu,Measles,Pediatrician,7,4.1,835
8529,Dr. Priya Shinde,Selu,Measles,Pediatrician,10,4.9,1153
8530,Dr. Priya Joshi,Selu,Measles,Pediatrician,34,4.3,1037
8531,Dr. Vikas Sharma,Selu,Arthritis,Orthopedic,6,3.9,303
8532,Dr. Rahul Jadhav,Selu,Arthritis,Orthopedic,29,4.5,765
8533,Dr. Neha Kulkarni,Selu,Arthritis,Orthopedic,5,3.6,524
8534,Dr. Anil Jadhav,Selu,Arthritis,Orthopedic,25,4.8,614
8535,Dr. Sneha Sharma,Selu,Arthritis,Orthopedic,15,4.6,1314
8536,Dr. Sneha Gupta,Selu,Arthritis,Orthopedic,34,4.7,1101
8537,Dr. Anil Shinde,Selu,Arthritis,Orthopedic,28,4.2,532
8538,Dr. Rohit Kulkarni,Selu,Arthritis,Orthopedic,10,4.1,1244
8539,Dr. Amit Deshmukh,Selu,Arthritis,Orthopedic,4,4.7,497
8540,Dr. Rahul Shinde,Selu,Arthritis,Orthopedic,7,4.3,986
8541,Dr. Sneha Sharma,Sillod,Flu,General Physician,3,3.7,334
8542,Dr. Rahul Jadhav,Sillod,Flu,General Physician,16,4.7,959
8543,Dr. Rahul Deshmukh,Sillod,Flu,General Physician,35,3.8,326
8544,Dr. Rohit Patil,Sillod,Flu,General Physician,13,4.0,491
8545,Dr. Amit Shinde,Sillod,Flu,General Physician,14,3.8,269
8546,Dr. Vikas Gupta,Sillod,Flu,General Physician,1,3.6,941
8547,Dr. Rohit Shinde,Sillod,Flu,General Physician,26,3.5,472
8548,Dr. Kiran Joshi,Sillod,Flu,General Physician,13,3.8,1446
8549,Dr. Amit Patil,Sillod,Flu,General Physician,20,4.2,1382
8550,Dr. Amit Kulkarni,Sillod,Flu,General Physician,22,4.0,1405
8551,Dr. Priya Gupta,Sillod,Cold,General Physician,16,3.8,1280
8552,Dr. Vikas Shinde,Sillod,Cold,General Physician,12,4.0,961
8553,Dr. Rahul Jadhav,Sillod,Cold,General Physician,18,3.7,507
8554,Dr. Rohit Sharma,Sillod,Cold,General Physician,35,4.8,1128
8555,Dr. Rahul Patil,Sillod,Cold,General Physician,18,5.0,208
8556,Dr. Vikas Sharma,Sillod,Cold,General Physician,17,4.8,987
8557,Dr. Neha Shinde,Sillod,Cold,General Physician,9,4.4,856
8558,Dr. Priya Jadhav,Sillod,Cold,General Physician,9,3.8,501
8559,Dr. Anil Patil,Sillod,Cold,General Physician,7,4.6,864
8560,Dr. Rohit Deshmukh,Sillod,Cold,General Physician,23,4.3,337
8561,Dr. Priya Jadhav,Sillod,COVID-19,Pulmonologist,28,3.9,1069
8562,Dr. Neha Gupta,Sillod,COVID-19,Pulmonologist,20,4.5,740
8563,Dr. Priya Joshi,Sillod,COVID-19,Pulmonologist,20,4.5,398
8564,Dr. Priya Joshi,Sillod,COVID-19,Pulmonologist,5,4.3,432
8565,Dr. Anil Patil,Sillod,COVID-19,Pulmonologist,11,3.8,1267
8566,Dr. Pooja Deshmukh,Sillod,COVID-19,Pulmonologist,29,4.4,1289
8567,Dr. Sneha Jadhav,Sillod,COVID-19,Pulmonologist,7,3.8,1359
8568,Dr. Vikas Patil,Sillod,COVID-19,Pulmonologist,34,4.5,1291
8569,Dr. Pooja Patil,Sillod,COVID-19,Pulmonologist,23,3.6,1339
8570,Dr. Pooja Shinde,Sillod,COVID-19,Pulmonologist,33,4.8,979
8571,Dr. Vikas Joshi,Sillod,Malaria,Infectious Disease,26,4.6,911
8572,Dr. Vikas Deshmukh,Sillod,Malaria,Infectious Disease,12,4.3,720
8573,Dr. Neha Gupta,Sillod,Malaria,Infectious Disease,27,4.1,281
8574,Dr. Pooja Jadhav,Sillod,Malaria,Infectious Disease,7,3.5,1127
8575,Dr. Sneha Joshi,Sillod,Malaria,Infectious Disease,31,4.3,1457
8576,Dr. Rohit Gupta,Sillod,Malaria,Infectious Disease,11,4.5,565
8577,Dr. Neha Joshi,Sillod,Malaria,Infectious Disease,33,4.2,250
8578,Dr. Neha Shinde,Sillod,Malaria,Infectious Disease,6,4.1,263
8579,Dr. Priya Gupta,Sillod,Malaria,Infectious Disease,3,3.8,209
8580,Dr. Neha Gupta,Sillod,Malaria,Infectious Disease,25,4.2,1260
8581,Dr. Neha Sharma,Sillod,Dengue,Infectious Disease,35,3.5,1479
8582,Dr. Kiran Gupta,Sillod,Dengue,Infectious Disease,11,3.5,824
8583,Dr. Pooja Shinde,Sillod,Dengue,Infectious Disease,29,4.6,941
8584,Dr. Rahul Joshi,Sillod,Dengue,Infectious Disease,4,4.7,360
8585,Dr. Priya Jadhav,Sillod,Dengue,Infectious Disease,14,4.1,294
8586,Dr. Rahul Patil,Sillod,Dengue,Infectious Disease,32,4.6,977
8587,Dr. Rahul Joshi,Sillod,Dengue,Infectious Disease,24,4.7,439
8588,Dr. Amit Deshmukh,Sillod,Dengue,Infectious Disease,20,4.7,460
8589,Dr. Rohit Jadhav,Sillod,Dengue,Infectious Disease,29,4.9,519
8590,Dr. Sneha Jadhav,Sillod,Dengue,Infectious Disease,15,3.8,1486
8591,Dr. Priya Shinde,Sillod,Typhoid,General Physician,33,3.5,225
8592,Dr. Vikas Kulkarni,Sillod,Typhoid,General Physician,9,4.4,252
8593,Dr. Pooja Kulkarni,Sillod,Typhoid,General Physician,10,4.0,836
8594,Dr. Amit Deshmukh,Sillod,Typhoid,General Physician,17,4.0,679
8595,Dr. Neha Patil,Sillod,Typhoid,General Physician,4,4.7,325
8596,Dr. Rahul Patil,Sillod,Typhoid,General Physician,19,4.3,1357
8597,Dr. Neha Kulkarni,Sillod,Typhoid,General Physician,5,4.5,760
8598,Dr. Priya Gupta,Sillod,Typhoid,General Physician,8,4.7,1216
8599,Dr. Neha Kulkarni,Sillod,Typhoid,General Physician,17,4.6,1267
8600,Dr. Neha Sharma,Sillod,Typhoid,General Physician,14,4.7,1390
8601,Dr. Rahul Gupta,Sillod,Asthma,Pulmonologist,2,3.6,981
8602,Dr. Rahul Jadhav,Sillod,Asthma,Pulmonologist,3,4.9,816
8603,Dr. Neha Deshmukh,Sillod,Asthma,Pulmonologist,32,4.6,279
8604,Dr. Pooja Shinde,Sillod,Asthma,Pulmonologist,28,3.8,1154
8605,Dr. Pooja Jadhav,Sillod,Asthma,Pulmonologist,3,3.8,1026
8606,Dr. Pooja Kulkarni,Sillod,Asthma,Pulmonologist,18,4.1,271
8607,Dr. Amit Joshi,Sillod,Asthma,Pulmonologist,14,4.4,684
8608,Dr. Amit Sharma,Sillod,Asthma,Pulmonologist,27,4.9,1095
8609,Dr. Neha Jadhav,Sillod,Asthma,Pulmonologist,23,4.7,388
8610,Dr. Priya Sharma,Sillod,Asthma,Pulmonologist,19,4.5,482
8611,Dr. Rohit Gupta,Sillod,Diabetes,Endocrinologist,21,4.9,645
8612,Dr. Kiran Kulkarni,Sillod,Diabetes,Endocrinologist,4,4.9,873
8613,Dr. Sneha Kulkarni,Sillod,Diabetes,Endocrinologist,17,4.0,665
8614,Dr. Priya Jadhav,Sillod,Diabetes,Endocrinologist,1,4.6,1042
8615,Dr. Kiran Patil,Sillod,Diabetes,Endocrinologist,11,4.6,1056
8616,Dr. Sneha Patil,Sillod,Diabetes,Endocrinologist,28,4.4,521
8617,Dr. Anil Shinde,Sillod,Diabetes,Endocrinologist,14,4.7,1498
8618,Dr. Rahul Patil,Sillod,Diabetes,Endocrinologist,19,4.4,1321
8619,Dr. Pooja Jadhav,Sillod,Diabetes,Endocrinologist,24,4.7,914
8620,Dr. Amit Sharma,Sillod,Diabetes,Endocrinologist,28,4.5,1495
8621,Dr. Priya Patil,Sillod,Migraine,Neurologist,10,4.1,1241
8622,Dr. Amit Deshmukh,Sillod,Migraine,Neurologist,29,3.9,423
8623,Dr. Neha Kulkarni,Sillod,Migraine,Neurologist,14,4.0,1163
8624,Dr. Amit Shinde,Sillod,Migraine,Neurologist,9,4.6,271
8625,Dr. Rohit Shinde,Sillod,Migraine,Neurologist,3,3.6,1192
8626,Dr. Priya Sharma,Sillod,Migraine,Neurologist,34,4.9,882
8627,Dr. Rahul Kulkarni,Sillod,Migraine,Neurologist,6,4.6,1037
8628,Dr. Priya Patil,Sillod,Migraine,Neurologist,25,3.7,1159
8629,Dr. Rahul Patil,Sillod,Migraine,Neurologist,24,4.9,1166
8630,Dr. Sneha Kulkarni,Sillod,Migraine,Neurologist,28,4.4,640
8631,Dr. Sneha Patil,Sillod,Food Poisoning,Gastroenterologist,22,3.5,1088
8632,Dr. Neha Jadhav,Sillod,Food Poisoning,Gastroenterologist,9,4.0,1384
8633,Dr. Priya Kulkarni,Sillod,Food Poisoning,Gastroenterologist,29,4.1,1271
8634,Dr. Sneha Jadhav,Sillod,Food Poisoning,Gastroenterologist,24,4.1,885
8635,Dr. Amit Shinde,Sillod,Food Poisoning,Gastroenterologist,11,3.7,722
8636,Dr. Kiran Joshi,Sillod,Food Poisoning,Gastroenterologist,24,5.0,902
8637,Dr. Sneha Gupta,Sillod,Food Poisoning,Gastroenterologist,29,5.0,1114
8638,Dr. Priya Joshi,Sillod,Food Poisoning,Gastroenterologist,30,4.6,1069
8639,Dr. Rahul Sharma,Sillod,Food Poisoning,Gastroenterologist,18,4.9,782
8640,Dr. Kiran Jadhav,Sillod,Food Poisoning,Gastroenterologist,8,4.7,544
8641,Dr. Sneha Deshmukh,Sillod,Jaundice,Hepatologist,29,4.6,625
8642,Dr. Vikas Shinde,Sillod,Jaundice,Hepatologist,19,3.7,247
8643,Dr. Rahul Deshmukh,Sillod,Jaundice,Hepatologist,20,4.9,1168
8644,Dr. Sneha Sharma,Sillod,Jaundice,Hepatologist,25,4.2,364
8645,Dr. Rahul Deshmukh,Sillod,Jaundice,Hepatologist,35,3.5,831
8646,Dr. Amit Deshmukh,Sillod,Jaundice,Hepatologist,25,3.6,803
8647,Dr. Anil Gupta,Sillod,Jaundice,Hepatologist,33,3.8,687
8648,Dr. Pooja Kulkarni,Sillod,Jaundice,Hepatologist,28,3.8,604
8649,Dr. Pooja Joshi,Sillod,Jaundice,Hepatologist,9,4.3,412
8650,Dr. Neha Deshmukh,Sillod,Jaundice,Hepatologist,3,4.5,634
8651,Dr. Rahul Jadhav,Sillod,Chickenpox,Dermatologist,15,4.1,980
8652,Dr. Rahul Jadhav,Sillod,Chickenpox,Dermatologist,28,4.8,882
8653,Dr. Rahul Patil,Sillod,Chickenpox,Dermatologist,18,3.7,500
8654,Dr. Anil Joshi,Sillod,Chickenpox,Dermatologist,13,4.1,369
8655,Dr. Anil Kulkarni,Sillod,Chickenpox,Dermatologist,23,5.0,1210
8656,Dr. Rohit Deshmukh,Sillod,Chickenpox,Dermatologist,1,4.7,1015
8657,Dr. Pooja Patil,Sillod,Chickenpox,Dermatologist,33,3.9,1384
8658,Dr. Neha Jadhav,Sillod,Chickenpox,Dermatologist,5,3.7,1095
8659,Dr. Sneha Jadhav,Sillod,Chickenpox,Dermatologist,25,4.2,1125
8660,Dr. Neha Joshi,Sillod,Chickenpox,Dermatologist,9,3.7,320
8661,Dr. Vikas Jadhav,Sillod,Measles,Pediatrician,8,3.9,937
8662,Dr. Amit Joshi,Sillod,Measles,Pediatrician,31,3.9,1051
8663,Dr. Anil Deshmukh,Sillod,Measles,Pediatrician,22,5.0,442
8664,Dr. Sneha Joshi,Sillod,Measles,Pediatrician,7,4.5,1418
8665,Dr. Pooja Kulkarni,Sillod,Measles,Pediatrician,35,4.6,609
8666,Dr. Anil Kulkarni,Sillod,Measles,Pediatrician,21,3.8,1356
8667,Dr. Pooja Kulkarni,Sillod,Measles,Pediatrician,34,4.7,1425
8668,Dr. Amit Kulkarni,Sillod,Measles,Pediatrician,7,3.9,996
8669,Dr. Kiran Gupta,Sillod,Measles,Pediatrician,26,4.6,849
8670,Dr. Pooja Patil,Sillod,Measles,Pediatrician,21,3.8,499
8671,Dr. Kiran Shinde,Sillod,Arthritis,Orthopedic,8,4.4,843
8672,Dr. Neha Deshmukh,Sillod,Arthritis,Orthopedic,19,3.8,854
8673,Dr. Pooja Deshmukh,Sillod,Arthritis,Orthopedic,23,4.7,541
8674,Dr. Priya Gupta,Sillod,Arthritis,Orthopedic,1,4.2,429
8675,Dr. Neha Shinde,Sillod,Arthritis,Orthopedic,26,4.6,259
8676,Dr. Anil Jadhav,Sillod,Arthritis,Orthopedic,14,4.9,778
8677,Dr. Amit Jadhav,Sillod,Arthritis,Orthopedic,32,3.8,259
8678,Dr. Rohit Jadhav,Sillod,Arthritis,Orthopedic,20,4.3,376
8679,Dr. Neha Sharma,Sillod,Arthritis,Orthopedic,20,4.4,361
8680,Dr. Anil Shinde,Sillod,Arthritis,Orthopedic,32,4.0,1372
8681,Dr. Amit Jadhav,Manmad,Flu,General Physician,33,3.5,1137
8682,Dr. Neha Shinde,Manmad,Flu,General Physician,6,4.3,1115
8683,Dr. Kiran Kulkarni,Manmad,Flu,General Physician,3,4.4,1487
8684,Dr. Priya Sharma,Manmad,Flu,General Physician,12,3.5,1085
8685,Dr. Amit Kulkarni,Manmad,Flu,General Physician,12,3.7,457
8686,Dr. Priya Deshmukh,Manmad,Flu,General Physician,8,4.0,609
8687,Dr. Anil Joshi,Manmad,Flu,General Physician,24,3.7,615
8688,Dr. Rahul Joshi,Manmad,Flu,General Physician,20,4.6,630
8689,Dr. Priya Sharma,Manmad,Flu,General Physician,28,4.8,831
8690,Dr. Amit Shinde,Manmad,Flu,General Physician,25,4.1,227
8691,Dr. Anil Sharma,Manmad,Cold,General Physician,27,3.5,1395
8692,Dr. Amit Deshmukh,Manmad,Cold,General Physician,10,3.8,889
8693,Dr. Neha Jadhav,Manmad,Cold,General Physician,21,4.3,914
8694,Dr. Sneha Kulkarni,Manmad,Cold,General Physician,34,4.5,1214
8695,Dr. Amit Gupta,Manmad,Cold,General Physician,28,4.1,1231
8696,Dr. Priya Patil,Manmad,Cold,General Physician,24,4.0,810
8697,Dr. Kiran Gupta,Manmad,Cold,General Physician,26,4.2,779
8698,Dr. Pooja Joshi,Manmad,Cold,General Physician,8,3.7,366
8699,Dr. Amit Kulkarni,Manmad,Cold,General Physician,30,4.1,1461
8700,Dr. Rohit Deshmukh,Manmad,Cold,General Physician,26,4.0,552
8701,Dr. Sneha Deshmukh,Manmad,COVID-19,Pulmonologist,24,4.1,743
8702,Dr. Pooja Kulkarni,Manmad,COVID-19,Pulmonologist,32,4.5,1470
8703,Dr. Neha Shinde,Manmad,COVID-19,Pulmonologist,21,4.8,763
8704,Dr. Neha Gupta,Manmad,COVID-19,Pulmonologist,18,3.6,562
8705,Dr. Amit Jadhav,Manmad,COVID-19,Pulmonologist,24,4.1,603
8706,Dr. Kiran Jadhav,Manmad,COVID-19,Pulmonologist,20,4.1,870
8707,Dr. Neha Gupta,Manmad,COVID-19,Pulmonologist,9,3.7,1070
8708,Dr. Kiran Sharma,Manmad,COVID-19,Pulmonologist,9,4.1,1281
8709,Dr. Sneha Jadhav,Manmad,COVID-19,Pulmonologist,18,3.9,240
8710,Dr. Rohit Jadhav,Manmad,COVID-19,Pulmonologist,9,4.6,964
8711,Dr. Sneha Joshi,Manmad,Malaria,Infectious Disease,5,4.6,1032
8712,Dr. Neha Shinde,Manmad,Malaria,Infectious Disease,1,4.4,1188
8713,Dr. Rohit Shinde,Manmad,Malaria,Infectious Disease,14,4.4,821
8714,Dr. Rahul Shinde,Manmad,Malaria,Infectious Disease,34,4.1,1076
8715,Dr. Rahul Shinde,Manmad,Malaria,Infectious Disease,22,4.2,1032
8716,Dr. Rahul Gupta,Manmad,Malaria,Infectious Disease,34,4.0,738
8717,Dr. Priya Gupta,Manmad,Malaria,Infectious Disease,13,4.4,869
8718,Dr. Rohit Joshi,Manmad,Malaria,Infectious Disease,2,4.3,871
8719,Dr. Amit Deshmukh,Manmad,Malaria,Infectious Disease,29,4.0,371
8720,Dr. Priya Patil,Manmad,Malaria,Infectious Disease,1,3.8,517
8721,Dr. Priya Joshi,Manmad,Dengue,Infectious Disease,24,3.7,596
8722,Dr. Neha Deshmukh,Manmad,Dengue,Infectious Disease,5,4.3,538
8723,Dr. Rahul Gupta,Manmad,Dengue,Infectious Disease,14,4.5,857
8724,Dr. Rahul Shinde,Manmad,Dengue,Infectious Disease,30,3.7,539
8725,Dr. Amit Deshmukh,Manmad,Dengue,Infectious Disease,15,4.5,1044
8726,Dr. Pooja Gupta,Manmad,Dengue,Infectious Disease,3,4.8,1376
8727,Dr. Sneha Joshi,Manmad,Dengue,Infectious Disease,34,3.8,701
8728,Dr. Neha Joshi,Manmad,Dengue,Infectious Disease,35,4.6,1292
8729,Dr. Amit Patil,Manmad,Dengue,Infectious Disease,15,4.6,258
8730,Dr. Anil Jadhav,Manmad,Dengue,Infectious Disease,5,4.8,1029
8731,Dr. Vikas Deshmukh,Manmad,Typhoid,General Physician,18,4.2,1295
8732,Dr. Kiran Kulkarni,Manmad,Typhoid,General Physician,14,4.7,749
8733,Dr. Priya Patil,Manmad,Typhoid,General Physician,13,5.0,1382
8734,Dr. Pooja Deshmukh,Manmad,Typhoid,General Physician,8,4.5,329
8735,Dr. Anil Sharma,Manmad,Typhoid,General Physician,11,4.7,580
8736,Dr. Kiran Deshmukh,Manmad,Typhoid,General Physician,18,4.8,583
8737,Dr. Vikas Joshi,Manmad,Typhoid,General Physician,28,4.4,1037
8738,Dr. Priya Shinde,Manmad,Typhoid,General Physician,22,3.9,629
8739,Dr. Neha Gupta,Manmad,Typhoid,General Physician,28,4.0,1352
8740,Dr. Neha Patil,Manmad,Typhoid,General Physician,13,4.1,436
8741,Dr. Anil Kulkarni,Manmad,Asthma,Pulmonologist,13,4.3,804
8742,Dr. Pooja Gupta,Manmad,Asthma,Pulmonologist,34,3.7,292
8743,Dr. Anil Kulkarni,Manmad,Asthma,Pulmonologist,13,4.5,1251
8744,Dr. Vikas Deshmukh,Manmad,Asthma,Pulmonologist,23,4.6,978
8745,Dr. Pooja Deshmukh,Manmad,Asthma,Pulmonologist,17,4.9,656
8746,Dr. Rohit Deshmukh,Manmad,Asthma,Pulmonologist,13,4.0,1478
8747,Dr. Amit Kulkarni,Manmad,Asthma,Pulmonologist,27,4.0,548
8748,Dr. Rahul Kulkarni,Manmad,Asthma,Pulmonologist,21,4.7,1177
8749,Dr. Pooja Deshmukh,Manmad,Asthma,Pulmonologist,34,4.9,274
8750,Dr. Kiran Patil,Manmad,Asthma,Pulmonologist,19,4.4,921
8751,Dr. Pooja Sharma,Manmad,Diabetes,Endocrinologist,25,4.9,438
8752,Dr. Vikas Deshmukh,Manmad,Diabetes,Endocrinologist,19,4.1,725
8753,Dr. Sneha Patil,Manmad,Diabetes,Endocrinologist,21,4.1,552
8754,Dr. Anil Deshmukh,Manmad,Diabetes,Endocrinologist,1,4.0,1261
8755,Dr. Kiran Joshi,Manmad,Diabetes,Endocrinologist,16,3.5,319
8756,Dr. Priya Joshi,Manmad,Diabetes,Endocrinologist,8,3.7,1181
8757,Dr. Priya Deshmukh,Manmad,Diabetes,Endocrinologist,34,4.6,931
8758,Dr. Kiran Sharma,Manmad,Diabetes,Endocrinologist,31,3.7,414
8759,Dr. Rohit Gupta,Manmad,Diabetes,Endocrinologist,16,4.7,811
8760,Dr. Priya Shinde,Manmad,Diabetes,Endocrinologist,18,4.9,1480
8761,Dr. Sneha Deshmukh,Manmad,Migraine,Neurologist,25,3.8,329
8762,Dr. Neha Deshmukh,Manmad,Migraine,Neurologist,28,4.7,399
8763,Dr. Priya Patil,Manmad,Migraine,Neurologist,9,4.8,873
8764,Dr. Amit Joshi,Manmad,Migraine,Neurologist,7,4.0,1174
8765,Dr. Pooja Shinde,Manmad,Migraine,Neurologist,31,3.8,990
8766,Dr. Vikas Shinde,Manmad,Migraine,Neurologist,3,3.5,937
8767,Dr. Rohit Kulkarni,Manmad,Migraine,Neurologist,3,4.4,822
8768,Dr. Priya Shinde,Manmad,Migraine,Neurologist,7,4.1,1239
8769,Dr. Pooja Shinde,Manmad,Migraine,Neurologist,1,4.0,987
8770,Dr. Pooja Patil,Manmad,Migraine,Neurologist,34,4.9,652
8771,Dr. Kiran Joshi,Manmad,Food Poisoning,Gastroenterologist,19,4.1,696
8772,Dr. Amit Patil,Manmad,Food Poisoning,Gastroenterologist,3,3.7,1335
8773,Dr. Anil Gupta,Manmad,Food Poisoning,Gastroenterologist,21,3.9,1222
8774,Dr. Anil Joshi,Manmad,Food Poisoning,Gastroenterologist,19,3.6,603
8775,Dr. Amit Shinde,Manmad,Food Poisoning,Gastroenterologist,3,4.2,1205
8776,Dr. Pooja Kulkarni,Manmad,Food Poisoning,Gastroenterologist,28,4.6,367
8777,Dr. Sneha Sharma,Manmad,Food Poisoning,Gastroenterologist,11,4.5,1063
8778,Dr. Kiran Kulkarni,Manmad,Food Poisoning,Gastroenterologist,28,4.2,997
8779,Dr. Sneha Sharma,Manmad,Food Poisoning,Gastroenterologist,13,3.8,328
8780,Dr. Amit Gupta,Manmad,Food Poisoning,Gastroenterologist,7,4.7,1026
8781,Dr. Sneha Jadhav,Manmad,Jaundice,Hepatologist,32,4.0,313
8782,Dr. Neha Jadhav,Manmad,Jaundice,Hepatologist,7,3.7,851
8783,Dr. Rahul Deshmukh,Manmad,Jaundice,Hepatologist,25,4.8,737
8784,Dr. Priya Joshi,Manmad,Jaundice,Hepatologist,3,4.7,1374
8785,Dr. Pooja Shinde,Manmad,Jaundice,Hepatologist,24,3.8,851
8786,Dr. Priya Shinde,Manmad,Jaundice,Hepatologist,22,4.7,1208
8787,Dr. Kiran Gupta,Manmad,Jaundice,Hepatologist,19,4.5,583
8788,Dr. Vikas Kulkarni,Manmad,Jaundice,Hepatologist,3,3.6,1134
8789,Dr. Neha Deshmukh,Manmad,Jaundice,Hepatologist,12,3.6,941
8790,Dr. Pooja Patil,Manmad,Jaundice,Hepatologist,21,4.8,966
8791,Dr. Pooja Jadhav,Manmad,Chickenpox,Dermatologist,28,4.8,449
8792,Dr. Amit Kulkarni,Manmad,Chickenpox,Dermatologist,3,4.7,706
8793,Dr. Rohit Joshi,Manmad,Chickenpox,Dermatologist,24,4.2,243
8794,Dr. Amit Shinde,Manmad,Chickenpox,Dermatologist,9,4.7,843
8795,Dr. Vikas Deshmukh,Manmad,Chickenpox,Dermatologist,4,4.7,1123
8796,Dr. Priya Shinde,Manmad,Chickenpox,Dermatologist,25,3.9,1334
8797,Dr. Vikas Kulkarni,Manmad,Chickenpox,Dermatologist,1,3.6,989
8798,Dr. Anil Jadhav,Manmad,Chickenpox,Dermatologist,22,3.8,861
8799,Dr. Vikas Jadhav,Manmad,Chickenpox,Dermatologist,34,4.9,624
8800,Dr. Amit Shinde,Manmad,Chickenpox,Dermatologist,1,4.0,950
8801,Dr. Amit Gupta,Manmad,Measles,Pediatrician,20,3.8,742
8802,Dr. Anil Sharma,Manmad,Measles,Pediatrician,15,4.2,1110
8803,Dr. Vikas Joshi,Manmad,Measles,Pediatrician,29,3.7,1164
8804,Dr. Priya Deshmukh,Manmad,Measles,Pediatrician,33,4.5,498
8805,Dr. Pooja Sharma,Manmad,Measles,Pediatrician,30,4.7,280
8806,Dr. Rohit Joshi,Manmad,Measles,Pediatrician,9,4.5,465
8807,Dr. Sneha Jadhav,Manmad,Measles,Pediatrician,30,4.0,920
8808,Dr. Kiran Sharma,Manmad,Measles,Pediatrician,4,4.0,554
8809,Dr. Priya Patil,Manmad,Measles,Pediatrician,21,3.7,611
8810,Dr. Rahul Joshi,Manmad,Measles,Pediatrician,6,4.8,569
8811,Dr. Amit Shinde,Manmad,Arthritis,Orthopedic,19,4.6,1120
8812,Dr. Anil Patil,Manmad,Arthritis,Orthopedic,16,4.4,1356
8813,Dr. Anil Shinde,Manmad,Arthritis,Orthopedic,10,4.6,1097
8814,Dr. Sneha Jadhav,Manmad,Arthritis,Orthopedic,16,4.9,250
8815,Dr. Sneha Shinde,Manmad,Arthritis,Orthopedic,23,3.6,659
8816,Dr. Pooja Jadhav,Manmad,Arthritis,Orthopedic,9,4.4,324
8817,Dr. Rohit Kulkarni,Manmad,Arthritis,Orthopedic,24,4.7,1391
8818,Dr. Priya Kulkarni,Manmad,Arthritis,Orthopedic,21,3.8,1106
8819,Dr. Rahul Sharma,Manmad,Arthritis,Orthopedic,25,4.8,350
8820,Dr. Kiran Sharma,Manmad,Arthritis,Orthopedic,31,4.2,1091
8821,Dr. Anil Jadhav,Savner,Flu,General Physician,19,4.1,944
8822,Dr. Kiran Patil,Savner,Flu,General Physician,25,4.3,613
8823,Dr. Amit Sharma,Savner,Flu,General Physician,5,4.2,1314
8824,Dr. Priya Jadhav,Savner,Flu,General Physician,24,3.8,1077
8825,Dr. Vikas Kulkarni,Savner,Flu,General Physician,12,3.6,608
8826,Dr. Sneha Sharma,Savner,Flu,General Physician,15,4.8,288
8827,Dr. Rahul Jadhav,Savner,Flu,General Physician,28,3.6,1055
8828,Dr. Vikas Jadhav,Savner,Flu,General Physician,11,3.5,659
8829,Dr. Vikas Joshi,Savner,Flu,General Physician,30,4.8,1085
8830,Dr. Vikas Kulkarni,Savner,Flu,General Physician,23,4.7,678
8831,Dr. Rohit Kulkarni,Savner,Cold,General Physician,9,4.1,1042
8832,Dr. Priya Jadhav,Savner,Cold,General Physician,30,4.1,729
8833,Dr. Rahul Patil,Savner,Cold,General Physician,13,4.2,1191
8834,Dr. Amit Kulkarni,Savner,Cold,General Physician,14,4.3,850
8835,Dr. Anil Jadhav,Savner,Cold,General Physician,35,4.2,1227
8836,Dr. Pooja Sharma,Savner,Cold,General Physician,11,4.4,890
8837,Dr. Rahul Kulkarni,Savner,Cold,General Physician,2,3.8,383
8838,Dr. Anil Joshi,Savner,Cold,General Physician,21,4.0,786
8839,Dr. Rohit Deshmukh,Savner,Cold,General Physician,22,4.9,814
8840,Dr. Priya Jadhav,Savner,Cold,General Physician,30,4.1,592
8841,Dr. Amit Joshi,Savner,COVID-19,Pulmonologist,33,3.7,578
8842,Dr. Priya Sharma,Savner,COVID-19,Pulmonologist,16,4.3,751
8843,Dr. Kiran Sharma,Savner,COVID-19,Pulmonologist,27,4.1,1054
8844,Dr. Vikas Patil,Savner,COVID-19,Pulmonologist,22,3.9,761
8845,Dr. Neha Deshmukh,Savner,COVID-19,Pulmonologist,9,3.9,432
8846,Dr. Pooja Shinde,Savner,COVID-19,Pulmonologist,2,4.8,239
8847,Dr. Vikas Shinde,Savner,COVID-19,Pulmonologist,24,4.3,620
8848,Dr. Anil Kulkarni,Savner,COVID-19,Pulmonologist,21,4.7,501
8849,Dr. Anil Jadhav,Savner,COVID-19,Pulmonologist,34,4.9,522
8850,Dr. Rahul Jadhav,Savner,COVID-19,Pulmonologist,31,4.2,991
8851,Dr. Priya Shinde,Savner,Malaria,Infectious Disease,20,4.5,1262
8852,Dr. Rahul Jadhav,Savner,Malaria,Infectious Disease,30,4.8,272
8853,Dr. Sneha Shinde,Savner,Malaria,Infectious Disease,10,4.6,1274
8854,Dr. Anil Joshi,Savner,Malaria,Infectious Disease,34,4.2,727
8855,Dr. Kiran Jadhav,Savner,Malaria,Infectious Disease,6,4.5,437
8856,Dr. Rahul Jadhav,Savner,Malaria,Infectious Disease,10,4.8,1004
8857,Dr. Rahul Patil,Savner,Malaria,Infectious Disease,17,4.3,469
8858,Dr. Rahul Sharma,Savner,Malaria,Infectious Disease,9,4.9,948
8859,Dr. Rohit Deshmukh,Savner,Malaria,Infectious Disease,8,4.3,436
8860,Dr. Anil Kulkarni,Savner,Malaria,Infectious Disease,26,4.4,1330
8861,Dr. Pooja Patil,Savner,Dengue,Infectious Disease,29,4.7,600
8862,Dr. Rahul Deshmukh,Savner,Dengue,Infectious Disease,33,4.4,982
8863,Dr. Amit Joshi,Savner,Dengue,Infectious Disease,9,5.0,1286
8864,Dr. Amit Gupta,Savner,Dengue,Infectious Disease,9,4.2,1421
8865,Dr. Sneha Kulkarni,Savner,Dengue,Infectious Disease,19,4.5,266
8866,Dr. Priya Sharma,Savner,Dengue,Infectious Disease,19,4.0,780
8867,Dr. Priya Kulkarni,Savner,Dengue,Infectious Disease,30,4.0,417
8868,Dr. Anil Gupta,Savner,Dengue,Infectious Disease,29,3.7,1176
8869,Dr. Anil Kulkarni,Savner,Dengue,Infectious Disease,35,3.9,1219
8870,Dr. Anil Deshmukh,Savner,Dengue,Infectious Disease,4,3.5,996
8871,Dr. Anil Patil,Savner,Typhoid,General Physician,32,4.5,502
8872,Dr. Kiran Sharma,Savner,Typhoid,General Physician,27,4.3,495
8873,Dr. Rohit Kulkarni,Savner,Typhoid,General Physician,35,4.4,925
8874,Dr. Vikas Patil,Savner,Typhoid,General Physician,29,4.6,485
8875,Dr. Anil Gupta,Savner,Typhoid,General Physician,25,4.4,950
8876,Dr. Vikas Deshmukh,Savner,Typhoid,General Physician,6,3.6,1050
8877,Dr. Priya Joshi,Savner,Typhoid,General Physician,7,4.1,1258
8878,Dr. Pooja Jadhav,Savner,Typhoid,General Physician,19,4.3,332
8879,Dr. Kiran Sharma,Savner,Typhoid,General Physician,21,4.3,1197
8880,Dr. Anil Shinde,Savner,Typhoid,General Physician,13,4.5,664
8881,Dr. Amit Jadhav,Savner,Asthma,Pulmonologist,1,3.7,1198
8882,Dr. Neha Kulkarni,Savner,Asthma,Pulmonologist,34,4.7,316
8883,Dr. Neha Kulkarni,Savner,Asthma,Pulmonologist,5,4.8,590
8884,Dr. Vikas Kulkarni,Savner,Asthma,Pulmonologist,21,4.7,1256
8885,Dr. Rohit Shinde,Savner,Asthma,Pulmonologist,21,4.6,201
8886,Dr. Rohit Jadhav,Savner,Asthma,Pulmonologist,19,4.0,1096
8887,Dr. Kiran Kulkarni,Savner,Asthma,Pulmonologist,9,3.6,1461
8888,Dr. Neha Kulkarni,Savner,Asthma,Pulmonologist,10,3.9,263
8889,Dr. Pooja Shinde,Savner,Asthma,Pulmonologist,23,3.6,447
8890,Dr. Rohit Patil,Savner,Asthma,Pulmonologist,17,3.5,851
8891,Dr. Priya Kulkarni,Savner,Diabetes,Endocrinologist,16,3.7,1075
8892,Dr. Vikas Gupta,Savner,Diabetes,Endocrinologist,30,3.9,1044
8893,Dr. Rohit Shinde,Savner,Diabetes,Endocrinologist,29,3.6,945
8894,Dr. Kiran Shinde,Savner,Diabetes,Endocrinologist,29,4.7,947
8895,Dr. Priya Sharma,Savner,Diabetes,Endocrinologist,7,3.8,1244
8896,Dr. Pooja Shinde,Savner,Diabetes,Endocrinologist,29,4.4,1006
8897,Dr. Vikas Deshmukh,Savner,Diabetes,Endocrinologist,13,3.8,422
8898,Dr. Rahul Shinde,Savner,Diabetes,Endocrinologist,16,5.0,637
8899,Dr. Vikas Joshi,Savner,Diabetes,Endocrinologist,6,4.7,303
8900,Dr. Anil Sharma,Savner,Diabetes,Endocrinologist,31,4.1,638
8901,Dr. Sneha Sharma,Savner,Migraine,Neurologist,17,3.7,1492
8902,Dr. Anil Deshmukh,Savner,Migraine,Neurologist,12,4.3,364
8903,Dr. Amit Deshmukh,Savner,Migraine,Neurologist,34,4.3,1134
8904,Dr. Vikas Patil,Savner,Migraine,Neurologist,26,3.8,1294
8905,Dr. Anil Jadhav,Savner,Migraine,Neurologist,2,3.8,1443
8906,Dr. Amit Kulkarni,Savner,Migraine,Neurologist,30,4.5,1172
8907,Dr. Rahul Gupta,Savner,Migraine,Neurologist,26,4.2,1189
8908,Dr. Rahul Jadhav,Savner,Migraine,Neurologist,21,4.4,859
8909,Dr. Anil Shinde,Savner,Migraine,Neurologist,16,4.0,1047
8910,Dr. Pooja Joshi,Savner,Migraine,Neurologist,3,4.9,1115
8911,Dr. Neha Jadhav,Savner,Food Poisoning,Gastroenterologist,32,4.8,1294
8912,Dr. Priya Patil,Savner,Food Poisoning,Gastroenterologist,22,3.9,370
8913,Dr. Rohit Kulkarni,Savner,Food Poisoning,Gastroenterologist,26,4.1,887
8914,Dr. Anil Sharma,Savner,Food Poisoning,Gastroenterologist,9,4.0,665
8915,Dr. Rohit Jadhav,Savner,Food Poisoning,Gastroenterologist,26,3.6,693
8916,Dr. Priya Kulkarni,Savner,Food Poisoning,Gastroenterologist,26,4.8,862
8917,Dr. Kiran Kulkarni,Savner,Food Poisoning,Gastroenterologist,32,3.5,951
8918,Dr. Kiran Shinde,Savner,Food Poisoning,Gastroenterologist,33,4.5,1386
8919,Dr. Rohit Patil,Savner,Food Poisoning,Gastroenterologist,9,4.3,1070
8920,Dr. Sneha Shinde,Savner,Food Poisoning,Gastroenterologist,33,3.8,324
8921,Dr. Rohit Patil,Savner,Jaundice,Hepatologist,22,3.7,485
8922,Dr. Rohit Sharma,Savner,Jaundice,Hepatologist,24,5.0,1070
8923,Dr. Pooja Patil,Savner,Jaundice,Hepatologist,15,4.0,408
8924,Dr. Kiran Joshi,Savner,Jaundice,Hepatologist,24,4.9,1452
8925,Dr. Rahul Patil,Savner,Jaundice,Hepatologist,17,3.9,324
8926,Dr. Sneha Kulkarni,Savner,Jaundice,Hepatologist,23,3.7,1099
8927,Dr. Rohit Joshi,Savner,Jaundice,Hepatologist,24,4.1,884
8928,Dr. Vikas Shinde,Savner,Jaundice,Hepatologist,11,3.8,1380
8929,Dr. Priya Deshmukh,Savner,Jaundice,Hepatologist,3,4.7,595
8930,Dr. Sneha Patil,Savner,Jaundice,Hepatologist,26,3.8,946
8931,Dr. Anil Patil,Savner,Chickenpox,Dermatologist,28,5.0,987
8932,Dr. Priya Patil,Savner,Chickenpox,Dermatologist,16,3.8,200
8933,Dr. Priya Joshi,Savner,Chickenpox,Dermatologist,34,3.9,978
8934,Dr. Amit Jadhav,Savner,Chickenpox,Dermatologist,6,4.2,1225
8935,Dr. Rohit Shinde,Savner,Chickenpox,Dermatologist,25,3.9,1412
8936,Dr. Rohit Gupta,Savner,Chickenpox,Dermatologist,35,3.6,606
8937,Dr. Pooja Jadhav,Savner,Chickenpox,Dermatologist,34,4.6,1359
8938,Dr. Anil Jadhav,Savner,Chickenpox,Dermatologist,18,3.9,1397
8939,Dr. Vikas Sharma,Savner,Chickenpox,Dermatologist,13,4.5,1483
8940,Dr. Neha Kulkarni,Savner,Chickenpox,Dermatologist,18,3.8,362
8941,Dr. Pooja Joshi,Savner,Measles,Pediatrician,34,4.7,228
8942,Dr. Rahul Jadhav,Savner,Measles,Pediatrician,15,4.6,1112
8943,Dr. Kiran Joshi,Savner,Measles,Pediatrician,32,4.2,996
8944,Dr. Amit Jadhav,Savner,Measles,Pediatrician,18,4.7,1456
8945,Dr. Kiran Patil,Savner,Measles,Pediatrician,31,4.0,632
8946,Dr. Anil Deshmukh,Savner,Measles,Pediatrician,7,4.9,406
8947,Dr. Neha Joshi,Savner,Measles,Pediatrician,32,4.4,731
8948,Dr. Rohit Gupta,Savner,Measles,Pediatrician,18,4.3,887
8949,Dr. Amit Deshmukh,Savner,Measles,Pediatrician,14,4.7,952
8950,Dr. Rahul Jadhav,Savner,Measles,Pediatrician,17,3.8,1001
8951,Dr. Vikas Sharma,Savner,Arthritis,Orthopedic,8,4.8,406
8952,Dr. Amit Sharma,Savner,Arthritis,Orthopedic,23,4.6,565
8953,Dr. Priya Jadhav,Savner,Arthritis,Orthopedic,25,3.9,1388
8954,Dr. Vikas Kulkarni,Savner,Arthritis,Orthopedic,5,4.6,1001
8955,Dr. Pooja Jadhav,Savner,Arthritis,Orthopedic,9,4.5,992
8956,Dr. Priya Deshmukh,Savner,Arthritis,Orthopedic,7,4.3,1022
8957,Dr. Sneha Shinde,Savner,Arthritis,Orthopedic,4,4.7,367
8958,Dr. Anil Gupta,Savner,Arthritis,Orthopedic,24,3.8,1374
8959,Dr. Anil Kulkarni,Savner,Arthritis,Orthopedic,31,4.3,746
8960,Dr. Pooja Deshmukh,Savner,Arthritis,Orthopedic,16,4.3,609
8961,Dr. Neha Sharma,Arvi,Flu,General Physician,12,4.6,1358
8962,Dr. Amit Gupta,Arvi,Flu,General Physician,13,3.6,721
8963,Dr. Vikas Patil,Arvi,Flu,General Physician,35,4.0,1069
8964,Dr. Rahul Deshmukh,Arvi,Flu,General Physician,2,3.5,692
8965,Dr. Vikas Jadhav,Arvi,Flu,General Physician,28,3.7,796
8966,Dr. Vikas Gupta,Arvi,Flu,General Physician,3,3.7,1092
8967,Dr. Amit Shinde,Arvi,Flu,General Physician,11,4.8,523
8968,Dr. Priya Jadhav,Arvi,Flu,General Physician,4,4.0,1438
8969,Dr. Vikas Gupta,Arvi,Flu,General Physician,26,4.1,690
8970,Dr. Amit Jadhav,Arvi,Flu,General Physician,3,4.2,751
8971,Dr. Rohit Shinde,Arvi,Cold,General Physician,5,4.8,299
8972,Dr. Rohit Sharma,Arvi,Cold,General Physician,21,4.3,421
8973,Dr. Rahul Gupta,Arvi,Cold,General Physician,12,4.9,1157
8974,Dr. Vikas Sharma,Arvi,Cold,General Physician,13,3.9,322
8975,Dr. Neha Kulkarni,Arvi,Cold,General Physician,19,4.6,737
8976,Dr. Amit Kulkarni,Arvi,Cold,General Physician,11,4.7,957
8977,Dr. Rahul Sharma,Arvi,Cold,General Physician,30,3.7,491
8978,Dr. Vikas Jadhav,Arvi,Cold,General Physician,16,4.7,1266
8979,Dr. Rahul Deshmukh,Arvi,Cold,General Physician,8,4.4,1300
8980,Dr. Vikas Jadhav,Arvi,Cold,General Physician,8,4.1,1333
8981,Dr. Priya Patil,Arvi,COVID-19,Pulmonologist,17,4.7,899
8982,Dr. Vikas Sharma,Arvi,COVID-19,Pulmonologist,1,4.5,1145
8983,Dr. Priya Patil,Arvi,COVID-19,Pulmonologist,1,4.8,1426
8984,Dr. Sneha Joshi,Arvi,COVID-19,Pulmonologist,35,4.6,310
8985,Dr. Anil Sharma,Arvi,COVID-19,Pulmonologist,10,4.5,239
8986,Dr. Pooja Gupta,Arvi,COVID-19,Pulmonologist,34,3.8,539
8987,Dr. Rohit Gupta,Arvi,COVID-19,Pulmonologist,31,4.1,739
8988,Dr. Sneha Shinde,Arvi,COVID-19,Pulmonologist,19,4.4,1311
8989,Dr. Neha Patil,Arvi,COVID-19,Pulmonologist,3,4.9,1234
8990,Dr. Amit Kulkarni,Arvi,COVID-19,Pulmonologist,29,4.9,1360
8991,Dr. Neha Kulkarni,Arvi,Malaria,Infectious Disease,25,4.6,405
8992,Dr. Vikas Sharma,Arvi,Malaria,Infectious Disease,27,5.0,1418
8993,Dr. Priya Joshi,Arvi,Malaria,Infectious Disease,31,4.8,1058
8994,Dr. Vikas Kulkarni,Arvi,Malaria,Infectious Disease,33,4.3,251
8995,Dr. Rahul Kulkarni,Arvi,Malaria,Infectious Disease,8,5.0,1364
8996,Dr. Anil Sharma,Arvi,Malaria,Infectious Disease,31,4.8,346
8997,Dr. Vikas Joshi,Arvi,Malaria,Infectious Disease,5,4.1,480
8998,Dr. Amit Deshmukh,Arvi,Malaria,Infectious Disease,17,4.8,514
8999,Dr. Priya Sharma,Arvi,Malaria,Infectious Disease,6,4.2,753
9000,Dr. Neha Deshmukh,Arvi,Malaria,Infectious Disease,7,3.7,372
9001,Dr. Pooja Kulkarni,Arvi,Dengue,Infectious Disease,24,4.4,912
9002,Dr. Vikas Deshmukh,Arvi,Dengue,Infectious Disease,20,4.9,566
9003,Dr. Kiran Jadhav,Arvi,Dengue,Infectious Disease,31,3.8,598
9004,Dr. Kiran Joshi,Arvi,Dengue,Infectious Disease,6,4.1,468
9005,Dr. Priya Gupta,Arvi,Dengue,Infectious Disease,32,4.4,1269
9006,Dr. Anil Patil,Arvi,Dengue,Infectious Disease,16,3.8,791
9007,Dr. Anil Sharma,Arvi,Dengue,Infectious Disease,14,3.6,804
9008,Dr. Anil Joshi,Arvi,Dengue,Infectious Disease,15,4.5,343
9009,Dr. Kiran Sharma,Arvi,Dengue,Infectious Disease,2,3.9,882
9010,Dr. Vikas Gupta,Arvi,Dengue,Infectious Disease,12,3.6,758
9011,Dr. Amit Jadhav,Arvi,Typhoid,General Physician,15,4.9,1078
9012,Dr. Anil Jadhav,Arvi,Typhoid,General Physician,35,4.7,944
9013,Dr. Priya Kulkarni,Arvi,Typhoid,General Physician,17,4.2,904
9014,Dr. Priya Jadhav,Arvi,Typhoid,General Physician,22,4.6,1165
9015,Dr. Rohit Shinde,Arvi,Typhoid,General Physician,29,4.2,884
9016,Dr. Vikas Jadhav,Arvi,Typhoid,General Physician,25,4.3,1311
9017,Dr. Rohit Jadhav,Arvi,Typhoid,General Physician,23,4.3,1416
9018,Dr. Pooja Kulkarni,Arvi,Typhoid,General Physician,17,4.5,1132
9019,Dr. Kiran Sharma,Arvi,Typhoid,General Physician,23,3.5,721
9020,Dr. Rahul Joshi,Arvi,Typhoid,General Physician,12,4.6,1078
9021,Dr. Sneha Deshmukh,Arvi,Asthma,Pulmonologist,6,4.2,1237
9022,Dr. Rahul Gupta,Arvi,Asthma,Pulmonologist,6,5.0,758
9023,Dr. Kiran Gupta,Arvi,Asthma,Pulmonologist,24,3.6,1006
9024,Dr. Pooja Sharma,Arvi,Asthma,Pulmonologist,27,4.6,388
9025,Dr. Neha Joshi,Arvi,Asthma,Pulmonologist,8,4.5,609
9026,Dr. Neha Gupta,Arvi,Asthma,Pulmonologist,13,4.8,1266
9027,Dr. Amit Joshi,Arvi,Asthma,Pulmonologist,20,3.6,1355
9028,Dr. Rahul Joshi,Arvi,Asthma,Pulmonologist,29,4.6,730
9029,Dr. Pooja Joshi,Arvi,Asthma,Pulmonologist,19,4.9,666
9030,Dr. Pooja Sharma,Arvi,Asthma,Pulmonologist,31,4.0,212
9031,Dr. Rohit Jadhav,Arvi,Diabetes,Endocrinologist,33,4.2,1306
9032,Dr. Pooja Gupta,Arvi,Diabetes,Endocrinologist,12,4.6,1201
9033,Dr. Priya Jadhav,Arvi,Diabetes,Endocrinologist,25,4.5,637
9034,Dr. Priya Gupta,Arvi,Diabetes,Endocrinologist,20,4.9,1154
9035,Dr. Kiran Shinde,Arvi,Diabetes,Endocrinologist,8,4.6,873
9036,Dr. Rohit Sharma,Arvi,Diabetes,Endocrinologist,26,4.6,307
9037,Dr. Amit Kulkarni,Arvi,Diabetes,Endocrinologist,22,4.3,830
9038,Dr. Rahul Gupta,Arvi,Diabetes,Endocrinologist,32,4.5,655
9039,Dr. Neha Deshmukh,Arvi,Diabetes,Endocrinologist,11,3.9,890
9040,Dr. Rohit Jadhav,Arvi,Diabetes,Endocrinologist,25,4.2,1389
9041,Dr. Rohit Sharma,Arvi,Migraine,Neurologist,21,3.6,209
9042,Dr. Priya Kulkarni,Arvi,Migraine,Neurologist,18,5.0,828
9043,Dr. Priya Kulkarni,Arvi,Migraine,Neurologist,11,4.9,552
9044,Dr. Amit Jadhav,Arvi,Migraine,Neurologist,27,4.8,485
9045,Dr. Neha Deshmukh,Arvi,Migraine,Neurologist,26,3.8,630
9046,Dr. Rahul Shinde,Arvi,Migraine,Neurologist,26,4.3,1357
9047,Dr. Pooja Jadhav,Arvi,Migraine,Neurologist,25,4.8,614
9048,Dr. Vikas Shinde,Arvi,Migraine,Neurologist,21,4.0,359
9049,Dr. Amit Sharma,Arvi,Migraine,Neurologist,29,3.8,495
9050,Dr. Vikas Gupta,Arvi,Migraine,Neurologist,8,4.7,870
9051,Dr. Priya Deshmukh,Arvi,Food Poisoning,Gastroenterologist,4,3.5,1043
9052,Dr. Rahul Deshmukh,Arvi,Food Poisoning,Gastroenterologist,7,4.4,1270
9053,Dr. Kiran Gupta,Arvi,Food Poisoning,Gastroenterologist,25,4.5,1143
9054,Dr. Anil Kulkarni,Arvi,Food Poisoning,Gastroenterologist,18,3.8,1393
9055,Dr. Kiran Jadhav,Arvi,Food Poisoning,Gastroenterologist,4,3.6,1207
9056,Dr. Rohit Joshi,Arvi,Food Poisoning,Gastroenterologist,8,4.3,1115
9057,Dr. Amit Sharma,Arvi,Food Poisoning,Gastroenterologist,28,4.4,305
9058,Dr. Pooja Kulkarni,Arvi,Food Poisoning,Gastroenterologist,23,3.6,201
9059,Dr. Neha Jadhav,Arvi,Food Poisoning,Gastroenterologist,3,4.2,380
9060,Dr. Rahul Joshi,Arvi,Food Poisoning,Gastroenterologist,34,4.8,797
9061,Dr. Priya Gupta,Arvi,Jaundice,Hepatologist,35,4.9,1387
9062,Dr. Neha Gupta,Arvi,Jaundice,Hepatologist,33,4.8,779
9063,Dr. Vikas Deshmukh,Arvi,Jaundice,Hepatologist,12,4.9,1058
9064,Dr. Rohit Gupta,Arvi,Jaundice,Hepatologist,9,4.1,453
9065,Dr. Amit Jadhav,Arvi,Jaundice,Hepatologist,27,4.1,849
9066,Dr. Sneha Jadhav,Arvi,Jaundice,Hepatologist,2,4.4,246
9067,Dr. Rahul Sharma,Arvi,Jaundice,Hepatologist,25,3.9,503
9068,Dr. Vikas Patil,Arvi,Jaundice,Hepatologist,24,3.8,1092
9069,Dr. Anil Kulkarni,Arvi,Jaundice,Hepatologist,29,4.6,434
9070,Dr. Amit Kulkarni,Arvi,Jaundice,Hepatologist,27,4.3,529
9071,Dr. Rohit Shinde,Arvi,Chickenpox,Dermatologist,21,4.3,996
9072,Dr. Rohit Jadhav,Arvi,Chickenpox,Dermatologist,23,4.2,969
9073,Dr. Amit Sharma,Arvi,Chickenpox,Dermatologist,19,3.9,600
9074,Dr. Rohit Shinde,Arvi,Chickenpox,Dermatologist,29,4.7,209
9075,Dr. Rohit Deshmukh,Arvi,Chickenpox,Dermatologist,22,3.7,1419
9076,Dr. Priya Gupta,Arvi,Chickenpox,Dermatologist,12,3.8,1440
9077,Dr. Pooja Kulkarni,Arvi,Chickenpox,Dermatologist,29,4.7,1248
9078,Dr. Rahul Gupta,Arvi,Chickenpox,Dermatologist,32,3.8,981
9079,Dr. Kiran Kulkarni,Arvi,Chickenpox,Dermatologist,17,4.7,379
9080,Dr. Anil Shinde,Arvi,Chickenpox,Dermatologist,2,4.6,1362
9081,Dr. Sneha Sharma,Arvi,Measles,Pediatrician,6,4.0,678
9082,Dr. Rahul Joshi,Arvi,Measles,Pediatrician,16,4.8,1431
9083,Dr. Pooja Sharma,Arvi,Measles,Pediatrician,22,4.7,670
9084,Dr. Vikas Gupta,Arvi,Measles,Pediatrician,22,4.1,609
9085,Dr. Kiran Gupta,Arvi,Measles,Pediatrician,5,4.8,274
9086,Dr. Amit Joshi,Arvi,Measles,Pediatrician,29,4.0,676
9087,Dr. Rahul Patil,Arvi,Measles,Pediatrician,3,4.6,1423
9088,Dr. Rohit Sharma,Arvi,Measles,Pediatrician,35,3.6,335
9089,Dr. Neha Kulkarni,Arvi,Measles,Pediatrician,10,4.5,1160
9090,Dr. Priya Shinde,Arvi,Measles,Pediatrician,4,3.9,315
9091,Dr. Amit Patil,Arvi,Arthritis,Orthopedic,17,4.8,247
9092,Dr. Kiran Deshmukh,Arvi,Arthritis,Orthopedic,10,3.6,216
9093,Dr. Neha Kulkarni,Arvi,Arthritis,Orthopedic,17,4.4,1101
9094,Dr. Kiran Kulkarni,Arvi,Arthritis,Orthopedic,23,4.3,665
9095,Dr. Anil Patil,Arvi,Arthritis,Orthopedic,29,4.7,600
9096,Dr. Kiran Kulkarni,Arvi,Arthritis,Orthopedic,10,4.1,1232
9097,Dr. Rohit Jadhav,Arvi,Arthritis,Orthopedic,13,4.1,456
9098,Dr. Priya Deshmukh,Arvi,Arthritis,Orthopedic,13,4.6,1408
9099,Dr. Anil Kulkarni,Arvi,Arthritis,Orthopedic,1,4.1,457
9100,Dr. Anil Shinde,Arvi,Arthritis,Orthopedic,7,4.0,572
9101,Dr. Priya Joshi,Warora,Flu,General Physician,6,4.2,206
9102,Dr. Priya Deshmukh,Warora,Flu,General Physician,13,3.6,593
9103,Dr. Anil Patil,Warora,Flu,General Physician,23,4.1,382
9104,Dr. Anil Patil,Warora,Flu,General Physician,29,3.8,786
9105,Dr. Vikas Kulkarni,Warora,Flu,General Physician,8,3.9,202
9106,Dr. Anil Jadhav,Warora,Flu,General Physician,19,3.8,903
9107,Dr. Neha Joshi,Warora,Flu,General Physician,9,4.5,225
9108,Dr. Amit Shinde,Warora,Flu,General Physician,22,4.4,1183
9109,Dr. Rohit Shinde,Warora,Flu,General Physician,29,4.2,839
9110,Dr. Kiran Sharma,Warora,Flu,General Physician,6,4.0,1054
9111,Dr. Pooja Shinde,Warora,Cold,General Physician,35,4.5,752
9112,Dr. Vikas Patil,Warora,Cold,General Physician,16,4.8,1479
9113,Dr. Rahul Kulkarni,Warora,Cold,General Physician,10,4.5,903
9114,Dr. Sneha Shinde,Warora,Cold,General Physician,24,4.5,363
9115,Dr. Amit Shinde,Warora,Cold,General Physician,29,4.4,1278
9116,Dr. Amit Kulkarni,Warora,Cold,General Physician,14,4.4,1215
9117,Dr. Sneha Joshi,Warora,Cold,General Physician,16,3.8,706
9118,Dr. Priya Jadhav,Warora,Cold,General Physician,35,4.8,1141
9119,Dr. Rahul Deshmukh,Warora,Cold,General Physician,28,4.0,609
9120,Dr. Neha Joshi,Warora,Cold,General Physician,4,4.4,680
9121,Dr. Anil Sharma,Warora,COVID-19,Pulmonologist,23,4.2,1371
9122,Dr. Sneha Gupta,Warora,COVID-19,Pulmonologist,9,3.6,466
9123,Dr. Neha Jadhav,Warora,COVID-19,Pulmonologist,3,3.6,702
9124,Dr. Pooja Sharma,Warora,COVID-19,Pulmonologist,19,3.8,405
9125,Dr. Rohit Kulkarni,Warora,COVID-19,Pulmonologist,26,4.7,275
9126,Dr. Sneha Gupta,Warora,COVID-19,Pulmonologist,33,4.9,1339
9127,Dr. Rohit Shinde,Warora,COVID-19,Pulmonologist,32,4.9,1270
9128,Dr. Rohit Joshi,Warora,COVID-19,Pulmonologist,2,4.3,946
9129,Dr. Sneha Jadhav,Warora,COVID-19,Pulmonologist,26,4.2,918
9130,Dr. Sneha Sharma,Warora,COVID-19,Pulmonologist,16,4.9,1054
9131,Dr. Priya Joshi,Warora,Malaria,Infectious Disease,17,4.2,1376
9132,Dr. Sneha Patil,Warora,Malaria,Infectious Disease,7,4.5,753
9133,Dr. Vikas Sharma,Warora,Malaria,Infectious Disease,18,4.3,1086
9134,Dr. Priya Sharma,Warora,Malaria,Infectious Disease,16,3.8,1437
9135,Dr. Vikas Joshi,Warora,Malaria,Infectious Disease,10,3.6,1172
9136,Dr. Amit Patil,Warora,Malaria,Infectious Disease,23,4.7,1139
9137,Dr. Rahul Jadhav,Warora,Malaria,Infectious Disease,34,4.5,900
9138,Dr. Sneha Jadhav,Warora,Malaria,Infectious Disease,30,3.6,203
9139,Dr. Sneha Kulkarni,Warora,Malaria,Infectious Disease,32,4.2,1039
9140,Dr. Rohit Gupta,Warora,Malaria,Infectious Disease,1,4.9,238
9141,Dr. Anil Gupta,Warora,Dengue,Infectious Disease,22,4.9,1252
9142,Dr. Kiran Patil,Warora,Dengue,Infectious Disease,22,4.3,866
9143,Dr. Vikas Joshi,Warora,Dengue,Infectious Disease,28,4.8,634
9144,Dr. Amit Patil,Warora,Dengue,Infectious Disease,13,3.6,434
9145,Dr. Pooja Sharma,Warora,Dengue,Infectious Disease,9,4.8,1373
9146,Dr. Amit Jadhav,Warora,Dengue,Infectious Disease,2,5.0,213
9147,Dr. Pooja Shinde,Warora,Dengue,Infectious Disease,22,4.6,1288
9148,Dr. Amit Gupta,Warora,Dengue,Infectious Disease,20,4.2,1380
9149,Dr. Amit Deshmukh,Warora,Dengue,Infectious Disease,19,3.5,563
9150,Dr. Priya Joshi,Warora,Dengue,Infectious Disease,10,3.8,272
9151,Dr. Sneha Kulkarni,Warora,Typhoid,General Physician,3,4.2,237
9152,Dr. Vikas Kulkarni,Warora,Typhoid,General Physician,14,4.6,699
9153,Dr. Sneha Joshi,Warora,Typhoid,General Physician,23,4.3,252
9154,Dr. Sneha Deshmukh,Warora,Typhoid,General Physician,30,3.7,1355
9155,Dr. Amit Jadhav,Warora,Typhoid,General Physician,2,3.7,1342
9156,Dr. Kiran Patil,Warora,Typhoid,General Physician,25,3.5,200
9157,Dr. Kiran Patil,Warora,Typhoid,General Physician,29,4.4,805
9158,Dr. Anil Shinde,Warora,Typhoid,General Physician,28,4.1,736
9159,Dr. Anil Shinde,Warora,Typhoid,General Physician,5,5.0,1279
9160,Dr. Anil Shinde,Warora,Typhoid,General Physician,24,4.0,711
9161,Dr. Rahul Jadhav,Warora,Asthma,Pulmonologist,9,4.4,371
9162,Dr. Vikas Kulkarni,Warora,Asthma,Pulmonologist,23,4.6,717
9163,Dr. Neha Patil,Warora,Asthma,Pulmonologist,14,3.7,1337
9164,Dr. Pooja Deshmukh,Warora,Asthma,Pulmonologist,22,4.6,622
9165,Dr. Amit Jadhav,Warora,Asthma,Pulmonologist,2,4.2,986
9166,Dr. Priya Jadhav,Warora,Asthma,Pulmonologist,26,4.0,1138
9167,Dr. Rohit Patil,Warora,Asthma,Pulmonologist,31,4.5,1362
9168,Dr. Amit Jadhav,Warora,Asthma,Pulmonologist,8,4.6,988
9169,Dr. Vikas Joshi,Warora,Asthma,Pulmonologist,6,3.6,1286
9170,Dr. Pooja Joshi,Warora,Asthma,Pulmonologist,28,4.6,653
9171,Dr. Neha Kulkarni,Warora,Diabetes,Endocrinologist,17,4.0,1305
9172,Dr. Vikas Gupta,Warora,Diabetes,Endocrinologist,3,4.2,813
9173,Dr. Kiran Sharma,Warora,Diabetes,Endocrinologist,35,4.4,233
9174,Dr. Kiran Joshi,Warora,Diabetes,Endocrinologist,21,4.0,964
9175,Dr. Vikas Deshmukh,Warora,Diabetes,Endocrinologist,22,4.7,806
9176,Dr. Vikas Shinde,Warora,Diabetes,Endocrinologist,4,4.2,1435
9177,Dr. Amit Deshmukh,Warora,Diabetes,Endocrinologist,16,4.9,793
9178,Dr. Priya Shinde,Warora,Diabetes,Endocrinologist,26,4.5,947
9179,Dr. Priya Shinde,Warora,Diabetes,Endocrinologist,11,4.4,957
9180,Dr. Amit Jadhav,Warora,Diabetes,Endocrinologist,8,4.3,1135
9181,Dr. Rohit Deshmukh,Warora,Migraine,Neurologist,32,3.9,611
9182,Dr. Anil Patil,Warora,Migraine,Neurologist,21,4.9,1220
9183,Dr. Anil Patil,Warora,Migraine,Neurologist,23,3.7,425
9184,Dr. Rohit Patil,Warora,Migraine,Neurologist,27,3.6,875
9185,Dr. Anil Jadhav,Warora,Migraine,Neurologist,22,5.0,1439
9186,Dr. Neha Joshi,Warora,Migraine,Neurologist,3,4.8,615
9187,Dr. Priya Joshi,Warora,Migraine,Neurologist,18,3.6,935
9188,Dr. Anil Patil,Warora,Migraine,Neurologist,26,4.0,797
9189,Dr. Rahul Patil,Warora,Migraine,Neurologist,32,4.3,1459
9190,Dr. Neha Gupta,Warora,Migraine,Neurologist,6,4.3,912
9191,Dr. Rohit Deshmukh,Warora,Food Poisoning,Gastroenterologist,30,3.6,344
9192,Dr. Rahul Kulkarni,Warora,Food Poisoning,Gastroenterologist,22,4.7,991
9193,Dr. Neha Deshmukh,Warora,Food Poisoning,Gastroenterologist,7,4.6,1268
9194,Dr. Vikas Patil,Warora,Food Poisoning,Gastroenterologist,8,4.0,1358
9195,Dr. Kiran Joshi,Warora,Food Poisoning,Gastroenterologist,22,3.7,1041
9196,Dr. Priya Deshmukh,Warora,Food Poisoning,Gastroenterologist,34,4.8,405
9197,Dr. Priya Sharma,Warora,Food Poisoning,Gastroenterologist,16,4.9,926
9198,Dr. Sneha Deshmukh,Warora,Food Poisoning,Gastroenterologist,18,3.5,1210
9199,Dr. Vikas Shinde,Warora,Food Poisoning,Gastroenterologist,1,4.8,432
9200,Dr. Anil Gupta,Warora,Food Poisoning,Gastroenterologist,28,4.3,791
9201,Dr. Kiran Patil,Warora,Jaundice,Hepatologist,17,4.9,1331
9202,Dr. Anil Gupta,Warora,Jaundice,Hepatologist,1,4.2,715
9203,Dr. Sneha Gupta,Warora,Jaundice,Hepatologist,22,3.9,1328
9204,Dr. Priya Jadhav,Warora,Jaundice,Hepatologist,34,3.8,316
9205,Dr. Pooja Patil,Warora,Jaundice,Hepatologist,5,3.6,696
9206,Dr. Priya Deshmukh,Warora,Jaundice,Hepatologist,9,3.9,1320
9207,Dr. Pooja Sharma,Warora,Jaundice,Hepatologist,30,4.3,434
9208,Dr. Pooja Gupta,Warora,Jaundice,Hepatologist,17,4.7,705
9209,Dr. Amit Shinde,Warora,Jaundice,Hepatologist,22,3.5,1499
9210,Dr. Pooja Joshi,Warora,Jaundice,Hepatologist,18,3.7,663
9211,Dr. Rohit Deshmukh,Warora,Chickenpox,Dermatologist,6,3.5,1205
9212,Dr. Rahul Gupta,Warora,Chickenpox,Dermatologist,33,3.9,894
9213,Dr. Anil Jadhav,Warora,Chickenpox,Dermatologist,29,3.9,1428
9214,Dr. Rohit Joshi,Warora,Chickenpox,Dermatologist,25,4.7,1256
9215,Dr. Vikas Sharma,Warora,Chickenpox,Dermatologist,26,3.8,1197
9216,Dr. Sneha Sharma,Warora,Chickenpox,Dermatologist,8,4.6,406
9217,Dr. Kiran Jadhav,Warora,Chickenpox,Dermatologist,23,3.9,500
9218,Dr. Amit Joshi,Warora,Chickenpox,Dermatologist,19,4.5,1233
9219,Dr. Anil Jadhav,Warora,Chickenpox,Dermatologist,5,4.1,1296
9220,Dr. Kiran Joshi,Warora,Chickenpox,Dermatologist,28,3.7,532
9221,Dr. Rohit Deshmukh,Warora,Measles,Pediatrician,8,4.3,1198
9222,Dr. Priya Deshmukh,Warora,Measles,Pediatrician,9,4.0,237
9223,Dr. Anil Jadhav,Warora,Measles,Pediatrician,34,4.5,444
9224,Dr. Vikas Gupta,Warora,Measles,Pediatrician,3,4.5,411
9225,Dr. Kiran Patil,Warora,Measles,Pediatrician,31,3.7,411
9226,Dr. Rohit Shinde,Warora,Measles,Pediatrician,3,3.7,1413
9227,Dr. Pooja Shinde,Warora,Measles,Pediatrician,1,4.6,365
9228,Dr. Rohit Joshi,Warora,Measles,Pediatrician,34,4.0,988
9229,Dr. Sneha Kulkarni,Warora,Measles,Pediatrician,19,4.6,1041
9230,Dr. Sneha Sharma,Warora,Measles,Pediatrician,2,3.5,1133
9231,Dr. Anil Gupta,Warora,Arthritis,Orthopedic,10,4.3,1353
9232,Dr. Amit Patil,Warora,Arthritis,Orthopedic,27,5.0,1359
9233,Dr. Pooja Joshi,Warora,Arthritis,Orthopedic,21,4.6,1100
9234,Dr. Rahul Shinde,Warora,Arthritis,Orthopedic,17,4.6,1442
9235,Dr. Pooja Sharma,Warora,Arthritis,Orthopedic,12,4.3,892
9236,Dr. Anil Patil,Warora,Arthritis,Orthopedic,28,5.0,977
9237,Dr. Neha Kulkarni,Warora,Arthritis,Orthopedic,13,4.5,1070
9238,Dr. Vikas Patil,Warora,Arthritis,Orthopedic,11,4.4,725
9239,Dr. Vikas Jadhav,Warora,Arthritis,Orthopedic,7,4.0,784
9240,Dr. Rohit Kulkarni,Warora,Arthritis,Orthopedic,8,4.4,1388
9241,Dr. Priya Joshi,Ballarpur,Diabetes,Endocrinologist,14,3.6,1323
9242,Dr. Sneha Jadhav,Washim,Food Poisoning,Gastroenterologist,24,3.8,697
9243,Dr. Sneha Patil,Chiplun,Measles,Pediatrician,26,4.0,269
9244,Dr. Amit Patil,Sillod,Jaundice,Hepatologist,4,3.6,872
9245,Dr. Amit Patil,Pandharpur,Chickenpox,Dermatologist,19,4.1,1413
9246,Dr. Rahul Sharma,Amravati,Malaria,Infectious Disease,6,4.7,944
9247,Dr. Amit Joshi,Jalna,Flu,General Physician,11,4.8,240
9248,Dr. Priya Shinde,Panvel,COVID-19,Pulmonologist,13,4.3,205
9249,Dr. Kiran Sharma,Amravati,Migraine,Neurologist,24,4.4,1437
9250,Dr. Rahul Kulkarni,Latur,Diabetes,Endocrinologist,32,4.8,1119
9251,Dr. Kiran Kulkarni,Hingoli,Migraine,Neurologist,31,4.3,348
9252,Dr. Priya Deshmukh,Yavatmal,Typhoid,General Physician,31,3.7,558
9253,Dr. Rahul Gupta,Malkapur,Jaundice,Hepatologist,19,3.7,257
9254,Dr. Anil Jadhav,Kalyan,Diabetes,Endocrinologist,7,3.7,1455
9255,Dr. Kiran Kulkarni,Selu,Arthritis,Orthopedic,19,4.0,626
9256,Dr. Rahul Jadhav,Kalyan,Cold,General Physician,13,5.0,831
9257,Dr. Amit Patil,Pune,Jaundice,Hepatologist,17,3.9,914
9258,Dr. Anil Gupta,Raigad,Cold,General Physician,17,4.1,282
9259,Dr. Pooja Shinde,Achalpur,Migraine,Neurologist,10,3.9,908
9260,Dr. Neha Jadhav,Shegaon,Migraine,Neurologist,26,3.6,1301
9261,Dr. Neha Shinde,Achalpur,Migraine,Neurologist,10,4.3,911
9262,Dr. Neha Shinde,Gondia,Dengue,Infectious Disease,31,4.9,383
9263,Dr. Neha Sharma,Gondia,Asthma,Pulmonologist,8,3.9,254
9264,Dr. Amit Gupta,Nagpur,Typhoid,General Physician,28,4.1,613
9265,Dr. Amit Joshi,Dhule,COVID-19,Pulmonologist,24,4.6,1126
9266,Dr. Vikas Kulkarni,Arvi,Arthritis,Orthopedic,12,4.5,1356
9267,Dr. Rohit Shinde,Ulhasnagar,Asthma,Pulmonologist,19,3.6,1254
9268,Dr. Kiran Jadhav,Savner,Flu,General Physician,33,4.1,1241
9269,Dr. Priya Kulkarni,Alibaug,Dengue,Infectious Disease,31,4.6,1167
9270,Dr. Kiran Sharma,Beed,Food Poisoning,Gastroenterologist,29,4.1,1283
9271,Dr. Sneha Kulkarni,Latur,Flu,General Physician,16,4.6,342
9272,Dr. Amit Deshmukh,Latur,Dengue,Infectious Disease,35,4.0,969
9273,Dr. Vikas Deshmukh,Nashik,Arthritis,Orthopedic,1,4.0,265
9274,Dr. Vikas Gupta,Gondia,COVID-19,Pulmonologist,12,3.7,918
9275,Dr. Rohit Patil,Sillod,Typhoid,General Physician,13,4.7,1201
9276,Dr. Rohit Shinde,Mumbai,Typhoid,General Physician,11,4.0,342
9277,Dr. Vikas Shinde,Kopargaon,Malaria,Infectious Disease,33,3.5,376
9278,Dr. Sneha Sharma,Buldhana,Arthritis,Orthopedic,18,4.2,615
9279,Dr. Rahul Sharma,Bhandara,Migraine,Neurologist,29,4.8,309
9280,Dr. Anil Gupta,Shirdi,Typhoid,General Physician,5,4.3,405
9281,Dr. Vikas Kulkarni,Chandrapur,Jaundice,Hepatologist,18,4.9,1342
9282,Dr. Anil Jadhav,Digras,Migraine,Neurologist,16,4.0,460
9283,Dr. Pooja Patil,Chiplun,Typhoid,General Physician,10,4.9,973
9284,Dr. Rohit Joshi,Ahmednagar,Dengue,Infectious Disease,14,4.6,792
9285,Dr. Rahul Shinde,Ambajogai,Diabetes,Endocrinologist,13,3.6,1060
9286,Dr. Pooja Patil,Nagpur,Food Poisoning,Gastroenterologist,8,3.6,800
9287,Dr. Rohit Jadhav,Pandharpur,Chickenpox,Dermatologist,2,3.6,843
9288,Dr. Amit Patil,Osmanabad,Jaundice,Hepatologist,22,4.1,208
9289,Dr. Pooja Kulkarni,Virar,Jaundice,Hepatologist,28,4.2,1184
9290,Dr. Amit Jadhav,Ambajogai,Food Poisoning,Gastroenterologist,23,4.9,1323
9291,Dr. Sneha Jadhav,Savner,Typhoid,General Physician,29,4.4,1210
9292,Dr. Kiran Sharma,Gondia,Migraine,Neurologist,29,4.9,1360
9293,Dr. Vikas Sharma,Nagpur,Jaundice,Hepatologist,26,3.7,1157
9294,Dr. Kiran Sharma,Panvel,Malaria,Infectious Disease,16,4.5,989
9295,Dr. Anil Shinde,Buldhana,Jaundice,Hepatologist,33,4.6,1400
9296,Dr. Rahul Kulkarni,Solapur,Measles,Pediatrician,26,5.0,424
9297,Dr. Amit Patil,Kopargaon,Food Poisoning,Gastroenterologist,2,3.8,457
9298,Dr. Amit Patil,Buldhana,Migraine,Neurologist,34,5.0,800
9299,Dr. Vikas Jadhav,Jalna,Cold,General Physician,11,4.1,817
9300,Dr. Rahul Joshi,Latur,Chickenpox,Dermatologist,9,4.7,888
9301,Dr. Sneha Shinde,Ambajogai,Measles,Pediatrician,9,4.2,894
9302,Dr. Rahul Jadhav,Phaltan,Diabetes,Endocrinologist,21,3.8,905
9303,Dr. Amit Kulkarni,Ahmednagar,Arthritis,Orthopedic,18,3.8,1027
9304,Dr. Vikas Sharma,Shegaon,Typhoid,General Physician,18,3.9,1189
9305,Dr. Priya Jadhav,Malegaon,Diabetes,Endocrinologist,25,4.0,645
9306,Dr. Amit Patil,Kolhapur,Flu,General Physician,31,4.6,271
9307,Dr. Amit Sharma,Dhule,Migraine,Neurologist,13,3.7,1163
9308,Dr. Anil Gupta,Malegaon,Malaria,Infectious Disease,1,4.1,426
9309,Dr. Sneha Sharma,Digras,Cold,General Physician,7,4.4,877
9310,Dr. Vikas Jadhav,Jalgaon,Chickenpox,Dermatologist,19,4.6,372
9311,Dr. Anil Gupta,Aurangabad,Chickenpox,Dermatologist,3,4.3,1003
9312,Dr. Anil Shinde,Mumbai,Jaundice,Hepatologist,31,4.8,374
9313,Dr. Rohit Joshi,Raigad,Food Poisoning,Gastroenterologist,4,4.5,384
9314,Dr. Kiran Patil,Sillod,Migraine,Neurologist,2,4.9,1275
9315,Dr. Pooja Gupta,Shegaon,Jaundice,Hepatologist,24,3.5,1071
9316,Dr. Vikas Patil,Ambajogai,Cold,General Physician,34,4.7,994
9317,Dr. Neha Deshmukh,Jalgaon,Dengue,Infectious Disease,2,4.0,978
9318,Dr. Rahul Gupta,Nashik,Jaundice,Hepatologist,22,4.4,1202
9319,Dr. Pooja Jadhav,Bhandara,Chickenpox,Dermatologist,4,3.6,549
9320,Dr. Vikas Gupta,Sillod,COVID-19,Pulmonologist,13,3.8,693
9321,Dr. Amit Gupta,Alibaug,Cold,General Physician,35,4.3,1361
9322,Dr. Kiran Patil,Palghar,Migraine,Neurologist,33,4.2,1417
9323,Dr. Sneha Deshmukh,Bhandara,Arthritis,Orthopedic,25,4.3,929
9324,Dr. Neha Deshmukh,Malegaon,Flu,General Physician,32,3.5,774
9325,Dr. Kiran Shinde,Palghar,Dengue,Infectious Disease,20,4.3,1454
9326,Dr. Amit Gupta,Thane,Dengue,Infectious Disease,35,3.7,950
9327,Dr. Sneha Jadhav,Solapur,Migraine,Neurologist,7,3.6,326
9328,Dr. Sneha Joshi,Osmanabad,Migraine,Neurologist,1,3.5,394
9329,Dr. Kiran Jadhav,Amravati,Flu,General Physician,4,3.9,1432
9330,Dr. Rohit Sharma,Amravati,Chickenpox,Dermatologist,27,4.0,635
9331,Dr. Amit Deshmukh,Savner,Jaundice,Hepatologist,17,3.9,1282
9332,Dr. Kiran Patil,Ahmednagar,Typhoid,General Physician,32,4.8,860
9333,Dr. Pooja Kulkarni,Sillod,Jaundice,Hepatologist,10,4.6,1231
9334,Dr. Anil Joshi,Ratnagiri,Malaria,Infectious Disease,6,4.6,637
9335,Dr. Rahul Kulkarni,Osmanabad,Food Poisoning,Gastroenterologist,5,4.6,550
9336,Dr. Anil Gupta,Udgir,Chickenpox,Dermatologist,14,4.3,1167
9337,Dr. Amit Sharma,Sindhudurg,Measles,Pediatrician,13,4.5,1079
9338,Dr. Kiran Kulkarni,Achalpur,Dengue,Infectious Disease,14,3.7,514
9339,Dr. Priya Shinde,Ulhasnagar,Dengue,Infectious Disease,6,3.6,362
9340,Dr. Pooja Kulkarni,Mumbai,COVID-19,Pulmonologist,27,3.5,1125
9341,Dr. Neha Patil,Malegaon,COVID-19,Pulmonologist,28,4.0,1211
9342,Dr. Kiran Patil,Ratnagiri,Diabetes,Endocrinologist,28,4.5,623
9343,Dr. Neha Shinde,Alibaug,Chickenpox,Dermatologist,30,3.7,809
9344,Dr. Rahul Kulkarni,Parli,Food Poisoning,Gastroenterologist,34,4.9,415
9345,Dr. Priya Deshmukh,Gondia,Diabetes,Endocrinologist,9,3.9,672
9346,Dr. Anil Sharma,Baramati,Flu,General Physician,25,4.1,357
9347,Dr. Amit Gupta,Digras,Diabetes,Endocrinologist,18,5.0,983
9348,Dr. Rahul Kulkarni,Kopargaon,Dengue,Infectious Disease,12,4.6,737
9349,Dr. Amit Gupta,Malkapur,Typhoid,General Physician,32,4.2,901
9350,Dr. Neha Kulkarni,Amravati,Asthma,Pulmonologist,32,4.0,1179
9351,Dr. Rohit Shinde,Malkapur,Arthritis,Orthopedic,1,3.9,1251
9352,Dr. Rahul Gupta,Gadchiroli,Flu,General Physician,9,4.5,1380
9353,Dr. Neha Gupta,Karad,Jaundice,Hepatologist,30,4.5,726
9354,Dr. Anil Joshi,Buldhana,Asthma,Pulmonologist,25,4.0,316
9355,Dr. Pooja Patil,Chiplun,Malaria,Infectious Disease,18,4.9,534
9356,Dr. Rahul Joshi,Raigad,Measles,Pediatrician,4,4.8,1292
9357,Dr. Kiran Jadhav,Sillod,Chickenpox,Dermatologist,4,4.6,1047
9358,Dr. Vikas Gupta,Amravati,Chickenpox,Dermatologist,18,4.4,280
9359,Dr. Anil Shinde,Baramati,Measles,Pediatrician,20,4.7,1002
9360,Dr. Anil Patil,Solapur,Arthritis,Orthopedic,32,4.8,781
9361,Dr. Pooja Patil,Beed,Diabetes,Endocrinologist,34,3.7,447
9362,Dr. Pooja Patil,Sillod,Food Poisoning,Gastroenterologist,15,4.5,1077
9363,Dr. Priya Patil,Jalna,Chickenpox,Dermatologist,10,3.9,991
9364,Dr. Pooja Deshmukh,Digras,Chickenpox,Dermatologist,26,5.0,794
9365,Dr. Rohit Jadhav,Phaltan,Cold,General Physician,31,3.6,1065
9366,Dr. Neha Shinde,Kopargaon,Dengue,Infectious Disease,10,3.5,1077
9367,Dr. Kiran Patil,Amravati,Asthma,Pulmonologist,34,3.7,1152
9368,Dr. Kiran Patil,Nashik,Chickenpox,Dermatologist,9,4.4,944
9369,Dr. Sneha Patil,Thane,Cold,General Physician,28,4.5,1364
9370,Dr. Amit Jadhav,Kopargaon,Flu,General Physician,28,3.8,586
9371,Dr. Rahul Shinde,Pune,Jaundice,Hepatologist,30,4.0,849
9372,Dr. Vikas Gupta,Mumbai,Cold,General Physician,26,4.1,1214
9373,Dr. Amit Sharma,Nanded,Migraine,Neurologist,14,4.6,215
9374,Dr. Amit Gupta,Sangli,Chickenpox,Dermatologist,25,5.0,542
9375,Dr. Priya Gupta,Pune,Flu,General Physician,14,4.9,1104
9376,Dr. Sneha Gupta,Kolhapur,Diabetes,Endocrinologist,29,4.8,1171
9377,Dr. Kiran Joshi,Dhule,Chickenpox,Dermatologist,13,4.2,985
9378,Dr. Anil Patil,Parli,Asthma,Pulmonologist,22,4.9,1188
9379,Dr. Vikas Gupta,Ichalkaranji,Food Poisoning,Gastroenterologist,27,4.0,501
9380,Dr. Rohit Joshi,Vasai,Dengue,Infectious Disease,34,4.4,1464
9381,Dr. Kiran Jadhav,Mumbai,Dengue,Infectious Disease,2,4.9,997
9382,Dr. Rahul Jadhav,Ahmednagar,Migraine,Neurologist,20,3.9,1338
9383,Dr. Anil Shinde,Loha,Migraine,Neurologist,35,4.8,915
9384,Dr. Pooja Gupta,Mumbai,Food Poisoning,Gastroenterologist,16,4.8,725
9385,Dr. Amit Patil,Solapur,Cold,General Physician,4,4.9,971
9386,Dr. Vikas Shinde,Karad,Diabetes,Endocrinologist,1,3.8,514
9387,Dr. Sneha Joshi,Buldhana,Flu,General Physician,19,3.7,311
9388,Dr. Sneha Kulkarni,Gadchiroli,Cold,General Physician,4,4.2,922
9389,Dr. Amit Jadhav,Parbhani,Dengue,Infectious Disease,9,4.6,347
9390,Dr. Priya Patil,Latur,Jaundice,Hepatologist,18,3.9,1105
9391,Dr. Vikas Shinde,Sangli,Flu,General Physician,22,4.8,1106
9392,Dr. Sneha Shinde,Gadchiroli,Typhoid,General Physician,29,3.6,1480
9393,Dr. Sneha Kulkarni,Sillod,Jaundice,Hepatologist,25,3.9,936
9394,Dr. Neha Gupta,Yavatmal,Jaundice,Hepatologist,32,3.8,328
9395,Dr. Amit Deshmukh,Kolhapur,Malaria,Infectious Disease,1,3.6,1401
9396,Dr. Pooja Gupta,Ulhasnagar,Flu,General Physician,26,4.1,512
9397,Dr. Pooja Jadhav,Warora,COVID-19,Pulmonologist,2,4.4,1199
9398,Dr. Vikas Joshi,Nagpur,Typhoid,General Physician,10,4.2,356
9399,Dr. Rohit Shinde,Ratnagiri,Typhoid,General Physician,5,3.6,952
9400,Dr. Priya Deshmukh,Savner,Asthma,Pulmonologist,15,3.9,865
9401,Dr. Kiran Patil,Malkapur,Typhoid,General Physician,4,4.4,258
9402,Dr. Amit Deshmukh,Akola,Malaria,Infectious Disease,2,5.0,829
9403,Dr. Kiran Gupta,Malegaon,Food Poisoning,Gastroenterologist,16,4.6,1105
9404,Dr. Neha Gupta,Achalpur,Cold,General Physician,3,3.6,1056
9405,Dr. Rohit Patil,Gondia,Jaundice,Hepatologist,12,4.9,1123
9406,Dr. Pooja Sharma,Wardha,Cold,General Physician,10,4.7,1216
9407,Dr. Pooja Gupta,Vasai,Arthritis,Orthopedic,9,5.0,747
9408,Dr. Rohit Kulkarni,Washim,Flu,General Physician,31,3.6,1373
9409,Dr. Anil Patil,Thane,Dengue,Infectious Disease,11,4.3,1402
9410,Dr. Kiran Deshmukh,Buldhana,Dengue,Infectious Disease,34,3.8,422
9411,Dr. Rahul Sharma,Karad,Diabetes,Endocrinologist,12,4.1,1038
9412,Dr. Vikas Sharma,Mira Road,Malaria,Infectious Disease,32,4.8,516
9413,Dr. Rahul Kulkarni,Ambajogai,Asthma,Pulmonologist,23,5.0,1286
9414,Dr. Vikas Jadhav,Hingoli,Diabetes,Endocrinologist,17,4.8,208
9415,Dr. Rohit Kulkarni,Parbhani,COVID-19,Pulmonologist,8,4.8,339
9416,Dr. Anil Joshi,Palghar,Asthma,Pulmonologist,24,4.3,258
9417,Dr. Anil Deshmukh,Aurangabad,Migraine,Neurologist,33,3.7,675
9418,Dr. Rahul Joshi,Wardha,Migraine,Neurologist,29,4.6,1277
9419,Dr. Neha Sharma,Jalgaon,Dengue,Infectious Disease,8,4.0,958
9420,Dr. Rohit Patil,Digras,COVID-19,Pulmonologist,32,4.4,213
9421,Dr. Sneha Gupta,Savner,Typhoid,General Physician,12,3.6,590
9422,Dr. Rohit Joshi,Malegaon,Measles,Pediatrician,31,3.6,738
9423,Dr. Kiran Joshi,Wardha,Migraine,Neurologist,35,4.4,577
9424,Dr. Rahul Sharma,Ichalkaranji,Cold,General Physician,23,4.4,1442
9425,Dr. Rahul Joshi,Washim,Arthritis,Orthopedic,7,4.1,1363
9426,Dr. Vikas Kulkarni,Virar,COVID-19,Pulmonologist,7,4.8,978
9427,Dr. Vikas Sharma,Wardha,Dengue,Infectious Disease,2,4.0,1181
9428,Dr. Kiran Kulkarni,Kolhapur,Typhoid,General Physician,16,4.3,389
9429,Dr. Sneha Jadhav,Sangli,Diabetes,Endocrinologist,3,5.0,1013
9430,Dr. Neha Jadhav,Udgir,Flu,General Physician,13,3.9,797
9431,Dr. Kiran Patil,Sillod,Cold,General Physician,35,4.5,1321
9432,Dr. Pooja Kulkarni,Udgir,Typhoid,General Physician,11,4.5,1253
9433,Dr. Sneha Deshmukh,Raigad,Cold,General Physician,21,3.8,224
9434,Dr. Kiran Shinde,Udgir,Cold,General Physician,14,3.9,1059
9435,Dr. Anil Shinde,Pune,Food Poisoning,Gastroenterologist,3,4.6,1446
9436,Dr. Vikas Gupta,Satara,Typhoid,General Physician,24,4.5,853
9437,Dr. Anil Kulkarni,Latur,Malaria,Infectious Disease,11,3.8,1106
9438,Dr. Anil Kulkarni,Jalgaon,Typhoid,General Physician,14,4.5,445
9439,Dr. Rohit Deshmukh,Buldhana,Arthritis,Orthopedic,13,4.6,1154
9440,Dr. Rahul Kulkarni,Mumbai,Chickenpox,Dermatologist,17,3.9,272
9441,Dr. Kiran Deshmukh,Bhandara,Migraine,Neurologist,6,4.2,645
9442,Dr. Neha Kulkarni,Buldhana,COVID-19,Pulmonologist,16,3.7,574
9443,Dr. Rohit Gupta,Loha,Diabetes,Endocrinologist,25,4.6,289
9444,Dr. Neha Jadhav,Satara,Arthritis,Orthopedic,1,3.7,1057
9445,Dr. Pooja Deshmukh,Nanded,Diabetes,Endocrinologist,9,3.9,1095
9446,Dr. Pooja Patil,Pandharpur,Jaundice,Hepatologist,25,4.9,254
9447,Dr. Pooja Deshmukh,Raigad,Arthritis,Orthopedic,16,4.4,1243
9448,Dr. Neha Gupta,Gadchiroli,Arthritis,Orthopedic,8,3.6,1301
9449,Dr. Kiran Sharma,Manmad,Diabetes,Endocrinologist,12,4.7,1346
9450,Dr. Pooja Kulkarni,Sangli,Cold,General Physician,18,4.5,498
9451,Dr. Neha Shinde,Warora,COVID-19,Pulmonologist,33,4.1,316
9452,Dr. Priya Deshmukh,Shegaon,Cold,General Physician,22,4.1,1171
9453,Dr. Rahul Joshi,Hingoli,Flu,General Physician,17,4.9,1333
9454,Dr. Neha Patil,Nanded,Flu,General Physician,12,4.1,831
9455,Dr. Anil Gupta,Yavatmal,Diabetes,Endocrinologist,28,4.3,935
9456,Dr. Pooja Shinde,Ratnagiri,COVID-19,Pulmonologist,29,3.6,554
9457,Dr. Vikas Deshmukh,Ambajogai,Arthritis,Orthopedic,12,4.4,643
9458,Dr. Rohit Gupta,Parli,Malaria,Infectious Disease,25,3.5,317
9459,Dr. Sneha Jadhav,Osmanabad,COVID-19,Pulmonologist,23,4.4,1333
9460,Dr. Kiran Jadhav,Ulhasnagar,COVID-19,Pulmonologist,30,4.6,1322
9461,Dr. Anil Deshmukh,Parli,Flu,General Physician,26,4.6,616
9462,Dr. Kiran Sharma,Palghar,Cold,General Physician,27,4.5,1222
9463,Dr. Vikas Shinde,Ballarpur,Measles,Pediatrician,1,4.0,494
9464,Dr. Neha Joshi,Chiplun,COVID-19,Pulmonologist,30,3.5,1401
9465,Dr. Priya Jadhav,Wardha,Asthma,Pulmonologist,18,4.5,1287
9466,Dr. Sneha Joshi,Ratnagiri,Malaria,Infectious Disease,17,4.0,594
9467,Dr. Vikas Deshmukh,Malkapur,Migraine,Neurologist,1,4.4,927
9468,Dr. Neha Kulkarni,Manmad,Cold,General Physician,30,4.4,373
9469,Dr. Anil Gupta,Chiplun,Jaundice,Hepatologist,31,4.0,1383
9470,Dr. Sneha Joshi,Digras,Flu,General Physician,32,4.1,1133
9471,Dr. Neha Gupta,Panvel,Cold,General Physician,25,3.7,1134
9472,Dr. Neha Sharma,Beed,Asthma,Pulmonologist,3,3.9,418
9473,Dr. Vikas Deshmukh,Ulhasnagar,Chickenpox,Dermatologist,33,4.3,877
9474,Dr. Neha Joshi,Kolhapur,Arthritis,Orthopedic,27,4.5,770
9475,Dr. Sneha Sharma,Pandharpur,Measles,Pediatrician,11,4.2,1365
9476,Dr. Pooja Joshi,Loha,Flu,General Physician,1,5.0,1047
9477,Dr. Amit Deshmukh,Pune,Cold,General Physician,32,4.6,238
9478,Dr. Rohit Joshi,Manmad,Migraine,Neurologist,15,3.7,1475
9479,Dr. Neha Sharma,Ichalkaranji,Malaria,Infectious Disease,25,3.7,297
9480,Dr. Rahul Shinde,Selu,Flu,General Physician,12,3.6,864
9481,Dr. Amit Patil,Nagpur,Flu,General Physician,26,4.9,1474
9482,Dr. Anil Joshi,Pandharpur,Food Poisoning,Gastroenterologist,19,3.9,905
9483,Dr. Vikas Gupta,Chandrapur,Cold,General Physician,22,4.7,1458
9484,Dr. Sneha Deshmukh,Parbhani,Diabetes,Endocrinologist,35,4.2,1385
9485,Dr. Vikas Deshmukh,Kolhapur,Malaria,Infectious Disease,14,4.8,356
9486,Dr. Neha Gupta,Malegaon,Malaria,Infectious Disease,20,4.0,350
9487,Dr. Sneha Sharma,Parbhani,COVID-19,Pulmonologist,12,3.5,310
9488,Dr. Sneha Sharma,Ahmednagar,COVID-19,Pulmonologist,4,3.9,604
9489,Dr. Neha Shinde,Kolhapur,Dengue,Infectious Disease,19,3.7,486
9490,Dr. Rahul Gupta,Aurangabad,Chickenpox,Dermatologist,30,4.9,975
9491,Dr. Pooja Patil,Udgir,Malaria,Infectious Disease,26,4.1,868
9492,Dr. Priya Jadhav,Baramati,Measles,Pediatrician,13,4.4,374
9493,Dr. Pooja Jadhav,Mumbai,Jaundice,Hepatologist,31,4.8,395
9494,Dr. Kiran Deshmukh,Ulhasnagar,Measles,Pediatrician,33,3.8,1343
9495,Dr. Sneha Jadhav,Dhule,Measles,Pediatrician,1,3.8,1439
9496,Dr. Vikas Patil,Ulhasnagar,Jaundice,Hepatologist,25,3.9,1368
9497,Dr. Pooja Kulkarni,Raigad,Cold,General Physician,2,5.0,1159
9498,Dr. Rahul Sharma,Mumbai,Cold,General Physician,13,3.8,1378
9499,Dr. Rohit Joshi,Achalpur,Diabetes,Endocrinologist,5,4.9,397
9500,Dr. Amit Sharma,Osmanabad,Jaundice,Hepatologist,31,3.7,942
9501,Dr. Priya Deshmukh,Hingoli,Typhoid,General Physician,26,4.7,425
9502,Dr. Rohit Deshmukh,Buldhana,Malaria,Infectious Disease,1,4.0,589
9503,Dr. Amit Gupta,Parli,Chickenpox,Dermatologist,6,3.7,838
9504,Dr. Vikas Jadhav,Buldhana,Dengue,Infectious Disease,20,4.3,1079
9505,Dr. Vikas Patil,Satara,Malaria,Infectious Disease,25,4.2,1482
9506,Dr. Amit Patil,Baramati,Asthma,Pulmonologist,18,4.5,1225
9507,Dr. Sneha Deshmukh,Achalpur,Jaundice,Hepatologist,5,4.1,323
9508,Dr. Neha Kulkarni,Raigad,Arthritis,Orthopedic,9,3.7,1477
9509,Dr. Rohit Gupta,Ballarpur,Typhoid,General Physician,32,4.7,400
9510,Dr. Vikas Sharma,Gondia,Diabetes,Endocrinologist,1,3.6,1161
9511,Dr. Kiran Sharma,Malkapur,Malaria,Infectious Disease,22,4.1,225
9512,Dr. Sneha Gupta,Karad,Malaria,Infectious Disease,32,4.0,612
9513,Dr. Sneha Kulkarni,Mumbai,Chickenpox,Dermatologist,30,3.6,966
9514,Dr. Pooja Kulkarni,Phaltan,Diabetes,Endocrinologist,10,4.3,1301
9515,Dr. Amit Kulkarni,Palghar,Asthma,Pulmonologist,28,4.1,625
9516,Dr. Vikas Jadhav,Raigad,Food Poisoning,Gastroenterologist,34,3.7,509
9517,Dr. Amit Kulkarni,Phaltan,Flu,General Physician,31,4.1,203
9518,Dr. Neha Kulkarni,Nashik,Measles,Pediatrician,27,4.5,330
9519,Dr. Vikas Shinde,Kopargaon,Jaundice,Hepatologist,15,4.5,517
9520,Dr. Kiran Jadhav,Aurangabad,Measles,Pediatrician,34,4.2,341
9521,Dr. Neha Patil,Palghar,Dengue,Infectious Disease,26,4.2,1376
9522,Dr. Rahul Gupta,Sindhudurg,Typhoid,General Physician,28,4.9,920
9523,Dr. Sneha Patil,Arvi,Food Poisoning,Gastroenterologist,11,4.7,425
9524,Dr. Sneha Gupta,Panvel,Typhoid,General Physician,18,4.8,950
9525,Dr. Priya Patil,Ahmednagar,Migraine,Neurologist,20,4.3,1442
9526,Dr. Amit Joshi,Dombivli,Measles,Pediatrician,30,4.6,552
9527,Dr. Amit Sharma,Sindhudurg,Food Poisoning,Gastroenterologist,28,4.5,351
9528,Dr. Anil Jadhav,Malkapur,Jaundice,Hepatologist,15,3.9,604
9529,Dr. Neha Joshi,Karad,Flu,General Physician,16,3.8,1289
9530,Dr. Sneha Jadhav,Loha,Diabetes,Endocrinologist,10,4.2,812
9531,Dr. Amit Joshi,Bhandara,Flu,General Physician,22,4.0,1371
9532,Dr. Vikas Sharma,Nanded,Arthritis,Orthopedic,31,3.8,1447
9533,Dr. Neha Jadhav,Hingoli,Cold,General Physician,34,4.3,295
9534,Dr. Kiran Patil,Thane,Malaria,Infectious Disease,31,3.7,255
9535,Dr. Vikas Gupta,Karad,Flu,General Physician,5,4.0,1144
9536,Dr. Sneha Jadhav,Bhandara,Migraine,Neurologist,30,3.8,1271
9537,Dr. Amit Joshi,Bhandara,Diabetes,Endocrinologist,20,5.0,1468
9538,Dr. Pooja Deshmukh,Solapur,Food Poisoning,Gastroenterologist,9,3.8,1095
9539,Dr. Neha Shinde,Pune,Typhoid,General Physician,33,4.0,1203
9540,Dr. Rohit Jadhav,Pune,Malaria,Infectious Disease,25,4.4,1084
9541,Dr. Kiran Deshmukh,Shirdi,Malaria,Infectious Disease,32,4.5,1376
9542,Dr. Anil Jadhav,Amravati,Malaria,Infectious Disease,11,4.1,683
9543,Dr. Rahul Gupta,Amravati,COVID-19,Pulmonologist,9,3.9,1494
9544,Dr. Anil Joshi,Kalyan,Flu,General Physician,13,4.2,423
9545,Dr. Amit Sharma,Selu,Food Poisoning,Gastroenterologist,3,4.8,567
9546,Dr. Neha Sharma,Kolhapur,Flu,General Physician,4,3.7,1176
9547,Dr. Vikas Kulkarni,Mira Road,Flu,General Physician,2,4.5,231
9548,Dr. Rahul Gupta,Dhule,Typhoid,General Physician,14,4.6,335
9549,Dr. Anil Sharma,Satara,Food Poisoning,Gastroenterologist,13,4.4,222
9550,Dr. Neha Patil,Savner,Malaria,Infectious Disease,18,4.6,558
9551,Dr. Kiran Joshi,Mumbai,Food Poisoning,Gastroenterologist,19,3.7,1053
9552,Dr. Vikas Kulkarni,Ichalkaranji,Food Poisoning,Gastroenterologist,17,4.9,1279
9553,Dr. Neha Patil,Panvel,Arthritis,Orthopedic,28,4.9,1322
9554,Dr. Kiran Shinde,Loha,Jaundice,Hepatologist,35,4.9,558
9555,Dr. Vikas Patil,Sangli,Flu,General Physician,7,4.3,1341
9556,Dr. Pooja Jadhav,Hingoli,Flu,General Physician,24,3.9,389
9557,Dr. Anil Shinde,Raigad,Dengue,Infectious Disease,24,3.5,567
9558,Dr. Pooja Jadhav,Solapur,Arthritis,Orthopedic,4,3.8,1394
9559,Dr. Priya Joshi,Parbhani,Diabetes,Endocrinologist,33,5.0,912
9560,Dr. Neha Gupta,Parli,Malaria,Infectious Disease,12,4.7,376
9561,Dr. Pooja Patil,Buldhana,Migraine,Neurologist,31,3.6,238
9562,Dr. Pooja Joshi,Manmad,COVID-19,Pulmonologist,33,3.6,428
9563,Dr. Priya Joshi,Hingoli,Arthritis,Orthopedic,10,4.9,1252
9564,Dr. Sneha Shinde,Satara,Chickenpox,Dermatologist,22,4.7,1177
9565,Dr. Priya Patil,Shirdi,Cold,General Physician,16,4.3,1268
9566,Dr. Pooja Jadhav,Vasai,Measles,Pediatrician,20,3.9,674
9567,Dr. Rohit Deshmukh,Palghar,Food Poisoning,Gastroenterologist,14,3.6,1130
9568,Dr. Pooja Gupta,Jalna,Chickenpox,Dermatologist,23,3.6,366
9569,Dr. Neha Sharma,Parbhani,Asthma,Pulmonologist,5,4.4,326
9570,Dr. Amit Gupta,Ahmednagar,Jaundice,Hepatologist,27,3.6,1313
9571,Dr. Amit Gupta,Sangli,Malaria,Infectious Disease,23,4.0,225
9572,Dr. Neha Gupta,Solapur,Diabetes,Endocrinologist,5,3.5,1016
9573,Dr. Rahul Shinde,Digras,Diabetes,Endocrinologist,35,4.4,447
9574,Dr. Pooja Kulkarni,Pune,Cold,General Physician,29,4.6,1233
9575,Dr. Vikas Joshi,Gondia,Asthma,Pulmonologist,12,3.7,576
9576,Dr. Anil Kulkarni,Chiplun,Migraine,Neurologist,9,4.4,1462
9577,Dr. Vikas Patil,Warora,COVID-19,Pulmonologist,8,4.6,944
9578,Dr. Anil Gupta,Baramati,Chickenpox,Dermatologist,4,4.8,403
9579,Dr. Pooja Shinde,Malkapur,Cold,General Physician,27,3.9,1437
9580,Dr. Sneha Kulkarni,Digras,Diabetes,Endocrinologist,25,3.7,968
9581,Dr. Amit Sharma,Alibaug,Migraine,Neurologist,14,5.0,1437
9582,Dr. Pooja Deshmukh,Nanded,Typhoid,General Physician,21,3.7,1219
9583,Dr. Anil Shinde,Palghar,Flu,General Physician,24,4.2,282
9584,Dr. Rahul Joshi,Digras,Asthma,Pulmonologist,31,4.1,1097
9585,Dr. Priya Sharma,Vasai,Measles,Pediatrician,1,4.1,628
9586,Dr. Sneha Gupta,Parli,Typhoid,General Physician,14,4.5,296
9587,Dr. Sneha Sharma,Wardha,Dengue,Infectious Disease,5,3.9,445
9588,Dr. Rahul Patil,Ratnagiri,Jaundice,Hepatologist,9,5.0,455
9589,Dr. Amit Jadhav,Palghar,Migraine,Neurologist,3,4.7,1085
9590,Dr. Rohit Gupta,Kolhapur,Food Poisoning,Gastroenterologist,2,4.0,491
9591,Dr. Pooja Patil,Sindhudurg,Migraine,Neurologist,12,3.9,906
9592,Dr. Pooja Gupta,Thane,COVID-19,Pulmonologist,1,5.0,784
9593,Dr. Priya Deshmukh,Baramati,Jaundice,Hepatologist,2,3.7,823
9594,Dr. Neha Kulkarni,Kopargaon,Food Poisoning,Gastroenterologist,4,4.9,641
9595,Dr. Pooja Sharma,Jalgaon,Arthritis,Orthopedic,18,3.6,1344
9596,Dr. Kiran Sharma,Parli,Asthma,Pulmonologist,17,3.7,359
9597,Dr. Rahul Kulkarni,Gondia,Cold,General Physician,26,4.4,883
9598,Dr. Neha Deshmukh,Palghar,Malaria,Infectious Disease,30,4.5,1052
9599,Dr. Rahul Deshmukh,Satara,Asthma,Pulmonologist,26,4.1,387
9600,Dr. Amit Joshi,Shirdi,Arthritis,Orthopedic,29,4.5,975
9601,Dr. Sneha Sharma,Osmanabad,COVID-19,Pulmonologist,7,3.9,1408
9602,Dr. Kiran Deshmukh,Kalyan,Measles,Pediatrician,27,4.0,818
9603,Dr. Pooja Shinde,Shegaon,COVID-19,Pulmonologist,21,4.9,1336
9604,Dr. Kiran Gupta,Washim,Migraine,Neurologist,4,4.1,836
9605,Dr. Anil Joshi,Washim,Food Poisoning,Gastroenterologist,18,3.6,1392
9606,Dr. Rahul Gupta,Palghar,Dengue,Infectious Disease,12,4.0,1081
9607,Dr. Neha Shinde,Ulhasnagar,COVID-19,Pulmonologist,25,4.5,317
9608,Dr. Anil Sharma,Ambajogai,Asthma,Pulmonologist,34,4.0,963
9609,Dr. Amit Patil,Malegaon,Jaundice,Hepatologist,13,4.2,1156
9610,Dr. Sneha Shinde,Ambajogai,Diabetes,Endocrinologist,14,4.7,900
9611,Dr. Pooja Patil,Shirdi,Cold,General Physician,20,3.8,1179
9612,Dr. Rohit Joshi,Pune,Chickenpox,Dermatologist,7,3.7,1200
9613,Dr. Pooja Kulkarni,Raigad,Measles,Pediatrician,30,3.6,946
9614,Dr. Kiran Kulkarni,Shegaon,Cold,General Physician,18,3.8,438
9615,Dr. Vikas Kulkarni,Parbhani,Malaria,Infectious Disease,4,4.6,206
9616,Dr. Neha Gupta,Aurangabad,Flu,General Physician,15,4.1,424
9617,Dr. Anil Sharma,Mumbai,COVID-19,Pulmonologist,14,4.5,404
9618,Dr. Rahul Joshi,Latur,Jaundice,Hepatologist,12,5.0,857
9619,Dr. Amit Kulkarni,Dombivli,Asthma,Pulmonologist,8,4.2,1132
9620,Dr. Rahul Jadhav,Chiplun,Asthma,Pulmonologist,30,4.0,890
9621,Dr. Priya Sharma,Ichalkaranji,Cold,General Physician,21,3.8,1157
9622,Dr. Anil Jadhav,Udgir,Chickenpox,Dermatologist,13,4.9,1166
9623,Dr. Neha Shinde,Dhule,Malaria,Infectious Disease,24,4.9,400
9624,Dr. Rahul Gupta,Malkapur,Measles,Pediatrician,8,4.4,292
9625,Dr. Vikas Sharma,Pune,Flu,General Physician,20,4.1,1418
9626,Dr. Rahul Sharma,Ratnagiri,Diabetes,Endocrinologist,11,4.0,302
9627,Dr. Vikas Deshmukh,Yavatmal,Arthritis,Orthopedic,7,4.9,565
9628,Dr. Neha Deshmukh,Ulhasnagar,Asthma,Pulmonologist,26,4.4,812
9629,Dr. Priya Deshmukh,Achalpur,Asthma,Pulmonologist,10,3.7,829
9630,Dr. Vikas Sharma,Ulhasnagar,Measles,Pediatrician,27,5.0,809
9631,Dr. Pooja Jadhav,Washim,Dengue,Infectious Disease,11,4.3,930
9632,Dr. Sneha Gupta,Sindhudurg,Food Poisoning,Gastroenterologist,5,4.1,1388
9633,Dr. Anil Jadhav,Latur,Diabetes,Endocrinologist,11,4.8,674
9634,Dr. Sneha Shinde,Sangli,Flu,General Physician,14,4.7,1347
9635,Dr. Sneha Patil,Jalgaon,Malaria,Infectious Disease,16,4.3,1281
9636,Dr. Kiran Joshi,Achalpur,Measles,Pediatrician,9,3.5,869
9637,Dr. Rahul Gupta,Nashik,Typhoid,General Physician,24,4.0,1309
9638,Dr. Amit Sharma,Ratnagiri,Dengue,Infectious Disease,34,3.6,779
9639,Dr. Pooja Shinde,Thane,Jaundice,Hepatologist,10,5.0,637
9640,Dr. Pooja Kulkarni,Sindhudurg,Asthma,Pulmonologist,29,3.8,1123
9641,Dr. Vikas Kulkarni,Raigad,Jaundice,Hepatologist,1,4.8,794
9642,Dr. Neha Joshi,Kolhapur,Dengue,Infectious Disease,10,3.7,282
9643,Dr. Neha Sharma,Manmad,COVID-19,Pulmonologist,12,5.0,463
9644,Dr. Vikas Shinde,Kopargaon,COVID-19,Pulmonologist,13,4.8,393
9645,Dr. Amit Patil,Loha,Malaria,Infectious Disease,24,4.3,1421
9646,Dr. Amit Jadhav,Raigad,Cold,General Physician,12,3.9,300
9647,Dr. Anil Gupta,Chiplun,Food Poisoning,Gastroenterologist,21,4.5,789
9648,Dr. Rahul Patil,Washim,Migraine,Neurologist,13,4.8,940
9649,Dr. Amit Shinde,Sindhudurg,Migraine,Neurologist,3,4.3,600
9650,Dr. Vikas Deshmukh,Pandharpur,Arthritis,Orthopedic,4,3.5,1345
9651,Dr. Pooja Gupta,Malegaon,Asthma,Pulmonologist,5,5.0,1024
9652,Dr. Vikas Joshi,Thane,COVID-19,Pulmonologist,12,3.8,1469
9653,Dr. Rohit Gupta,Buldhana,Malaria,Infectious Disease,21,4.5,1461
9654,Dr. Amit Sharma,Udgir,Migraine,Neurologist,21,4.1,1163
9655,Dr. Sneha Sharma,Shegaon,Diabetes,Endocrinologist,15,4.0,565
9656,Dr. Priya Patil,Manmad,Chickenpox,Dermatologist,12,4.5,696
9657,Dr. Rahul Jadhav,Jalna,Diabetes,Endocrinologist,18,3.7,805
9658,Dr. Rohit Shinde,Arvi,Chickenpox,Dermatologist,33,3.6,1120
9659,Dr. Pooja Jadhav,Bhandara,Dengue,Infectious Disease,17,3.6,497
9660,Dr. Priya Gupta,Palghar,Food Poisoning,Gastroenterologist,3,3.6,1283
9661,Dr. Neha Deshmukh,Selu,Typhoid,General Physician,27,4.8,1005
9662,Dr. Rahul Gupta,Aurangabad,Diabetes,Endocrinologist,8,3.9,562
9663,Dr. Neha Sharma,Bhandara,Chickenpox,Dermatologist,15,3.9,239
9664,Dr. Pooja Sharma,Parli,Arthritis,Orthopedic,12,4.7,410
9665,Dr. Rohit Shinde,Baramati,Dengue,Infectious Disease,34,4.0,1228
9666,Dr. Anil Gupta,Vasai,Cold,General Physician,13,4.6,255
9667,Dr. Pooja Deshmukh,Satara,Arthritis,Orthopedic,12,4.2,1282
9668,Dr. Rohit Kulkarni,Savner,Asthma,Pulmonologist,13,3.8,1268
9669,Dr. Vikas Joshi,Akola,Measles,Pediatrician,25,4.9,957
9670,Dr. Sneha Joshi,Chandrapur,Diabetes,Endocrinologist,23,3.6,712
9671,Dr. Vikas Kulkarni,Baramati,Food Poisoning,Gastroenterologist,15,3.6,507
9672,Dr. Rohit Joshi,Wardha,Typhoid,General Physician,25,4.9,721
9673,Dr. Amit Sharma,Latur,Malaria,Infectious Disease,9,4.5,1232
9674,Dr. Rahul Joshi,Ballarpur,Cold,General Physician,12,3.5,962
9675,Dr. Priya Kulkarni,Chandrapur,Diabetes,Endocrinologist,12,5.0,1268
9676,Dr. Priya Gupta,Kolhapur,Dengue,Infectious Disease,15,4.8,269
9677,Dr. Sneha Gupta,Wardha,Migraine,Neurologist,7,3.7,532
9678,Dr. Kiran Gupta,Ulhasnagar,Cold,General Physician,32,4.8,234
9679,Dr. Sneha Joshi,Malegaon,Asthma,Pulmonologist,34,4.0,1393
9680,Dr. Rohit Sharma,Thane,Jaundice,Hepatologist,3,5.0,776
9681,Dr. Amit Kulkarni,Parli,Flu,General Physician,11,4.1,1075
9682,Dr. Rahul Sharma,Virar,Typhoid,General Physician,28,4.7,591
9683,Dr. Sneha Patil,Nagpur,Jaundice,Hepatologist,19,4.2,965
9684,Dr. Vikas Jadhav,Vasai,Chickenpox,Dermatologist,19,4.8,1072
9685,Dr. Kiran Sharma,Kopargaon,Typhoid,General Physician,28,4.4,1376
9686,Dr. Rohit Deshmukh,Kalyan,Asthma,Pulmonologist,25,4.6,511
9687,Dr. Anil Deshmukh,Washim,Asthma,Pulmonologist,24,4.9,1437
9688,Dr. Vikas Gupta,Akola,Chickenpox,Dermatologist,35,3.7,277
9689,Dr. Priya Deshmukh,Yavatmal,Flu,General Physician,8,4.7,1082
9690,Dr. Neha Gupta,Karad,Jaundice,Hepatologist,28,4.5,209
9691,Dr. Rohit Joshi,Shirdi,Typhoid,General Physician,15,4.9,1454
9692,Dr. Kiran Patil,Palghar,Measles,Pediatrician,23,3.8,1160
9693,Dr. Neha Joshi,Kalyan,Measles,Pediatrician,22,4.9,1086
9694,Dr. Kiran Kulkarni,Satara,Migraine,Neurologist,4,4.1,578
9695,Dr. Kiran Kulkarni,Sindhudurg,Arthritis,Orthopedic,17,3.6,361
9696,Dr. Kiran Gupta,Jalgaon,Asthma,Pulmonologist,22,5.0,1337
9697,Dr. Rohit Jadhav,Ulhasnagar,Asthma,Pulmonologist,31,4.5,1164
9698,Dr. Anil Jadhav,Latur,Malaria,Infectious Disease,23,4.8,1008
9699,Dr. Neha Sharma,Sillod,Chickenpox,Dermatologist,7,4.1,818
9700,Dr. Priya Jadhav,Nashik,Malaria,Infectious Disease,8,4.6,1092
9701,Dr. Kiran Sharma,Ratnagiri,Cold,General Physician,9,4.3,630
9702,Dr. Amit Gupta,Warora,Typhoid,General Physician,33,4.2,846
9703,Dr. Kiran Deshmukh,Palghar,Diabetes,Endocrinologist,8,3.6,992
9704,Dr. Kiran Patil,Dombivli,COVID-19,Pulmonologist,2,4.5,1416
9705,Dr. Rohit Joshi,Bhandara,Cold,General Physician,5,3.9,363
9706,Dr. Pooja Joshi,Wardha,Diabetes,Endocrinologist,14,3.8,416
9707,Dr. Pooja Jadhav,Sillod,Migraine,Neurologist,22,4.5,1145
9708,Dr. Vikas Kulkarni,Panvel,Chickenpox,Dermatologist,32,3.8,1215
9709,Dr. Priya Jadhav,Osmanabad,Typhoid,General Physician,22,4.5,591
9710,Dr. Neha Joshi,Jalna,Dengue,Infectious Disease,4,3.8,919
9711,Dr. Neha Shinde,Sillod,Asthma,Pulmonologist,18,4.7,330
9712,Dr. Rohit Deshmukh,Shirdi,Cold,General Physician,2,4.7,1213
9713,Dr. Rohit Jadhav,Ambajogai,Arthritis,Orthopedic,24,3.5,584
9714,Dr. Vikas Patil,Malegaon,Typhoid,General Physician,22,4.0,1052
9715,Dr. Rohit Shinde,Mira Road,Flu,General Physician,11,4.4,1293
9716,Dr. Kiran Joshi,Latur,Malaria,Infectious Disease,7,4.6,1232
9717,Dr. Rohit Shinde,Digras,Dengue,Infectious Disease,31,4.0,914
9718,Dr. Rahul Kulkarni,Hingoli,Measles,Pediatrician,19,3.9,796
9719,Dr. Vikas Jadhav,Solapur,Diabetes,Endocrinologist,23,3.6,1348
9720,Dr. Vikas Jadhav,Malegaon,Cold,General Physician,20,4.5,874
9721,Dr. Amit Gupta,Chandrapur,Measles,Pediatrician,16,4.0,1065
9722,Dr. Kiran Shinde,Ulhasnagar,Asthma,Pulmonologist,18,3.5,623
9723,Dr. Pooja Jadhav,Selu,Diabetes,Endocrinologist,15,4.2,1382
9724,Dr. Rohit Jadhav,Dhule,Flu,General Physician,34,4.0,1379
9725,Dr. Vikas Joshi,Washim,Migraine,Neurologist,24,4.3,738
9726,Dr. Amit Sharma,Washim,Jaundice,Hepatologist,26,4.3,1162
9727,Dr. Neha Gupta,Dombivli,Dengue,Infectious Disease,14,4.7,1130
9728,Dr. Pooja Jadhav,Ballarpur,Chickenpox,Dermatologist,26,4.4,253
9729,Dr. Neha Shinde,Sindhudurg,Jaundice,Hepatologist,25,4.9,220
9730,Dr. Priya Joshi,Chiplun,Arthritis,Orthopedic,21,4.3,1385
9731,Dr. Neha Shinde,Dhule,Chickenpox,Dermatologist,27,4.7,1188
9732,Dr. Rohit Jadhav,Nagpur,Typhoid,General Physician,22,4.2,305
9733,Dr. Pooja Gupta,Mumbai,Flu,General Physician,8,4.6,666
9734,Dr. Rahul Patil,Akola,Malaria,Infectious Disease,15,4.3,1357
9735,Dr. Rahul Shinde,Panvel,Typhoid,General Physician,10,4.4,259
9736,Dr. Kiran Gupta,Pandharpur,Migraine,Neurologist,21,4.5,368
9737,Dr. Rohit Joshi,Kopargaon,Cold,General Physician,33,4.9,895
9738,Dr. Vikas Patil,Alibaug,Jaundice,Hepatologist,22,3.5,1051
9739,Dr. Priya Joshi,Savner,Arthritis,Orthopedic,7,3.9,431
9740,Dr. Amit Joshi,Mumbai,Migraine,Neurologist,30,4.8,549
9741,Dr. Kiran Sharma,Dombivli,Typhoid,General Physician,23,4.9,1464
9742,Dr. Kiran Patil,Jalgaon,Jaundice,Hepatologist,9,4.8,913
9743,Dr. Sneha Gupta,Panvel,Cold,General Physician,30,4.4,1337
9744,Dr. Vikas Kulkarni,Parli,Flu,General Physician,23,4.5,845
9745,Dr. Kiran Joshi,Savner,Cold,General Physician,7,4.5,546
9746,Dr. Amit Gupta,Wardha,Migraine,Neurologist,19,4.4,913
9747,Dr. Pooja Jadhav,Kolhapur,Asthma,Pulmonologist,31,4.5,1326
9748,Dr. Priya Gupta,Pune,Jaundice,Hepatologist,21,4.2,637
9749,Dr. Rohit Deshmukh,Pandharpur,Malaria,Infectious Disease,6,4.8,1015
9750,Dr. Rohit Jadhav,Virar,Measles,Pediatrician,32,4.5,1436
9751,Dr. Priya Deshmukh,Phaltan,Typhoid,General Physician,14,4.4,930
9752,Dr. Sneha Deshmukh,Shegaon,Arthritis,Orthopedic,15,3.7,940
9753,Dr. Priya Gupta,Dhule,Food Poisoning,Gastroenterologist,29,3.5,801
9754,Dr. Anil Kulkarni,Shirdi,Asthma,Pulmonologist,10,4.6,522
9755,Dr. Priya Shinde,Parbhani,Flu,General Physician,19,4.4,925
9756,Dr. Sneha Jadhav,Sillod,Jaundice,Hepatologist,23,3.8,1213
9757,Dr. Sneha Kulkarni,Gadchiroli,Diabetes,Endocrinologist,4,5.0,239
9758,Dr. Pooja Shinde,Aurangabad,Malaria,Infectious Disease,24,4.7,1427
9759,Dr. Pooja Sharma,Alibaug,Jaundice,Hepatologist,26,5.0,976
9760,Dr. Kiran Joshi,Gondia,Migraine,Neurologist,22,4.4,987
9761,Dr. Anil Joshi,Arvi,Diabetes,Endocrinologist,35,4.2,521
9762,Dr. Priya Sharma,Beed,Flu,General Physician,16,4.4,962
9763,Dr. Vikas Jadhav,Palghar,Typhoid,General Physician,15,3.6,1128
9764,Dr. Amit Joshi,Palghar,Flu,General Physician,2,3.7,1135
9765,Dr. Neha Shinde,Savner,Cold,General Physician,32,4.3,1258
9766,Dr. Vikas Sharma,Baramati,Cold,General Physician,12,4.8,984
9767,Dr. Anil Jadhav,Osmanabad,Dengue,Infectious Disease,27,4.0,249
9768,Dr. Amit Gupta,Alibaug,Cold,General Physician,2,4.2,436
9769,Dr. Anil Deshmukh,Nashik,Migraine,Neurologist,7,4.5,1145
9770,Dr. Vikas Joshi,Yavatmal,Typhoid,General Physician,2,3.7,623
9771,Dr. Neha Kulkarni,Yavatmal,Dengue,Infectious Disease,25,4.0,1248
9772,Dr. Pooja Joshi,Kalyan,Arthritis,Orthopedic,32,4.8,641
9773,Dr. Vikas Kulkarni,Malegaon,Measles,Pediatrician,29,4.8,528
9774,Dr. Kiran Deshmukh,Ulhasnagar,Chickenpox,Dermatologist,19,4.3,517
9775,Dr. Vikas Sharma,Bhandara,Migraine,Neurologist,34,4.8,1313
9776,Dr. Kiran Shinde,Baramati,Measles,Pediatrician,4,4.2,1448
9777,Dr. Neha Shinde,Pandharpur,Food Poisoning,Gastroenterologist,15,4.5,1425
9778,Dr. Kiran Gupta,Jalgaon,Malaria,Infectious Disease,14,4.2,340
9779,Dr. Sneha Shinde,Malkapur,Arthritis,Orthopedic,31,4.7,259
9780,Dr. Rohit Jadhav,Hingoli,Typhoid,General Physician,21,4.9,868
9781,Dr. Anil Deshmukh,Akola,Diabetes,Endocrinologist,19,4.2,968
9782,Dr. Amit Gupta,Ratnagiri,COVID-19,Pulmonologist,29,4.2,1442
9783,Dr. Pooja Gupta,Virar,Malaria,Infectious Disease,24,3.9,1273
9784,Dr. Rahul Kulkarni,Ballarpur,Flu,General Physician,13,4.5,665
9785,Dr. Rohit Joshi,Satara,Food Poisoning,Gastroenterologist,20,3.8,1188
9786,Dr. Pooja Kulkarni,Ambajogai,Dengue,Infectious Disease,5,4.2,1142
9787,Dr. Rohit Joshi,Sindhudurg,Food Poisoning,Gastroenterologist,6,3.7,1158
9788,Dr. Amit Sharma,Gondia,Flu,General Physician,22,4.0,403
9789,Dr. Priya Deshmukh,Nashik,Food Poisoning,Gastroenterologist,17,3.7,228
9790,Dr. Priya Kulkarni,Nagpur,Flu,General Physician,6,4.3,914
9791,Dr. Kiran Gupta,Solapur,Arthritis,Orthopedic,30,4.4,752
9792,Dr. Pooja Deshmukh,Kalyan,Jaundice,Hepatologist,7,4.6,1073
9793,Dr. Anil Shinde,Digras,Flu,General Physician,33,4.3,1066
9794,Dr. Pooja Sharma,Karad,Flu,General Physician,29,4.6,1447
9795,Dr. Rahul Patil,Alibaug,Food Poisoning,Gastroenterologist,4,4.5,1399
9796,Dr. Rohit Gupta,Aurangabad,Asthma,Pulmonologist,30,4.2,542
9797,Dr. Neha Joshi,Aurangabad,Flu,General Physician,6,4.6,747
9798,Dr. Anil Jadhav,Buldhana,Chickenpox,Dermatologist,28,4.4,1477
9799,Dr. Pooja Patil,Vasai,Dengue,Infectious Disease,34,4.3,1080
9800,Dr. Rohit Kulkarni,Malkapur,Arthritis,Orthopedic,18,3.8,448
9801,Dr. Rahul Joshi,Beed,Chickenpox,Dermatologist,18,4.5,1421
9802,Dr. Kiran Kulkarni,Mumbai,Measles,Pediatrician,2,4.2,330
9803,Dr. Rahul Sharma,Udgir,Dengue,Infectious Disease,9,3.6,891
9804,Dr. Rahul Jadhav,Selu,Typhoid,General Physician,5,3.9,1374
9805,Dr. Sneha Gupta,Selu,Food Poisoning,Gastroenterologist,30,4.2,536
9806,Dr. Rohit Joshi,Baramati,Cold,General Physician,6,3.6,273
9807,Dr. Rahul Jadhav,Ulhasnagar,Typhoid,General Physician,29,4.6,418
9808,Dr. Anil Deshmukh,Jalgaon,COVID-19,Pulmonologist,15,4.5,625
9809,Dr. Priya Gupta,Jalgaon,Measles,Pediatrician,26,4.6,1274
9810,Dr. Kiran Shinde,Chiplun,Flu,General Physician,31,4.2,734
9811,Dr. Pooja Jadhav,Karad,Diabetes,Endocrinologist,31,4.4,206
9812,Dr. Pooja Shinde,Mumbai,Migraine,Neurologist,31,3.6,616
9813,Dr. Sneha Gupta,Wardha,Malaria,Infectious Disease,28,4.9,807
9814,Dr. Rahul Joshi,Sangli,Jaundice,Hepatologist,17,4.4,333
9815,Dr. Rohit Shinde,Raigad,COVID-19,Pulmonologist,23,4.4,278
9816,Dr. Vikas Deshmukh,Baramati,Migraine,Neurologist,5,4.0,938
9817,Dr. Anil Shinde,Wardha,COVID-19,Pulmonologist,8,4.8,1118
9818,Dr. Neha Shinde,Akola,Arthritis,Orthopedic,7,3.7,1051
9819,Dr. Rohit Kulkarni,Pune,Asthma,Pulmonologist,9,4.4,1317
9820,Dr. Neha Patil,Sangli,Arthritis,Orthopedic,22,4.0,1253
9821,Dr. Anil Jadhav,Thane,COVID-19,Pulmonologist,13,4.3,1220
9822,Dr. Priya Gupta,Alibaug,Asthma,Pulmonologist,6,4.2,460
9823,Dr. Priya Gupta,Manmad,Food Poisoning,Gastroenterologist,8,3.7,747
9824,Dr. Vikas Gupta,Wardha,Chickenpox,Dermatologist,18,3.7,868
9825,Dr. Vikas Jadhav,Karad,Food Poisoning,Gastroenterologist,32,5.0,1341
9826,Dr. Rahul Patil,Washim,Flu,General Physician,4,4.6,599
9827,Dr. Rohit Kulkarni,Arvi,Chickenpox,Dermatologist,25,4.0,966
9828,Dr. Rahul Patil,Hingoli,Chickenpox,Dermatologist,32,4.0,630
9829,Dr. Priya Sharma,Kopargaon,Migraine,Neurologist,13,4.3,1488
9830,Dr. Amit Kulkarni,Jalgaon,Food Poisoning,Gastroenterologist,22,4.7,433
9831,Dr. Sneha Gupta,Chiplun,Typhoid,General Physician,26,5.0,809
9832,Dr. Rahul Gupta,Savner,Measles,Pediatrician,28,3.5,409
9833,Dr. Rahul Joshi,Ballarpur,Jaundice,Hepatologist,29,4.7,858
9834,Dr. Sneha Deshmukh,Solapur,Chickenpox,Dermatologist,19,3.6,1314
9835,Dr. Pooja Joshi,Virar,Chickenpox,Dermatologist,18,4.4,541
9836,Dr. Vikas Joshi,Sillod,COVID-19,Pulmonologist,7,4.3,1157
9837,Dr. Pooja Sharma,Hingoli,Cold,General Physician,10,3.8,671
9838,Dr. Rahul Gupta,Beed,Jaundice,Hepatologist,20,3.9,337
9839,Dr. Vikas Gupta,Amravati,Dengue,Infectious Disease,18,4.7,1052
9840,Dr. Priya Joshi,Kalyan,Malaria,Infectious Disease,1,4.2,1061
9841,Dr. Rahul Kulkarni,Wardha,Flu,General Physician,16,4.5,850
9842,Dr. Pooja Patil,Sindhudurg,Asthma,Pulmonologist,25,4.5,1016
9843,Dr. Kiran Deshmukh,Arvi,COVID-19,Pulmonologist,8,4.4,615
9844,Dr. Anil Jadhav,Yavatmal,Cold,General Physician,15,3.7,539
9845,Dr. Rahul Kulkarni,Latur,COVID-19,Pulmonologist,26,3.8,1409
9846,Dr. Sneha Deshmukh,Phaltan,Asthma,Pulmonologist,4,4.7,376
9847,Dr. Priya Kulkarni,Chandrapur,Typhoid,General Physician,18,3.8,1110
9848,Dr. Anil Deshmukh,Akola,Malaria,Infectious Disease,22,4.2,880
9849,Dr. Rahul Joshi,Thane,Diabetes,Endocrinologist,17,3.7,816
9850,Dr. Pooja Kulkarni,Arvi,Typhoid,General Physician,27,4.0,971
9851,Dr. Priya Gupta,Palghar,COVID-19,Pulmonologist,1,3.7,678
9852,Dr. Rohit Deshmukh,Malegaon,Malaria,Infectious Disease,11,3.6,1259
9853,Dr. Anil Kulkarni,Arvi,Measles,Pediatrician,10,5.0,1103
9854,Dr. Neha Patil,Buldhana,Typhoid,General Physician,32,3.8,258
9855,Dr. Rahul Joshi,Buldhana,COVID-19,Pulmonologist,34,3.9,598
9856,Dr. Priya Sharma,Phaltan,Cold,General Physician,16,4.5,1171
9857,Dr. Amit Jadhav,Alibaug,Cold,General Physician,21,3.8,393
9858,Dr. Priya Sharma,Latur,Jaundice,Hepatologist,10,3.8,366
9859,Dr. Priya Deshmukh,Kolhapur,COVID-19,Pulmonologist,15,3.8,239
9860,Dr. Sneha Gupta,Latur,Migraine,Neurologist,18,4.2,1275
9861,Dr. Priya Gupta,Chandrapur,Measles,Pediatrician,3,4.0,1485
9862,Dr. Rohit Gupta,Gadchiroli,Chickenpox,Dermatologist,25,4.1,1479
9863,Dr. Kiran Gupta,Osmanabad,Measles,Pediatrician,28,4.5,840
9864,Dr. Kiran Joshi,Washim,Food Poisoning,Gastroenterologist,30,3.7,1287
9865,Dr. Vikas Sharma,Udgir,Cold,General Physician,34,3.6,227
9866,Dr. Amit Jadhav,Wardha,Asthma,Pulmonologist,31,4.4,541
9867,Dr. Priya Patil,Ratnagiri,Arthritis,Orthopedic,32,4.5,334
9868,Dr. Amit Kulkarni,Phaltan,Arthritis,Orthopedic,35,4.4,402
9869,Dr. Pooja Joshi,Yavatmal,Jaundice,Hepatologist,16,4.5,1427
9870,Dr. Pooja Shinde,Dhule,Diabetes,Endocrinologist,31,4.2,571
9871,Dr. Pooja Gupta,Ahmednagar,Food Poisoning,Gastroenterologist,9,4.2,410
9872,Dr. Vikas Kulkarni,Nashik,Measles,Pediatrician,27,4.1,300
9873,Dr. Kiran Gupta,Raigad,Malaria,Infectious Disease,27,3.9,1399
9874,Dr. Amit Gupta,Bhandara,Food Poisoning,Gastroenterologist,35,3.9,1108
9875,Dr. Amit Jadhav,Mira Road,Diabetes,Endocrinologist,16,4.1,565
9876,Dr. Rohit Sharma,Beed,Dengue,Infectious Disease,35,3.7,807
9877,Dr. Kiran Sharma,Latur,Malaria,Infectious Disease,19,4.4,921
9878,Dr. Rohit Gupta,Gondia,Cold,General Physician,12,4.5,801
9879,Dr. Kiran Shinde,Kalyan,Jaundice,Hepatologist,35,4.2,1131
9880,Dr. Amit Deshmukh,Osmanabad,Malaria,Infectious Disease,22,3.5,519
9881,Dr. Neha Shinde,Manmad,Migraine,Neurologist,11,4.7,308
9882,Dr. Anil Gupta,Mumbai,Diabetes,Endocrinologist,30,4.3,483
9883,Dr. Pooja Joshi,Loha,Cold,General Physician,12,4.7,612
9884,Dr. Pooja Gupta,Beed,Jaundice,Hepatologist,1,4.7,1432
9885,Dr. Amit Joshi,Parli,Dengue,Infectious Disease,20,4.0,936
9886,Dr. Kiran Patil,Hingoli,Chickenpox,Dermatologist,5,4.9,1044
9887,Dr. Pooja Jadhav,Amravati,Food Poisoning,Gastroenterologist,8,3.9,1360
9888,Dr. Priya Kulkarni,Achalpur,Flu,General Physician,11,4.8,1013
9889,Dr. Anil Joshi,Pandharpur,Malaria,Infectious Disease,5,4.0,318
9890,Dr. Priya Deshmukh,Mumbai,Flu,General Physician,12,4.3,890
9891,Dr. Rahul Deshmukh,Udgir,Dengue,Infectious Disease,20,4.9,348
9892,Dr. Sneha Joshi,Pune,COVID-19,Pulmonologist,6,3.8,770
9893,Dr. Neha Kulkarni,Thane,Dengue,Infectious Disease,31,4.3,1204
9894,Dr. Pooja Sharma,Manmad,Measles,Pediatrician,24,4.2,367
9895,Dr. Vikas Sharma,Pandharpur,Diabetes,Endocrinologist,8,4.7,395
9896,Dr. Sneha Gupta,Ambajogai,Asthma,Pulmonologist,11,3.5,1087
9897,Dr. Pooja Deshmukh,Sillod,Measles,Pediatrician,2,3.5,451
9898,Dr. Sneha Jadhav,Ahmednagar,Arthritis,Orthopedic,19,3.9,332
9899,Dr. Anil Shinde,Phaltan,Typhoid,General Physician,31,4.6,1364
9900,Dr. Rohit Sharma,Nanded,Measles,Pediatrician,30,4.5,1349
9901,Dr. Sneha Kulkarni,Phaltan,Malaria,Infectious Disease,23,3.9,957
9902,Dr. Sneha Patil,Chiplun,Flu,General Physician,9,4.0,828
9903,Dr. Vikas Shinde,Parli,Malaria,Infectious Disease,14,4.1,585
9904,Dr. Sneha Patil,Washim,Arthritis,Orthopedic,33,4.4,1093
9905,Dr. Pooja Jadhav,Savner,Asthma,Pulmonologist,1,4.9,1220
9906,Dr. Rahul Shinde,Selu,Food Poisoning,Gastroenterologist,29,4.1,785
9907,Dr. Amit Joshi,Virar,Jaundice,Hepatologist,23,4.2,292
9908,Dr. Pooja Jadhav,Mira Road,Measles,Pediatrician,8,4.7,1202
9909,Dr. Anil Sharma,Dombivli,Measles,Pediatrician,11,4.8,537
9910,Dr. Kiran Sharma,Chandrapur,Asthma,Pulmonologist,26,4.3,564
9911,Dr. Anil Gupta,Arvi,Measles,Pediatrician,23,4.5,633
9912,Dr. Rahul Gupta,Dhule,Measles,Pediatrician,29,4.6,874
9913,Dr. Rahul Kulkarni,Panvel,Cold,General Physician,7,3.8,1267
9914,Dr. Anil Kulkarni,Wardha,Diabetes,Endocrinologist,23,3.9,935
9915,Dr. Rahul Shinde,Shegaon,Diabetes,Endocrinologist,34,4.7,1155
9916,Dr. Anil Jadhav,Amravati,Arthritis,Orthopedic,27,4.1,539
9917,Dr. Vikas Gupta,Satara,Cold,General Physician,34,4.9,1137
9918,Dr. Amit Joshi,Gadchiroli,Diabetes,Endocrinologist,2,3.7,1087
9919,Dr. Priya Deshmukh,Wardha,Measles,Pediatrician,23,4.7,1043
9920,Dr. Sneha Gupta,Ballarpur,Measles,Pediatrician,11,3.7,457
9921,Dr. Pooja Deshmukh,Manmad,Measles,Pediatrician,17,4.6,1222
9922,Dr. Vikas Jadhav,Chiplun,Flu,General Physician,34,3.7,856
9923,Dr. Pooja Jadhav,Alibaug,Flu,General Physician,34,4.2,820
9924,Dr. Anil Sharma,Digras,Flu,General Physician,33,3.8,1127
9925,Dr. Pooja Deshmukh,Ambajogai,Cold,General Physician,26,3.8,1087
9926,Dr. Priya Shinde,Ratnagiri,Flu,General Physician,5,3.9,905
9927,Dr. Amit Shinde,Dhule,Measles,Pediatrician,16,4.3,824
9928,Dr. Rahul Shinde,Beed,Malaria,Infectious Disease,21,4.2,1129
9929,Dr. Vikas Gupta,Washim,Diabetes,Endocrinologist,18,4.0,769
9930,Dr. Kiran Kulkarni,Pune,Asthma,Pulmonologist,29,4.4,957
9931,Dr. Neha Patil,Buldhana,Asthma,Pulmonologist,14,4.4,915
9932,Dr. Neha Kulkarni,Ahmednagar,Chickenpox,Dermatologist,24,4.4,1117
9933,Dr. Sneha Joshi,Mumbai,COVID-19,Pulmonologist,16,4.5,477
9934,Dr. Anil Deshmukh,Ballarpur,Arthritis,Orthopedic,21,4.3,1225
9935,Dr. Anil Jadhav,Aurangabad,Diabetes,Endocrinologist,31,4.1,274
9936,Dr. Vikas Kulkarni,Wardha,Measles,Pediatrician,11,4.8,1045
9937,Dr. Anil Patil,Ahmednagar,Chickenpox,Dermatologist,16,4.7,475
9938,Dr. Pooja Sharma,Aurangabad,Dengue,Infectious Disease,10,4.7,323
9939,Dr. Rahul Sharma,Nagpur,Measles,Pediatrician,20,3.7,424
9940,Dr. Priya Kulkarni,Gadchiroli,Migraine,Neurologist,17,3.6,1406
9941,Dr. Sneha Sharma,Osmanabad,Asthma,Pulmonologist,27,4.5,1243
9942,Dr. Vikas Shinde,Palghar,Migraine,Neurologist,24,3.8,234
9943,Dr. Anil Jadhav,Wardha,Dengue,Infectious Disease,27,5.0,1277
9944,Dr. Sneha Jadhav,Nagpur,Asthma,Pulmonologist,31,3.9,807
9945,Dr. Kiran Jadhav,Shirdi,Jaundice,Hepatologist,15,4.4,694
9946,Dr. Kiran Jadhav,Nashik,Jaundice,Hepatologist,4,3.8,1357
9947,Dr. Sneha Sharma,Washim,Asthma,Pulmonologist,16,4.5,1340
9948,Dr. Vikas Deshmukh,Panvel,Jaundice,Hepatologist,24,4.7,1107
9949,Dr. Priya Gupta,Solapur,Chickenpox,Dermatologist,32,4.2,1449
9950,Dr. Vikas Shinde,Latur,Arthritis,Orthopedic,9,4.0,1199
9951,Dr. Rohit Joshi,Ambajogai,Typhoid,General Physician,9,4.7,607
9952,Dr. Priya Shinde,Kolhapur,Food Poisoning,Gastroenterologist,4,4.6,480
9953,Dr. Sneha Joshi,Chandrapur,Chickenpox,Dermatologist,15,3.5,1083
9954,Dr. Amit Patil,Baramati,COVID-19,Pulmonologist,11,4.0,288
9955,Dr. Anil Jadhav,Phaltan,Food Poisoning,Gastroenterologist,4,4.7,897
9956,Dr. Amit Gupta,Nashik,Dengue,Infectious Disease,21,3.7,902
9957,Dr. Anil Patil,Digras,Malaria,Infectious Disease,18,3.9,1309
9958,Dr. Sneha Patil,Virar,Diabetes,Endocrinologist,30,4.9,839
9959,Dr. Sneha Sharma,Raigad,Flu,General Physician,2,4.2,411
9960,Dr. Kiran Jadhav,Digras,Measles,Pediatrician,12,4.2,375
9961,Dr. Sneha Shinde,Kopargaon,Jaundice,Hepatologist,19,4.6,232
9962,Dr. Sneha Shinde,Udgir,Jaundice,Hepatologist,31,4.2,1434
9963,Dr. Rohit Jadhav,Udgir,Migraine,Neurologist,25,4.4,907
9964,Dr. Rohit Kulkarni,Buldhana,COVID-19,Pulmonologist,27,4.3,837
9965,Dr. Anil Joshi,Sillod,Jaundice,Hepatologist,13,4.8,1458
9966,Dr. Rahul Joshi,Mumbai,Asthma,Pulmonologist,19,4.2,282
9967,Dr. Priya Shinde,Gadchiroli,Chickenpox,Dermatologist,32,4.5,675
9968,Dr. Kiran Joshi,Bhandara,Typhoid,General Physician,27,4.8,925
9969,Dr. Pooja Kulkarni,Ahmednagar,Chickenpox,Dermatologist,7,4.7,216
9970,Dr. Vikas Gupta,Jalna,Jaundice,Hepatologist,11,3.8,325
9971,Dr. Sneha Gupta,Jalgaon,Cold,General Physician,5,4.9,276
9972,Dr. Amit Joshi,Bhandara,Diabetes,Endocrinologist,34,3.6,868
9973,Dr. Rohit Patil,Chiplun,COVID-19,Pulmonologist,28,3.6,657
9974,Dr. Rahul Joshi,Alibaug,Dengue,Infectious Disease,20,4.3,696
9975,Dr. Vikas Gupta,Kopargaon,Typhoid,General Physician,28,4.6,530
9976,Dr. Rohit Joshi,Manmad,Malaria,Infectious Disease,18,4.6,606
9977,Dr. Kiran Jadhav,Gondia,Diabetes,Endocrinologist,31,3.7,1328
9978,Dr. Vikas Shinde,Amravati,Jaundice,Hepatologist,32,4.9,1091
9979,Dr. Rohit Jadhav,Hingoli,Typhoid,General Physician,2,4.4,1133
9980,Dr. Pooja Kulkarni,Nanded,Dengue,Infectious Disease,23,3.6,648
9981,Dr. Priya Joshi,Osmanabad,Malaria,Infectious Disease,10,4.6,1359
9982,Dr. Anil Gupta,Udgir,Typhoid,General Physician,32,4.3,1462
9983,Dr. Anil Sharma,Raigad,Cold,General Physician,11,4.0,1173
9984,Dr. Pooja Shinde,Udgir,Malaria,Infectious Disease,31,4.2,1085
9985,Dr. Rohit Kulkarni,Warora,Asthma,Pulmonologist,2,3.6,626
9986,Dr. Rohit Kulkarni,Gadchiroli,Diabetes,Endocrinologist,2,4.5,1329
9987,Dr. Pooja Deshmukh,Latur,Dengue,Infectious Disease,34,3.7,558
9988,Dr. Rohit Kulkarni,Yavatmal,Arthritis,Orthopedic,7,5.0,1065
9989,Dr. Rahul Sharma,Sillod,Flu,General Physician,22,4.0,364
9990,Dr. Amit Sharma,Ratnagiri,Diabetes,Endocrinologist,8,4.5,492
9991,Dr. Neha Joshi,Jalna,Asthma,Pulmonologist,20,4.7,295
9992,Dr. Rahul Sharma,Chandrapur,Measles,Pediatrician,3,3.5,1258
9993,Dr. Rahul Joshi,Digras,Food Poisoning,Gastroenterologist,32,4.8,306
9994,Dr. Anil Deshmukh,Amravati,Typhoid,General Physician,12,4.8,1479
9995,Dr. Sneha Gupta,Kopargaon,Arthritis,Orthopedic,20,4.5,252
9996,Dr. Anil Sharma,Ballarpur,Asthma,Pulmonologist,31,4.5,1460
9997,Dr. Anil Sharma,Thane,Measles,Pediatrician,19,4.5,853
9998,Dr. Priya Deshmukh,Achalpur,Cold,General Physician,33,3.8,1301
9999,Dr. Neha Gupta,Panvel,Asthma,Pulmonologist,32,4.8,791
10000,Dr. Priya Jadhav,Thane,Food Poisoning,Gastroenterologist,1,3.5,666
10001,Dr. Sneha Sharma,Virar,Dengue,Infectious Disease,4,4.5,898
10002,Dr. Pooja Shinde,Savner,Flu,General Physician,24,3.6,546
10003,Dr. Vikas Patil,Buldhana,Dengue,Infectious Disease,33,4.9,1396
10004,Dr. Rahul Jadhav,Mira Road,Arthritis,Orthopedic,7,5.0,1061
10005,Dr. Amit Deshmukh,Karad,Measles,Pediatrician,7,4.9,1202
10006,Dr. Rahul Deshmukh,Loha,Jaundice,Hepatologist,35,4.2,227
10007,Dr. Vikas Patil,Yavatmal,Flu,General Physician,17,4.7,424
10008,Dr. Amit Patil,Nashik,Diabetes,Endocrinologist,17,4.5,433
10009,Dr. Priya Jadhav,Ratnagiri,Cold,General Physician,12,4.0,762
10010,Dr. Priya Joshi,Raigad,Typhoid,General Physician,32,4.4,1315
10011,Dr. Rohit Patil,Malegaon,Typhoid,General Physician,26,4.4,1041
10012,Dr. Vikas Kulkarni,Kalyan,Diabetes,Endocrinologist,14,3.8,1319
10013,Dr. Anil Jadhav,Buldhana,Migraine,Neurologist,1,4.6,413
10014,Dr. Anil Shinde,Parbhani,Food Poisoning,Gastroenterologist,9,4.6,826
10015,Dr. Neha Sharma,Yavatmal,Jaundice,Hepatologist,27,4.2,439
10016,Dr. Priya Patil,Achalpur,Food Poisoning,Gastroenterologist,20,4.6,1011
10017,Dr. Amit Sharma,Sangli,Asthma,Pulmonologist,15,3.6,684
10018,Dr. Anil Kulkarni,Loha,Flu,General Physician,13,3.8,1298
10019,Dr. Rohit Joshi,Savner,Migraine,Neurologist,5,3.5,532
10020,Dr. Priya Shinde,Shirdi,Measles,Pediatrician,6,4.5,613
10021,Dr. Neha Kulkarni,Amravati,COVID-19,Pulmonologist,30,3.6,1408
10022,Dr. Priya Joshi,Loha,Malaria,Infectious Disease,15,4.8,892
10023,Dr. Rahul Sharma,Jalna,Measles,Pediatrician,34,3.9,949
10024,Dr. Rahul Sharma,Dhule,Dengue,Infectious Disease,19,4.4,443
10025,Dr. Rohit Kulkarni,Shirdi,Asthma,Pulmonologist,14,4.8,771
10026,Dr. Anil Deshmukh,Digras,Typhoid,General Physician,17,4.2,356
10027,Dr. Pooja Shinde,Sangli,COVID-19,Pulmonologist,4,4.8,649
10028,Dr. Neha Jadhav,Gondia,Food Poisoning,Gastroenterologist,30,4.0,539
10029,Dr. Rohit Gupta,Solapur,Cold,General Physician,10,5.0,1045
10030,Dr. Rohit Patil,Parli,Jaundice,Hepatologist,19,4.5,1037
10031,Dr. Sneha Patil,Satara,Cold,General Physician,29,3.8,1033
10032,Dr. Vikas Kulkarni,Pandharpur,Migraine,Neurologist,3,4.1,355
10033,Dr. Anil Jadhav,Chandrapur,Measles,Pediatrician,35,4.7,654
10034,Dr. Pooja Joshi,Kolhapur,Diabetes,Endocrinologist,18,3.8,1270
10035,Dr. Sneha Gupta,Selu,Malaria,Infectious Disease,8,4.4,323
10036,Dr. Pooja Kulkarni,Kalyan,Malaria,Infectious Disease,19,3.7,1171
10037,Dr. Vikas Sharma,Pune,COVID-19,Pulmonologist,13,4.9,1085
10038,Dr. Anil Shinde,Mira Road,Typhoid,General Physician,6,3.5,200
10039,Dr. Pooja Joshi,Ichalkaranji,Cold,General Physician,25,4.7,342
10040,Dr. Anil Sharma,Malkapur,Jaundice,Hepatologist,31,4.8,906
10041,Dr. Rahul Deshmukh,Parli,Jaundice,Hepatologist,29,3.8,650
10042,Dr. Neha Sharma,Wardha,Dengue,Infectious Disease,2,3.7,687
10043,Dr. Priya Sharma,Selu,Jaundice,Hepatologist,11,4.1,797
10044,Dr. Rohit Kulkarni,Warora,COVID-19,Pulmonologist,14,3.9,1485
10045,Dr. Neha Joshi,Osmanabad,Food Poisoning,Gastroenterologist,18,4.6,1419
10046,Dr. Priya Kulkarni,Mumbai,Typhoid,General Physician,15,3.6,1352
10047,Dr. Priya Sharma,Nanded,Dengue,Infectious Disease,29,3.6,1425
10048,Dr. Rahul Kulkarni,Virar,Typhoid,General Physician,19,5.0,990
10049,Dr. Priya Joshi,Wardha,Jaundice,Hepatologist,15,4.6,675
10050,Dr. Kiran Gupta,Kalyan,Jaundice,Hepatologist,27,4.8,764
10051,Dr. Pooja Kulkarni,Beed,Diabetes,Endocrinologist,18,5.0,547
10052,Dr. Amit Jadhav,Nashik,Dengue,Infectious Disease,30,4.7,853
10053,Dr. Pooja Deshmukh,Amravati,Food Poisoning,Gastroenterologist,18,3.7,606
10054,Dr. Rohit Patil,Malegaon,Flu,General Physician,25,3.9,851
10055,Dr. Sneha Joshi,Washim,Chickenpox,Dermatologist,24,3.6,235
10056,Dr. Anil Gupta,Parli,Food Poisoning,Gastroenterologist,11,4.1,891
10057,Dr. Sneha Kulkarni,Savner,Jaundice,Hepatologist,14,4.0,885
10058,Dr. Kiran Jadhav,Virar,Cold,General Physician,32,5.0,1230
10059,Dr. Anil Jadhav,Malkapur,Cold,General Physician,35,3.6,937
10060,Dr. Sneha Deshmukh,Aurangabad,Arthritis,Orthopedic,13,4.9,967
10061,Dr. Sneha Kulkarni,Washim,Asthma,Pulmonologist,23,4.6,264
10062,Dr. Sneha Gupta,Thane,Typhoid,General Physician,19,4.2,1301
10063,Dr. Pooja Jadhav,Satara,Jaundice,Hepatologist,23,4.0,938
10064,Dr. Amit Gupta,Manmad,Asthma,Pulmonologist,12,4.7,1144
10065,Dr. Rahul Patil,Latur,Chickenpox,Dermatologist,18,4.0,884
10066,Dr. Rahul Sharma,Vasai,Food Poisoning,Gastroenterologist,17,4.9,647
10067,Dr. Amit Patil,Ambajogai,Arthritis,Orthopedic,13,3.7,1180
10068,Dr. Neha Jadhav,Selu,Jaundice,Hepatologist,7,3.6,707
10069,Dr. Kiran Deshmukh,Hingoli,Malaria,Infectious Disease,34,4.3,312
10070,Dr. Priya Sharma,Jalna,COVID-19,Pulmonologist,18,4.7,1442
10071,Dr. Rohit Jadhav,Phaltan,Typhoid,General Physician,5,4.4,946
10072,Dr. Rohit Sharma,Ballarpur,Measles,Pediatrician,10,4.1,1268
10073,Dr. Neha Joshi,Malkapur,Jaundice,Hepatologist,18,4.6,1377
10074,Dr. Kiran Kulkarni,Jalgaon,Chickenpox,Dermatologist,20,3.7,1087
10075,Dr. Rahul Gupta,Ambajogai,Asthma,Pulmonologist,1,4.4,1021
10076,Dr. Rahul Sharma,Amravati,Dengue,Infectious Disease,31,4.8,568
10077,Dr. Priya Jadhav,Virar,Chickenpox,Dermatologist,12,4.5,398
10078,Dr. Neha Patil,Dhule,Asthma,Pulmonologist,14,3.8,784
10079,Dr. Neha Joshi,Buldhana,Asthma,Pulmonologist,20,4.3,1348
10080,Dr. Neha Deshmukh,Ratnagiri,Jaundice,Hepatologist,9,4.8,980
10081,Dr. Neha Gupta,Baramati,Arthritis,Orthopedic,32,4.1,1175
10082,Dr. Kiran Sharma,Parbhani,Dengue,Infectious Disease,34,5.0,804
10083,Dr. Priya Sharma,Akola,Jaundice,Hepatologist,13,4.5,775
10084,Dr. Priya Gupta,Hingoli,Food Poisoning,Gastroenterologist,25,4.2,932
10085,Dr. Pooja Shinde,Vasai,Chickenpox,Dermatologist,31,4.1,1224
10086,Dr. Kiran Patil,Hingoli,Jaundice,Hepatologist,33,4.1,1251
10087,Dr. Rahul Deshmukh,Baramati,Cold,General Physician,16,4.9,1247
10088,Dr. Priya Deshmukh,Malegaon,Arthritis,Orthopedic,16,4.0,241
10089,Dr. Rohit Jadhav,Dhule,Cold,General Physician,19,3.8,344
10090,Dr. Amit Deshmukh,Ballarpur,Flu,General Physician,34,4.5,1481
10091,Dr. Kiran Jadhav,Mira Road,Flu,General Physician,3,4.8,969
10092,Dr. Vikas Patil,Selu,Flu,General Physician,18,4.0,1381
10093,Dr. Priya Joshi,Achalpur,Diabetes,Endocrinologist,21,3.5,921
10094,Dr. Kiran Shinde,Loha,Jaundice,Hepatologist,8,4.6,527
10095,Dr. Sneha Joshi,Gondia,Measles,Pediatrician,35,4.3,699
10096,Dr. Amit Shinde,Virar,Cold,General Physician,6,4.0,670
10097,Dr. Neha Sharma,Beed,Migraine,Neurologist,35,4.7,289
10098,Dr. Kiran Kulkarni,Malkapur,COVID-19,Pulmonologist,15,4.2,615
10099,Dr. Pooja Kulkarni,Arvi,Dengue,Infectious Disease,5,3.6,535
10100,Dr. Pooja Jadhav,Amravati,Malaria,Infectious Disease,21,3.9,1230
10101,Dr. Rahul Jadhav,Dhule,Arthritis,Orthopedic,12,3.9,416
10102,Dr. Rohit Jadhav,Phaltan,Food Poisoning,Gastroenterologist,1,4.8,1156
10103,Dr. Kiran Kulkarni,Malkapur,Diabetes,Endocrinologist,16,3.5,437
10104,Dr. Anil Gupta,Mumbai,Chickenpox,Dermatologist,24,3.6,1189
10105,Dr. Sneha Kulkarni,Nashik,Malaria,Infectious Disease,11,4.2,829
10106,Dr. Anil Kulkarni,Thane,Measles,Pediatrician,35,3.7,1476
10107,Dr. Anil Patil,Shirdi,Measles,Pediatrician,33,4.4,401
10108,Dr. Pooja Shinde,Warora,Diabetes,Endocrinologist,11,4.8,397
10109,Dr. Rohit Shinde,Arvi,Flu,General Physician,26,4.3,1204
10110,Dr. Priya Patil,Jalgaon,Malaria,Infectious Disease,4,4.6,1403
10111,Dr. Sneha Deshmukh,Sangli,Migraine,Neurologist,24,3.7,820
10112,Dr. Rohit Gupta,Aurangabad,Jaundice,Hepatologist,24,4.2,770
10113,Dr. Pooja Kulkarni,Amravati,Cold,General Physician,19,4.7,945
10114,Dr. Kiran Sharma,Ratnagiri,COVID-19,Pulmonologist,20,4.9,1291
10115,Dr. Kiran Jadhav,Amravati,Flu,General Physician,20,4.8,434
10116,Dr. Rohit Sharma,Satara,Malaria,Infectious Disease,15,4.8,366
10117,Dr. Priya Jadhav,Gondia,Diabetes,Endocrinologist,14,4.2,953
10118,Dr. Pooja Joshi,Loha,Jaundice,Hepatologist,2,3.9,833
10119,Dr. Pooja Sharma,Buldhana,Diabetes,Endocrinologist,23,4.6,524
10120,Dr. Priya Shinde,Kopargaon,Measles,Pediatrician,1,4.9,663
10121,Dr. Vikas Sharma,Panvel,Migraine,Neurologist,32,4.9,973
10122,Dr. Kiran Sharma,Yavatmal,Arthritis,Orthopedic,12,4.6,1167
10123,Dr. Sneha Sharma,Digras,Malaria,Infectious Disease,27,3.6,1085
10124,Dr. Pooja Deshmukh,Loha,Measles,Pediatrician,27,3.6,1222
10125,Dr. Anil Jadhav,Nagpur,Migraine,Neurologist,27,4.6,246
10126,Dr. Priya Kulkarni,Akola,Cold,General Physician,1,3.7,999
10127,Dr. Pooja Sharma,Sangli,Food Poisoning,Gastroenterologist,30,4.2,1284
10128,Dr. Rahul Deshmukh,Aurangabad,Malaria,Infectious Disease,4,4.4,1496
10129,Dr. Kiran Shinde,Yavatmal,Malaria,Infectious Disease,24,4.0,1187
10130,Dr. Anil Jadhav,Beed,Asthma,Pulmonologist,30,3.5,1483
10131,Dr. Neha Shinde,Malegaon,Cold,General Physician,19,4.7,1329
10132,Dr. Pooja Deshmukh,Parli,Jaundice,Hepatologist,21,4.1,1314
10133,Dr. Kiran Shinde,Parli,COVID-19,Pulmonologist,5,4.7,1107
10134,Dr. Rohit Jadhav,Selu,Measles,Pediatrician,21,4.0,1456
10135,Dr. Kiran Gupta,Chandrapur,Diabetes,Endocrinologist,34,4.2,344
10136,Dr. Amit Patil,Chiplun,Malaria,Infectious Disease,23,4.0,1296
10137,Dr. Pooja Jadhav,Sillod,Migraine,Neurologist,12,4.0,826
10138,Dr. Kiran Deshmukh,Amravati,Chickenpox,Dermatologist,5,4.0,632
10139,Dr. Rahul Patil,Ballarpur,Measles,Pediatrician,28,4.1,1234
10140,Dr. Rahul Sharma,Ambajogai,Cold,General Physician,25,3.9,627
10141,Dr. Rohit Sharma,Latur,Dengue,Infectious Disease,28,4.1,227
10142,Dr. Kiran Shinde,Ahmednagar,Dengue,Infectious Disease,33,4.9,1006
10143,Dr. Vikas Patil,Aurangabad,Flu,General Physician,5,4.1,760
10144,Dr. Rahul Shinde,Ahmednagar,Dengue,Infectious Disease,4,3.6,1108
10145,Dr. Anil Patil,Parbhani,COVID-19,Pulmonologist,15,4.1,463
10146,Dr. Anil Kulkarni,Thane,Flu,General Physician,5,4.2,580
10147,Dr. Sneha Kulkarni,Shegaon,Malaria,Infectious Disease,26,4.7,1272
10148,Dr. Neha Kulkarni,Nanded,Dengue,Infectious Disease,2,4.2,1084
10149,Dr. Anil Kulkarni,Jalgaon,Arthritis,Orthopedic,28,4.3,691
10150,Dr. Anil Jadhav,Virar,Diabetes,Endocrinologist,16,4.1,498
10151,Dr. Rohit Joshi,Yavatmal,Typhoid,General Physician,17,4.5,989
10152,Dr. Neha Gupta,Phaltan,Migraine,Neurologist,16,4.9,305
10153,Dr. Priya Joshi,Parli,Asthma,Pulmonologist,35,3.6,694
10154,Dr. Priya Kulkarni,Beed,Cold,General Physician,13,5.0,733
10155,Dr. Kiran Jadhav,Gadchiroli,Malaria,Infectious Disease,14,3.8,593
10156,Dr. Amit Deshmukh,Kolhapur,Diabetes,Endocrinologist,16,4.7,695
10157,Dr. Kiran Deshmukh,Akola,Cold,General Physician,4,4.1,1402
10158,Dr. Rahul Joshi,Latur,Dengue,Infectious Disease,18,4.7,1068
10159,Dr. Amit Kulkarni,Pune,Food Poisoning,Gastroenterologist,33,4.3,367
10160,Dr. Neha Deshmukh,Amravati,Dengue,Infectious Disease,16,4.3,1094
10161,Dr. Kiran Jadhav,Ichalkaranji,Diabetes,Endocrinologist,28,3.9,656
10162,Dr. Priya Jadhav,Karad,Diabetes,Endocrinologist,8,3.8,410
10163,Dr. Vikas Sharma,Wardha,Chickenpox,Dermatologist,12,3.8,846
10164,Dr. Kiran Patil,Pune,Arthritis,Orthopedic,34,4.5,1240
10165,Dr. Amit Patil,Kolhapur,Asthma,Pulmonologist,14,4.8,258
10166,Dr. Priya Gupta,Akola,COVID-19,Pulmonologist,31,4.3,462
10167,Dr. Neha Deshmukh,Mumbai,Flu,General Physician,20,3.6,280
10168,Dr. Anil Deshmukh,Thane,Food Poisoning,Gastroenterologist,17,4.7,709
10169,Dr. Neha Jadhav,Nashik,Flu,General Physician,13,4.8,648
10170,Dr. Rohit Kulkarni,Kopargaon,COVID-19,Pulmonologist,35,4.3,371
10171,Dr. Kiran Kulkarni,Raigad,Dengue,Infectious Disease,27,4.0,558
10172,Dr. Vikas Jadhav,Parbhani,Measles,Pediatrician,12,4.0,1043
10173,Dr. Sneha Deshmukh,Nanded,Asthma,Pulmonologist,10,4.1,1193
10174,Dr. Rahul Joshi,Pune,Arthritis,Orthopedic,18,4.7,455
10175,Dr. Amit Joshi,Yavatmal,Chickenpox,Dermatologist,13,4.0,271
10176,Dr. Anil Jadhav,Thane,Typhoid,General Physician,30,3.6,250
10177,Dr. Neha Patil,Malegaon,Migraine,Neurologist,23,4.3,242
10178,Dr. Rohit Jadhav,Loha,Diabetes,Endocrinologist,23,4.6,802
10179,Dr. Kiran Sharma,Ratnagiri,Measles,Pediatrician,27,4.2,1046
10180,Dr. Anil Kulkarni,Ambajogai,Cold,General Physician,17,3.8,1357
10181,Dr. Anil Sharma,Panvel,Dengue,Infectious Disease,6,4.5,823
10182,Dr. Anil Kulkarni,Selu,Measles,Pediatrician,29,3.5,1452
10183,Dr. Vikas Sharma,Ratnagiri,Chickenpox,Dermatologist,14,4.9,1385
10184,Dr. Anil Jadhav,Parbhani,Jaundice,Hepatologist,19,4.6,752
10185,Dr. Kiran Jadhav,Buldhana,Dengue,Infectious Disease,10,4.8,619
10186,Dr. Pooja Sharma,Karad,Malaria,Infectious Disease,11,4.9,670
10187,Dr. Kiran Gupta,Mira Road,Arthritis,Orthopedic,25,3.8,600
10188,Dr. Pooja Deshmukh,Phaltan,Cold,General Physician,26,5.0,842
10189,Dr. Sneha Patil,Akola,Migraine,Neurologist,26,4.4,973
10190,Dr. Rahul Patil,Phaltan,COVID-19,Pulmonologist,22,3.7,1383
10191,Dr. Vikas Deshmukh,Satara,Flu,General Physician,10,4.4,661
10192,Dr. Neha Joshi,Solapur,Typhoid,General Physician,3,4.1,1474
10193,Dr. Priya Deshmukh,Latur,Chickenpox,Dermatologist,9,3.7,701
10194,Dr. Anil Joshi,Bhandara,Measles,Pediatrician,18,4.1,743
10195,Dr. Priya Deshmukh,Virar,Arthritis,Orthopedic,24,3.8,888
10196,Dr. Pooja Jadhav,Wardha,Migraine,Neurologist,13,4.8,1246
10197,Dr. Rahul Kulkarni,Kolhapur,Chickenpox,Dermatologist,1,4.8,834
10198,Dr. Anil Jadhav,Savner,Typhoid,General Physician,7,3.8,215
10199,Dr. Priya Sharma,Beed,Food Poisoning,Gastroenterologist,28,4.3,369
10200,Dr. Rohit Deshmukh,Nanded,Jaundice,Hepatologist,22,4.3,640
10201,Dr. Neha Gupta,Manmad,Diabetes,Endocrinologist,15,4.9,813
10202,Dr. Priya Joshi,Palghar,Flu,General Physician,12,4.1,295
10203,Dr. Kiran Gupta,Digras,Cold,General Physician,12,4.0,1252
10204,Dr. Sneha Patil,Ichalkaranji,Arthritis,Orthopedic,7,5.0,762
10205,Dr. Pooja Joshi,Ulhasnagar,Malaria,Infectious Disease,13,3.9,625
10206,Dr. Sneha Shinde,Hingoli,Food Poisoning,Gastroenterologist,1,3.5,1396
10207,Dr. Sneha Deshmukh,Amravati,Malaria,Infectious Disease,25,3.6,1313
10208,Dr. Anil Kulkarni,Jalna,Arthritis,Orthopedic,23,3.6,1072
10209,Dr. Sneha Joshi,Latur,Dengue,Infectious Disease,11,4.1,880
10210,Dr. Vikas Sharma,Amravati,Malaria,Infectious Disease,29,4.8,1460
10211,Dr. Priya Gupta,Baramati,Migraine,Neurologist,13,3.5,1056
10212,Dr. Neha Kulkarni,Digras,Cold,General Physician,9,4.3,501
10213,Dr. Priya Shinde,Warora,Jaundice,Hepatologist,7,4.8,1234
10214,Dr. Pooja Shinde,Aurangabad,Asthma,Pulmonologist,32,4.5,253
10215,Dr. Amit Kulkarni,Ambajogai,Flu,General Physician,20,4.7,1427
10216,Dr. Pooja Kulkarni,Selu,Arthritis,Orthopedic,22,4.8,1393
10217,Dr. Amit Sharma,Vasai,Typhoid,General Physician,26,3.6,1056
10218,Dr. Sneha Shinde,Jalgaon,Diabetes,Endocrinologist,14,4.4,841
10219,Dr. Amit Shinde,Digras,Migraine,Neurologist,20,3.8,908
10220,Dr. Pooja Joshi,Aurangabad,Diabetes,Endocrinologist,22,4.8,877
10221,Dr. Rohit Gupta,Sindhudurg,Cold,General Physician,16,4.5,1266
10222,Dr. Amit Sharma,Beed,Flu,General Physician,17,4.6,817
10223,Dr. Anil Kulkarni,Hingoli,Malaria,Infectious Disease,13,4.5,1295
10224,Dr. Neha Patil,Savner,Malaria,Infectious Disease,35,4.4,1473
10225,Dr. Rohit Jadhav,Thane,Flu,General Physician,24,4.1,1033
10226,Dr. Sneha Gupta,Jalna,Measles,Pediatrician,19,4.8,902
10227,Dr. Sneha Joshi,Ballarpur,Jaundice,Hepatologist,2,4.5,826
10228,Dr. Rahul Shinde,Virar,Cold,General Physician,28,3.8,1434
10229,Dr. Pooja Deshmukh,Chiplun,Migraine,Neurologist,6,4.5,1215
10230,Dr. Pooja Sharma,Kopargaon,Measles,Pediatrician,28,3.5,835
10231,Dr. Pooja Jadhav,Akola,Diabetes,Endocrinologist,32,3.6,1422
10232,Dr. Sneha Patil,Chandrapur,Food Poisoning,Gastroenterologist,17,3.6,374
10233,Dr. Anil Gupta,Washim,Jaundice,Hepatologist,13,4.3,300
10234,Dr. Amit Joshi,Parli,Arthritis,Orthopedic,9,5.0,1417
10235,Dr. Pooja Sharma,Buldhana,Malaria,Infectious Disease,2,4.4,228
10236,Dr. Priya Deshmukh,Nagpur,Flu,General Physician,8,4.9,652
10237,Dr. Amit Kulkarni,Malkapur,Dengue,Infectious Disease,9,4.9,995
10238,Dr. Rahul Shinde,Alibaug,Malaria,Infectious Disease,31,4.6,1432
10239,Dr. Kiran Patil,Vasai,Arthritis,Orthopedic,13,4.9,769
10240,Dr. Sneha Patil,Warora,Asthma,Pulmonologist,2,4.0,1385
10241,Dr. Anil Joshi,Baramati,Jaundice,Hepatologist,28,4.5,318
10242,Dr. Priya Joshi,Osmanabad,Typhoid,General Physician,19,3.9,1080
10243,Dr. Rahul Kulkarni,Shegaon,Arthritis,Orthopedic,4,4.2,1034
10244,Dr. Sneha Shinde,Gondia,Chickenpox,Dermatologist,17,4.1,655
10245,Dr. Vikas Gupta,Gadchiroli,Cold,General Physician,20,4.7,671
10246,Dr. Kiran Deshmukh,Chiplun,Diabetes,Endocrinologist,27,4.7,1090
10247,Dr. Pooja Joshi,Gadchiroli,COVID-19,Pulmonologist,28,4.0,1108
10248,Dr. Amit Joshi,Hingoli,COVID-19,Pulmonologist,28,4.2,1298
10249,Dr. Amit Shinde,Ballarpur,Arthritis,Orthopedic,5,3.9,477
10250,Dr. Vikas Sharma,Malegaon,Dengue,Infectious Disease,9,4.5,1479
10251,Dr. Pooja Jadhav,Shirdi,COVID-19,Pulmonologist,14,4.6,321
10252,Dr. Rahul Kulkarni,Raigad,Arthritis,Orthopedic,20,3.6,595
10253,Dr. Sneha Joshi,Gondia,Diabetes,Endocrinologist,19,4.5,1492
10254,Dr. Priya Joshi,Palghar,Typhoid,General Physician,26,4.4,833
10255,Dr. Sneha Joshi,Shegaon,Typhoid,General Physician,1,4.4,681
10256,Dr. Priya Gupta,Parli,Chickenpox,Dermatologist,20,4.9,1334
10257,Dr. Rahul Joshi,Bhandara,Typhoid,General Physician,25,3.7,1296
10258,Dr. Amit Gupta,Wardha,Asthma,Pulmonologist,7,3.8,1466
10259,Dr. Anil Gupta,Parli,Migraine,Neurologist,4,4.9,899
10260,Dr. Vikas Deshmukh,Solapur,Cold,General Physician,29,4.5,1036
10261,Dr. Priya Kulkarni,Kolhapur,Jaundice,Hepatologist,29,4.8,520
10262,Dr. Anil Gupta,Akola,Arthritis,Orthopedic,7,4.0,354
10263,Dr. Sneha Shinde,Karad,Dengue,Infectious Disease,24,4.5,611
10264,Dr. Vikas Sharma,Nagpur,Measles,Pediatrician,3,4.5,429
10265,Dr. Amit Deshmukh,Selu,Asthma,Pulmonologist,10,3.9,1077
10266,Dr. Kiran Joshi,Amravati,Typhoid,General Physician,27,4.0,712
10267,Dr. Priya Kulkarni,Amravati,Arthritis,Orthopedic,32,4.3,423
10268,Dr. Anil Shinde,Alibaug,Cold,General Physician,33,4.7,832
10269,Dr. Anil Deshmukh,Akola,Migraine,Neurologist,5,4.1,527
10270,Dr. Rohit Deshmukh,Savner,Chickenpox,Dermatologist,27,4.9,477
10271,Dr. Anil Kulkarni,Shegaon,Malaria,Infectious Disease,9,4.8,781
10272,Dr. Rahul Jadhav,Loha,COVID-19,Pulmonologist,21,4.7,581
10273,Dr. Amit Kulkarni,Warora,Measles,Pediatrician,29,3.5,1377
10274,Dr. Sneha Sharma,Panvel,Migraine,Neurologist,9,4.8,1471
10275,Dr. Neha Gupta,Vasai,Diabetes,Endocrinologist,6,4.9,996
10276,Dr. Amit Jadhav,Ambajogai,Dengue,Infectious Disease,27,4.2,258
10277,Dr. Kiran Joshi,Dombivli,Arthritis,Orthopedic,6,4.8,811
10278,Dr. Rohit Jadhav,Gondia,Malaria,Infectious Disease,6,4.0,443
10279,Dr. Vikas Deshmukh,Yavatmal,Jaundice,Hepatologist,12,3.7,932
10280,Dr. Amit Gupta,Achalpur,Food Poisoning,Gastroenterologist,16,4.6,838
10281,Dr. Neha Sharma,Virar,Malaria,Infectious Disease,34,3.6,709
10282,Dr. Priya Joshi,Beed,Cold,General Physician,28,3.9,1399
10283,Dr. Rohit Kulkarni,Malegaon,Food Poisoning,Gastroenterologist,3,3.8,1496
10284,Dr. Priya Gupta,Ambajogai,Jaundice,Hepatologist,3,4.4,1400
10285,Dr. Kiran Gupta,Dhule,Dengue,Infectious Disease,20,5.0,1164
10286,Dr. Neha Kulkarni,Mira Road,Dengue,Infectious Disease,9,4.4,624
10287,Dr. Neha Sharma,Thane,Dengue,Infectious Disease,12,4.8,454
10288,Dr. Priya Shinde,Savner,Food Poisoning,Gastroenterologist,3,3.6,1346
10289,Dr. Anil Kulkarni,Wardha,Jaundice,Hepatologist,4,3.9,1067
10290,Dr. Rohit Sharma,Sangli,Food Poisoning,Gastroenterologist,2,3.9,1315
10291,Dr. Rohit Shinde,Warora,Migraine,Neurologist,33,4.4,418
10292,Dr. Priya Joshi,Dhule,Asthma,Pulmonologist,24,4.8,492
10293,Dr. Anil Joshi,Washim,Food Poisoning,Gastroenterologist,23,4.9,1097
10294,Dr. Pooja Joshi,Manmad,Diabetes,Endocrinologist,32,4.4,417
10295,Dr. Kiran Sharma,Nagpur,Food Poisoning,Gastroenterologist,29,4.9,453
10296,Dr. Neha Deshmukh,Pune,COVID-19,Pulmonologist,30,3.9,1330
10297,Dr. Vikas Jadhav,Arvi,Malaria,Infectious Disease,14,4.9,1445
10298,Dr. Kiran Sharma,Jalgaon,Typhoid,General Physician,14,4.3,481
10299,Dr. Kiran Shinde,Yavatmal,Dengue,Infectious Disease,35,3.6,1138
10300,Dr. Sneha Gupta,Buldhana,Cold,General Physician,8,3.9,1385
10301,Dr. Rahul Joshi,Hingoli,Dengue,Infectious Disease,20,4.1,809
10302,Dr. Sneha Jadhav,Gadchiroli,COVID-19,Pulmonologist,10,3.6,829
10303,Dr. Priya Shinde,Latur,Chickenpox,Dermatologist,4,4.9,1008
10304,Dr. Priya Patil,Achalpur,Diabetes,Endocrinologist,9,3.6,1185
10305,Dr. Rohit Sharma,Ratnagiri,Malaria,Infectious Disease,31,4.5,933
10306,Dr. Rohit Sharma,Solapur,Malaria,Infectious Disease,4,4.0,431
10307,Dr. Vikas Deshmukh,Dhule,Chickenpox,Dermatologist,30,4.3,1427
10308,Dr. Amit Deshmukh,Jalna,Asthma,Pulmonologist,23,3.9,1168
10309,Dr. Kiran Sharma,Sillod,Chickenpox,Dermatologist,30,3.9,1322
10310,Dr. Rahul Shinde,Latur,Typhoid,General Physician,33,3.8,427
10311,Dr. Amit Kulkarni,Ulhasnagar,Cold,General Physician,17,3.8,1048
10312,Dr. Kiran Kulkarni,Shegaon,Diabetes,Endocrinologist,12,4.3,1456
10313,Dr. Rahul Sharma,Buldhana,Flu,General Physician,32,4.2,1027
10314,Dr. Vikas Deshmukh,Latur,Migraine,Neurologist,15,3.8,910
10315,Dr. Neha Deshmukh,Nanded,Malaria,Infectious Disease,6,3.8,1006
10316,Dr. Pooja Deshmukh,Mira Road,Diabetes,Endocrinologist,25,3.9,693
10317,Dr. Pooja Kulkarni,Gadchiroli,Measles,Pediatrician,2,3.7,1213
10318,Dr. Rohit Gupta,Digras,Arthritis,Orthopedic,22,4.9,1481
10319,Dr. Neha Deshmukh,Nanded,Jaundice,Hepatologist,32,4.0,344
10320,Dr. Sneha Deshmukh,Chiplun,Asthma,Pulmonologist,20,4.9,1417
10321,Dr. Pooja Joshi,Sillod,Asthma,Pulmonologist,9,3.6,480
10322,Dr. Rohit Sharma,Raigad,Asthma,Pulmonologist,27,3.8,1348
10323,Dr. Rohit Gupta,Wardha,Diabetes,Endocrinologist,10,3.5,619
10324,Dr. Vikas Patil,Yavatmal,Cold,General Physician,24,4.3,333
10325,Dr. Pooja Shinde,Ahmednagar,Malaria,Infectious Disease,31,4.6,959
10326,Dr. Sneha Deshmukh,Parli,Typhoid,General Physician,24,4.1,438
10327,Dr. Vikas Patil,Palghar,Jaundice,Hepatologist,8,3.5,421
10328,Dr. Sneha Jadhav,Ratnagiri,Migraine,Neurologist,6,3.6,520
10329,Dr. Pooja Kulkarni,Kopargaon,Cold,General Physician,1,4.7,771
10330,Dr. Kiran Jadhav,Sillod,Typhoid,General Physician,14,3.6,1446
10331,Dr. Sneha Gupta,Kopargaon,Flu,General Physician,16,4.7,655
10332,Dr. Priya Gupta,Thane,Malaria,Infectious Disease,22,4.8,860
10333,Dr. Amit Kulkarni,Ulhasnagar,Jaundice,Hepatologist,4,4.3,494
10334,Dr. Sneha Jadhav,Pune,Typhoid,General Physician,30,3.9,957
10335,Dr. Vikas Jadhav,Mira Road,Chickenpox,Dermatologist,27,4.1,1352
10336,Dr. Sneha Patil,Ballarpur,Chickenpox,Dermatologist,32,4.5,609
10337,Dr. Kiran Shinde,Wardha,Cold,General Physician,7,3.6,259
10338,Dr. Vikas Gupta,Karad,Measles,Pediatrician,2,4.7,999
10339,Dr. Rahul Sharma,Shirdi,Cold,General Physician,22,4.7,1078
10340,Dr. Priya Joshi,Gadchiroli,Asthma,Pulmonologist,23,4.8,537
10341,Dr. Kiran Shinde,Wardha,Flu,General Physician,27,4.3,1491
10342,Dr. Neha Kulkarni,Washim,Flu,General Physician,35,4.1,583
10343,Dr. Kiran Gupta,Beed,Cold,General Physician,28,4.9,253
10344,Dr. Sneha Sharma,Buldhana,Diabetes,Endocrinologist,11,3.8,368
10345,Dr. Rohit Shinde,Kopargaon,Dengue,Infectious Disease,31,3.6,423
10346,Dr. Vikas Patil,Jalna,Food Poisoning,Gastroenterologist,9,4.3,749
10347,Dr. Neha Gupta,Ichalkaranji,Cold,General Physician,34,4.8,877
10348,Dr. Neha Sharma,Dombivli,Food Poisoning,Gastroenterologist,31,4.6,1419
10349,Dr. Pooja Deshmukh,Beed,Cold,General Physician,12,4.4,216
10350,Dr. Neha Jadhav,Malkapur,Jaundice,Hepatologist,23,4.3,1161
10351,Dr. Rahul Kulkarni,Kopargaon,Migraine,Neurologist,5,4.0,1423
10352,Dr. Pooja Sharma,Sindhudurg,Dengue,Infectious Disease,20,3.9,559
10353,Dr. Priya Deshmukh,Warora,Jaundice,Hepatologist,21,4.6,200
10354,Dr. Pooja Jadhav,Nashik,Jaundice,Hepatologist,30,4.4,235
10355,Dr. Neha Patil,Wardha,Asthma,Pulmonologist,5,5.0,873
10356,Dr. Vikas Kulkarni,Ichalkaranji,Asthma,Pulmonologist,16,4.4,1108
10357,Dr. Pooja Sharma,Phaltan,Diabetes,Endocrinologist,18,3.9,1009
10358,Dr. Anil Jadhav,Ratnagiri,Cold,General Physician,16,4.6,611
10359,Dr. Kiran Joshi,Raigad,Jaundice,Hepatologist,4,3.7,1367
10360,Dr. Priya Joshi,Savner,Cold,General Physician,17,5.0,387
10361,Dr. Priya Shinde,Kalyan,Asthma,Pulmonologist,10,3.5,1246
10362,Dr. Amit Sharma,Chiplun,Dengue,Infectious Disease,3,4.0,993
10363,Dr. Pooja Patil,Sillod,Malaria,Infectious Disease,27,4.4,1426
10364,Dr. Anil Patil,Parli,Measles,Pediatrician,16,3.6,1274
10365,Dr. Rohit Sharma,Pandharpur,Chickenpox,Dermatologist,16,4.0,1331
10366,Dr. Anil Gupta,Ichalkaranji,Arthritis,Orthopedic,10,4.5,1187
10367,Dr. Neha Gupta,Raigad,Typhoid,General Physician,5,4.1,935
10368,Dr. Pooja Jadhav,Satara,Typhoid,General Physician,2,3.5,973
10369,Dr. Amit Shinde,Warora,Food Poisoning,Gastroenterologist,6,4.2,1456
10370,Dr. Pooja Shinde,Washim,Arthritis,Orthopedic,11,4.0,728
10371,Dr. Rahul Deshmukh,Amravati,Typhoid,General Physician,25,4.9,313
10372,Dr. Neha Jadhav,Beed,Asthma,Pulmonologist,24,4.1,270
10373,Dr. Pooja Sharma,Panvel,Food Poisoning,Gastroenterologist,15,4.2,941
10374,Dr. Neha Shinde,Pune,Typhoid,General Physician,17,3.6,400
10375,Dr. Amit Shinde,Kalyan,Dengue,Infectious Disease,9,4.8,836
10376,Dr. Kiran Deshmukh,Thane,Asthma,Pulmonologist,19,3.5,1385
10377,Dr. Anil Joshi,Mumbai,Migraine,Neurologist,7,4.8,995
10378,Dr. Amit Patil,Pandharpur,Jaundice,Hepatologist,3,4.1,617
10379,Dr. Kiran Deshmukh,Pune,Cold,General Physician,34,4.4,516
10380,Dr. Vikas Jadhav,Selu,Cold,General Physician,18,4.8,709
10381,Dr. Vikas Patil,Jalna,Malaria,Infectious Disease,19,4.1,1060
10382,Dr. Rohit Gupta,Phaltan,Measles,Pediatrician,8,4.6,687
10383,Dr. Priya Sharma,Parli,Migraine,Neurologist,24,4.9,1093
10384,Dr. Vikas Shinde,Parli,Dengue,Infectious Disease,34,4.4,1327
10385,Dr. Vikas Joshi,Jalgaon,Typhoid,General Physician,25,4.5,1388
10386,Dr. Neha Patil,Solapur,COVID-19,Pulmonologist,32,4.1,1347
10387,Dr. Kiran Joshi,Achalpur,Dengue,Infectious Disease,33,4.0,760
10388,Dr. Amit Kulkarni,Phaltan,COVID-19,Pulmonologist,5,3.7,1440
10389,Dr. Rahul Deshmukh,Yavatmal,COVID-19,Pulmonologist,30,4.4,1154
10390,Dr. Neha Joshi,Ichalkaranji,Malaria,Infectious Disease,12,4.4,437
10391,Dr. Priya Deshmukh,Ambajogai,Arthritis,Orthopedic,26,4.6,760
10392,Dr. Amit Patil,Jalna,Cold,General Physician,4,4.8,439
10393,Dr. Amit Sharma,Palghar,Dengue,Infectious Disease,31,4.7,1446
10394,Dr. Pooja Jadhav,Sangli,Malaria,Infectious Disease,23,3.7,615
10395,Dr. Kiran Sharma,Chandrapur,Malaria,Infectious Disease,28,4.9,722
10396,Dr. Vikas Shinde,Sindhudurg,Cold,General Physician,33,3.5,580
10397,Dr. Vikas Shinde,Baramati,Asthma,Pulmonologist,8,4.0,632
10398,Dr. Rohit Sharma,Ichalkaranji,Malaria,Infectious Disease,16,4.6,1285
10399,Dr. Vikas Patil,Karad,COVID-19,Pulmonologist,21,3.8,613
10400,Dr. Anil Gupta,Wardha,Cold,General Physician,32,3.5,410
10401,Dr. Kiran Sharma,Nanded,Typhoid,General Physician,25,3.9,710
10402,Dr. Pooja Jadhav,Satara,Flu,General Physician,19,4.5,1260
10403,Dr. Anil Joshi,Alibaug,Diabetes,Endocrinologist,5,3.9,1348
10404,Dr. Amit Deshmukh,Ballarpur,Jaundice,Hepatologist,12,4.5,406
10405,Dr. Vikas Patil,Sangli,Flu,General Physician,27,3.8,563
10406,Dr. Pooja Kulkarni,Chiplun,Flu,General Physician,9,4.9,1053
10407,Dr. Vikas Sharma,Solapur,Chickenpox,Dermatologist,20,3.7,1137
10408,Dr. Amit Deshmukh,Ratnagiri,Chickenpox,Dermatologist,14,3.8,1055
10409,Dr. Neha Shinde,Virar,Flu,General Physician,11,4.4,1070
10410,Dr. Rahul Sharma,Akola,Measles,Pediatrician,8,3.6,256
10411,Dr. Kiran Gupta,Sillod,Migraine,Neurologist,5,4.1,1325
10412,Dr. Rahul Patil,Jalgaon,Flu,General Physician,7,3.7,1032
10413,Dr. Neha Jadhav,Kopargaon,Malaria,Infectious Disease,29,4.7,568
10414,Dr. Anil Shinde,Nanded,Migraine,Neurologist,10,4.4,848
10415,Dr. Vikas Gupta,Sillod,COVID-19,Pulmonologist,12,4.7,1125
10416,Dr. Sneha Shinde,Udgir,Cold,General Physician,10,4.4,1497
10417,Dr. Vikas Sharma,Gondia,Measles,Pediatrician,20,4.2,373
10418,Dr. Priya Deshmukh,Beed,Cold,General Physician,33,4.0,837
10419,Dr. Anil Patil,Baramati,Arthritis,Orthopedic,27,4.4,831
10420,Dr. Pooja Deshmukh,Gondia,Malaria,Infectious Disease,10,3.8,712
10421,Dr. Pooja Shinde,Ballarpur,Jaundice,Hepatologist,34,4.2,430
10422,Dr. Rohit Joshi,Ambajogai,Flu,General Physician,17,4.9,561
10423,Dr. Kiran Patil,Gadchiroli,Cold,General Physician,14,4.1,1047
10424,Dr. Neha Shinde,Baramati,Malaria,Infectious Disease,20,5.0,1166
10425,Dr. Rahul Shinde,Wardha,Diabetes,Endocrinologist,24,3.7,1412
10426,Dr. Amit Shinde,Bhandara,Typhoid,General Physician,34,4.3,299
10427,Dr. Rahul Patil,Parbhani,Chickenpox,Dermatologist,34,4.1,225
10428,Dr. Priya Shinde,Kalyan,Measles,Pediatrician,26,3.7,788
10429,Dr. Vikas Jadhav,Yavatmal,Malaria,Infectious Disease,19,4.2,952
10430,Dr. Anil Shinde,Malkapur,Flu,General Physician,11,3.7,903
10431,Dr. Vikas Joshi,Ratnagiri,Flu,General Physician,13,3.9,1064
10432,Dr. Kiran Joshi,Jalgaon,Typhoid,General Physician,1,4.3,1229
10433,Dr. Pooja Kulkarni,Warora,Measles,Pediatrician,4,4.7,1143
10434,Dr. Vikas Patil,Selu,Diabetes,Endocrinologist,19,3.6,1062
10435,Dr. Pooja Gupta,Ballarpur,Arthritis,Orthopedic,23,4.0,210
10436,Dr. Amit Patil,Udgir,Asthma,Pulmonologist,5,3.9,231
10437,Dr. Pooja Jadhav,Arvi,Arthritis,Orthopedic,26,3.5,451
10438,Dr. Pooja Joshi,Sindhudurg,Measles,Pediatrician,24,3.6,824
10439,Dr. Priya Deshmukh,Sillod,Chickenpox,Dermatologist,22,4.0,1004
10440,Dr. Anil Jadhav,Ambajogai,Dengue,Infectious Disease,1,4.6,495
10441,Dr. Rahul Deshmukh,Dhule,Food Poisoning,Gastroenterologist,29,4.5,419
10442,Dr. Rahul Patil,Amravati,Measles,Pediatrician,4,3.8,644
10443,Dr. Neha Jadhav,Udgir,Migraine,Neurologist,12,4.5,443
10444,Dr. Kiran Joshi,Pune,COVID-19,Pulmonologist,6,4.3,332
10445,Dr. Amit Shinde,Loha,Flu,General Physician,14,4.9,1331
10446,Dr. Anil Kulkarni,Washim,Malaria,Infectious Disease,4,3.6,806
10447,Dr. Sneha Patil,Raigad,Cold,General Physician,19,4.7,1087
10448,Dr. Sneha Gupta,Akola,Chickenpox,Dermatologist,18,4.3,1336
10449,Dr. Neha Sharma,Wardha,Flu,General Physician,33,4.2,1014
10450,Dr. Vikas Deshmukh,Loha,Arthritis,Orthopedic,24,3.8,791
10451,Dr. Vikas Kulkarni,Raigad,Cold,General Physician,26,4.2,472
10452,Dr. Pooja Shinde,Sillod,Typhoid,General Physician,25,4.8,1424
10453,Dr. Amit Patil,Phaltan,Dengue,Infectious Disease,6,4.7,638
10454,Dr. Sneha Sharma,Digras,Chickenpox,Dermatologist,6,3.6,392
10455,Dr. Neha Kulkarni,Udgir,Measles,Pediatrician,17,4.5,1010
10456,Dr. Neha Gupta,Dombivli,Arthritis,Orthopedic,23,4.8,987
10457,Dr. Vikas Deshmukh,Digras,Malaria,Infectious Disease,31,4.2,649
10458,Dr. Anil Jadhav,Gondia,Chickenpox,Dermatologist,27,3.7,1311
10459,Dr. Kiran Patil,Jalna,Chickenpox,Dermatologist,23,4.7,1460
10460,Dr. Vikas Sharma,Palghar,Chickenpox,Dermatologist,22,4.6,1471
10461,Dr. Priya Patil,Sindhudurg,Typhoid,General Physician,3,4.4,1203
10462,Dr. Pooja Patil,Virar,Diabetes,Endocrinologist,31,3.7,1341
10463,Dr. Sneha Shinde,Hingoli,COVID-19,Pulmonologist,24,4.3,1222
10464,Dr. Pooja Joshi,Phaltan,Measles,Pediatrician,18,4.4,927
10465,Dr. Kiran Shinde,Vasai,Dengue,Infectious Disease,16,3.8,279
10466,Dr. Amit Patil,Chandrapur,Flu,General Physician,7,4.9,553
10467,Dr. Rohit Shinde,Pandharpur,Cold,General Physician,21,4.5,282
10468,Dr. Kiran Joshi,Digras,Cold,General Physician,5,3.9,298
10469,Dr. Rohit Jadhav,Mumbai,Food Poisoning,Gastroenterologist,32,3.5,420
10470,Dr. Pooja Sharma,Warora,Diabetes,Endocrinologist,29,4.3,283
10471,Dr. Amit Deshmukh,Arvi,COVID-19,Pulmonologist,2,3.6,591
10472,Dr. Rohit Deshmukh,Mumbai,Dengue,Infectious Disease,9,4.9,1175
10473,Dr. Pooja Sharma,Kolhapur,Food Poisoning,Gastroenterologist,24,3.9,319
10474,Dr. Vikas Patil,Udgir,Food Poisoning,Gastroenterologist,16,3.9,358
10475,Dr. Neha Jadhav,Virar,Food Poisoning,Gastroenterologist,12,4.8,1199
10476,Dr. Rohit Jadhav,Dombivli,Malaria,Infectious Disease,4,3.6,433
10477,Dr. Pooja Kulkarni,Nagpur,Diabetes,Endocrinologist,10,4.8,375
10478,Dr. Sneha Sharma,Pandharpur,Flu,General Physician,11,4.8,932
10479,Dr. Priya Jadhav,Dombivli,Chickenpox,Dermatologist,32,3.7,1034
10480,Dr. Rohit Patil,Aurangabad,Dengue,Infectious Disease,9,3.5,525
10481,Dr. Pooja Jadhav,Osmanabad,Asthma,Pulmonologist,24,5.0,269
10482,Dr. Sneha Gupta,Satara,Arthritis,Orthopedic,1,4.8,265
10483,Dr. Neha Jadhav,Satara,COVID-19,Pulmonologist,2,3.9,257
10484,Dr. Neha Shinde,Sillod,Flu,General Physician,18,3.9,1272
10485,Dr. Rohit Joshi,Nanded,Dengue,Infectious Disease,17,4.9,421
10486,Dr. Anil Kulkarni,Virar,Chickenpox,Dermatologist,35,3.9,709
10487,Dr. Rahul Sharma,Warora,Food Poisoning,Gastroenterologist,3,4.2,700
10488,Dr. Rahul Joshi,Selu,Jaundice,Hepatologist,20,4.4,1001
10489,Dr. Sneha Kulkarni,Selu,Food Poisoning,Gastroenterologist,1,4.4,779
10490,Dr. Neha Kulkarni,Manmad,Chickenpox,Dermatologist,30,3.8,265
10491,Dr. Rohit Joshi,Shegaon,Flu,General Physician,3,3.7,1192
10492,Dr. Kiran Deshmukh,Jalgaon,Asthma,Pulmonologist,22,4.6,1418
10493,Dr. Neha Sharma,Chandrapur,Arthritis,Orthopedic,17,4.6,849
10494,Dr. Rahul Gupta,Kolhapur,Jaundice,Hepatologist,28,4.2,257
10495,Dr. Rahul Sharma,Virar,Measles,Pediatrician,26,4.9,1026
10496,Dr. Amit Patil,Satara,COVID-19,Pulmonologist,29,4.7,341
10497,Dr. Anil Jadhav,Raigad,Migraine,Neurologist,2,4.0,1005
10498,Dr. Amit Jadhav,Parli,Food Poisoning,Gastroenterologist,32,3.6,1164
10499,Dr. Priya Shinde,Sindhudurg,Arthritis,Orthopedic,21,4.3,825
10500,Dr. Kiran Deshmukh,Ballarpur,Migraine,Neurologist,30,4.9,454
10501,Dr. Priya Jadhav,Wardha,Dengue,Infectious Disease,23,4.6,1284
10502,Dr. Neha Sharma,Ulhasnagar,Flu,General Physician,25,3.9,801
10503,Dr. Vikas Jadhav,Sindhudurg,Food Poisoning,Gastroenterologist,33,4.0,952
10504,Dr. Neha Deshmukh,Wardha,Measles,Pediatrician,16,4.6,1439
10505,Dr. Vikas Jadhav,Jalna,Jaundice,Hepatologist,1,4.4,675
10506,Dr. Neha Deshmukh,Nagpur,Food Poisoning,Gastroenterologist,11,4.9,898
10507,Dr. Rahul Shinde,Kolhapur,Arthritis,Orthopedic,3,4.5,545
10508,Dr. Kiran Shinde,Nagpur,Dengue,Infectious Disease,3,4.1,687
10509,Dr. Kiran Sharma,Arvi,Jaundice,Hepatologist,22,4.4,1411
10510,Dr. Rohit Sharma,Nagpur,Measles,Pediatrician,7,3.9,687
10511,Dr. Sneha Joshi,Virar,Chickenpox,Dermatologist,21,4.6,358
10512,Dr. Kiran Joshi,Manmad,Malaria,Infectious Disease,5,4.9,287
10513,Dr. Amit Shinde,Ambajogai,Migraine,Neurologist,13,4.6,1485
10514,Dr. Neha Gupta,Bhandara,Migraine,Neurologist,3,4.7,495
10515,Dr. Rohit Jadhav,Chiplun,Arthritis,Orthopedic,16,3.6,254
10516,Dr. Sneha Kulkarni,Shirdi,Cold,General Physician,2,4.0,780
10517,Dr. Neha Joshi,Ambajogai,Dengue,Infectious Disease,31,3.8,1216
10518,Dr. Rahul Gupta,Warora,Asthma,Pulmonologist,18,3.7,742
10519,Dr. Neha Jadhav,Bhandara,Asthma,Pulmonologist,15,3.5,1116
10520,Dr. Anil Gupta,Achalpur,Cold,General Physician,34,3.7,1106
10521,Dr. Sneha Gupta,Achalpur,Migraine,Neurologist,17,3.9,413
10522,Dr. Rahul Kulkarni,Ahmednagar,Migraine,Neurologist,25,4.2,277
10523,Dr. Vikas Joshi,Parbhani,Malaria,Infectious Disease,33,4.4,651
10524,Dr. Neha Deshmukh,Jalna,Arthritis,Orthopedic,6,3.8,834
10525,Dr. Priya Kulkarni,Hingoli,Diabetes,Endocrinologist,30,3.7,454
10526,Dr. Rahul Kulkarni,Chiplun,Cold,General Physician,17,4.5,865
10527,Dr. Rohit Kulkarni,Pune,Dengue,Infectious Disease,35,3.9,1091
10528,Dr. Pooja Jadhav,Malkapur,Dengue,Infectious Disease,16,4.1,316
10529,Dr. Rohit Sharma,Panvel,Cold,General Physician,35,4.1,359
10530,Dr. Amit Sharma,Virar,Migraine,Neurologist,9,4.2,534
10531,Dr. Sneha Joshi,Selu,Measles,Pediatrician,15,4.2,981
10532,Dr. Anil Shinde,Karad,Flu,General Physician,34,4.7,224
10533,Dr. Anil Shinde,Chandrapur,Chickenpox,Dermatologist,28,3.5,709
10534,Dr. Priya Shinde,Selu,COVID-19,Pulmonologist,12,4.3,336
10535,Dr. Rohit Shinde,Shirdi,Arthritis,Orthopedic,31,3.7,807
10536,Dr. Kiran Sharma,Warora,Malaria,Infectious Disease,12,3.8,1440
10537,Dr. Rahul Shinde,Sangli,Asthma,Pulmonologist,9,3.7,1444
10538,Dr. Priya Shinde,Ulhasnagar,Measles,Pediatrician,35,3.6,1439
10539,Dr. Sneha Jadhav,Latur,Dengue,Infectious Disease,9,4.0,1378
10540,Dr. Rohit Jadhav,Hingoli,COVID-19,Pulmonologist,27,3.5,1446
10541,Dr. Kiran Patil,Thane,Arthritis,Orthopedic,34,3.7,559
10542,Dr. Anil Gupta,Amravati,Asthma,Pulmonologist,25,4.3,357
10543,Dr. Vikas Deshmukh,Parbhani,Migraine,Neurologist,31,4.1,203
10544,Dr. Anil Kulkarni,Dhule,Cold,General Physician,2,3.6,1250
10545,Dr. Sneha Sharma,Baramati,Measles,Pediatrician,29,4.7,570
10546,Dr. Pooja Patil,Solapur,Asthma,Pulmonologist,30,3.9,375
10547,Dr. Neha Deshmukh,Thane,Food Poisoning,Gastroenterologist,6,3.9,1104
10548,Dr. Rahul Patil,Pune,Food Poisoning,Gastroenterologist,30,3.8,932
10549,Dr. Pooja Shinde,Sangli,Flu,General Physician,24,4.3,815
10550,Dr. Amit Gupta,Mira Road,Typhoid,General Physician,35,3.6,1271
10551,Dr. Vikas Joshi,Achalpur,Measles,Pediatrician,4,4.1,1474
10552,Dr. Sneha Joshi,Virar,Cold,General Physician,30,4.1,250
10553,Dr. Sneha Jadhav,Ambajogai,Dengue,Infectious Disease,20,3.7,1264
10554,Dr. Amit Kulkarni,Parbhani,Cold,General Physician,16,4.7,1091
10555,Dr. Anil Kulkarni,Shirdi,Arthritis,Orthopedic,15,3.7,677
10556,Dr. Pooja Kulkarni,Kopargaon,Cold,General Physician,16,4.1,310
10557,Dr. Kiran Joshi,Manmad,Chickenpox,Dermatologist,33,3.9,1301
10558,Dr. Vikas Kulkarni,Karad,Malaria,Infectious Disease,32,4.8,1114
10559,Dr. Vikas Kulkarni,Shirdi,Typhoid,General Physician,7,4.2,1240
10560,Dr. Anil Gupta,Nashik,Diabetes,Endocrinologist,22,4.4,1408
10561,Dr. Sneha Patil,Ratnagiri,COVID-19,Pulmonologist,13,4.5,302
10562,Dr. Neha Sharma,Gadchiroli,Chickenpox,Dermatologist,13,3.9,1188
10563,Dr. Anil Sharma,Malegaon,Jaundice,Hepatologist,26,3.8,1163
10564,Dr. Vikas Deshmukh,Gadchiroli,Diabetes,Endocrinologist,5,4.9,203
10565,Dr. Kiran Jadhav,Washim,Migraine,Neurologist,15,3.6,1393
10566,Dr. Pooja Deshmukh,Virar,Arthritis,Orthopedic,20,3.6,509
10567,Dr. Anil Gupta,Ambajogai,Arthritis,Orthopedic,28,4.2,681
10568,Dr. Neha Deshmukh,Parbhani,Cold,General Physician,8,4.4,1017
10569,Dr. Priya Joshi,Malkapur,Jaundice,Hepatologist,20,3.8,957
10570,Dr. Pooja Joshi,Chandrapur,Food Poisoning,Gastroenterologist,2,4.9,752
10571,Dr. Pooja Patil,Dhule,COVID-19,Pulmonologist,35,3.8,615
10572,Dr. Vikas Kulkarni,Dhule,Typhoid,General Physician,17,4.3,633
10573,Dr. Amit Deshmukh,Amravati,Cold,General Physician,6,3.7,614
10574,Dr. Kiran Gupta,Aurangabad,Cold,General Physician,9,4.0,1364
10575,Dr. Sneha Deshmukh,Ballarpur,Dengue,Infectious Disease,4,4.6,1442
10576,Dr. Amit Jadhav,Jalna,Measles,Pediatrician,34,3.5,1299
10577,Dr. Amit Kulkarni,Yavatmal,Typhoid,General Physician,17,4.0,1449
10578,Dr. Sneha Sharma,Bhandara,Arthritis,Orthopedic,17,4.9,957
10579,Dr. Pooja Patil,Wardha,Food Poisoning,Gastroenterologist,32,3.9,778
10580,Dr. Vikas Jadhav,Phaltan,Asthma,Pulmonologist,5,3.7,1200
10581,Dr. Pooja Joshi,Palghar,Jaundice,Hepatologist,1,4.3,699
10582,Dr. Priya Shinde,Karad,Food Poisoning,Gastroenterologist,14,4.5,543
10583,Dr. Pooja Patil,Nagpur,Diabetes,Endocrinologist,34,3.8,1161
10584,Dr. Rahul Jadhav,Alibaug,Arthritis,Orthopedic,15,3.7,449
10585,Dr. Priya Joshi,Savner,COVID-19,Pulmonologist,7,4.8,291
10586,Dr. Neha Gupta,Osmanabad,Migraine,Neurologist,13,3.6,733
10587,Dr. Sneha Patil,Ichalkaranji,Cold,General Physician,12,3.9,867
10588,Dr. Pooja Kulkarni,Osmanabad,Arthritis,Orthopedic,17,4.5,578
10589,Dr. Kiran Shinde,Akola,Arthritis,Orthopedic,7,4.4,323
10590,Dr. Amit Kulkarni,Sillod,Jaundice,Hepatologist,28,3.6,1371
10591,Dr. Pooja Joshi,Chiplun,Dengue,Infectious Disease,15,3.5,1099
10592,Dr. Rahul Sharma,Palghar,Dengue,Infectious Disease,27,3.6,1015
10593,Dr. Amit Jadhav,Solapur,Dengue,Infectious Disease,3,3.6,877
10594,Dr. Priya Gupta,Vasai,Chickenpox,Dermatologist,31,4.5,706
10595,Dr. Rohit Kulkarni,Ballarpur,Flu,General Physician,30,4.5,975
10596,Dr. Pooja Sharma,Akola,Measles,Pediatrician,28,3.8,286
10597,Dr. Neha Joshi,Kopargaon,Asthma,Pulmonologist,32,4.7,383
10598,Dr. Anil Joshi,Sangli,Chickenpox,Dermatologist,28,4.0,878
10599,Dr. Priya Jadhav,Aurangabad,Flu,General Physician,33,4.7,1224
10600,Dr. Kiran Deshmukh,Panvel,Cold,General Physician,21,4.0,750
10601,Dr. Kiran Patil,Kolhapur,Measles,Pediatrician,30,3.9,1188
10602,Dr. Rahul Deshmukh,Gondia,Arthritis,Orthopedic,24,4.6,349
10603,Dr. Neha Gupta,Parbhani,Diabetes,Endocrinologist,31,4.0,811
10604,Dr. Amit Kulkarni,Kalyan,Diabetes,Endocrinologist,8,3.6,537
10605,Dr. Kiran Deshmukh,Thane,Arthritis,Orthopedic,7,4.9,862
10606,Dr. Kiran Patil,Jalna,Migraine,Neurologist,32,4.2,247
10607,Dr. Kiran Sharma,Parli,Food Poisoning,Gastroenterologist,23,4.1,945
10608,Dr. Neha Gupta,Virar,COVID-19,Pulmonologist,11,4.6,510
10609,Dr. Rohit Gupta,Osmanabad,Asthma,Pulmonologist,13,4.1,330
10610,Dr. Kiran Gupta,Raigad,Asthma,Pulmonologist,35,4.9,791
10611,Dr. Vikas Deshmukh,Ambajogai,Typhoid,General Physician,20,3.5,1192
10612,Dr. Priya Jadhav,Gondia,Malaria,Infectious Disease,18,4.9,698
10613,Dr. Anil Shinde,Gondia,Cold,General Physician,30,4.5,833
10614,Dr. Kiran Shinde,Chiplun,Diabetes,Endocrinologist,16,3.5,296
10615,Dr. Kiran Jadhav,Ambajogai,Cold,General Physician,12,4.3,420
10616,Dr. Sneha Gupta,Mira Road,Food Poisoning,Gastroenterologist,20,3.6,1232
10617,Dr. Sneha Gupta,Gadchiroli,Typhoid,General Physician,33,4.9,252
10618,Dr. Anil Shinde,Thane,Malaria,Infectious Disease,29,4.9,574
10619,Dr. Amit Joshi,Aurangabad,Food Poisoning,Gastroenterologist,22,4.4,746
10620,Dr. Priya Joshi,Chandrapur,Migraine,Neurologist,26,4.0,773
10621,Dr. Kiran Gupta,Digras,COVID-19,Pulmonologist,11,3.8,802
10622,Dr. Priya Shinde,Chandrapur,Jaundice,Hepatologist,16,4.9,1072
10623,Dr. Pooja Deshmukh,Phaltan,Measles,Pediatrician,2,4.4,1291
10624,Dr. Priya Patil,Sangli,Dengue,Infectious Disease,7,4.8,479
10625,Dr. Vikas Joshi,Savner,Migraine,Neurologist,35,3.8,669
10626,Dr. Sneha Kulkarni,Mumbai,Arthritis,Orthopedic,34,3.7,747
10627,Dr. Rohit Shinde,Ichalkaranji,Chickenpox,Dermatologist,30,3.6,371
10628,Dr. Pooja Patil,Parbhani,Jaundice,Hepatologist,6,4.7,1464
10629,Dr. Sneha Jadhav,Karad,Measles,Pediatrician,20,4.3,439
10630,Dr. Rahul Gupta,Palghar,Dengue,Infectious Disease,20,3.9,1405
10631,Dr. Pooja Shinde,Jalna,Food Poisoning,Gastroenterologist,8,3.8,1137
10632,Dr. Sneha Sharma,Osmanabad,Flu,General Physician,13,3.8,353
10633,Dr. Kiran Sharma,Aurangabad,Typhoid,General Physician,19,4.5,529
10634,Dr. Vikas Kulkarni,Malkapur,Measles,Pediatrician,7,4.2,661
10635,Dr. Rohit Gupta,Sangli,Asthma,Pulmonologist,32,4.0,724
10636,Dr. Rohit Deshmukh,Palghar,COVID-19,Pulmonologist,23,3.8,1021
10637,Dr. Amit Joshi,Thane,Malaria,Infectious Disease,28,3.8,709
10638,Dr. Pooja Shinde,Hingoli,Typhoid,General Physician,8,4.6,232
10639,Dr. Amit Deshmukh,Kalyan,Flu,General Physician,6,4.8,770
10640,Dr. Anil Kulkarni,Beed,Typhoid,General Physician,2,3.6,1096
10641,Dr. Vikas Shinde,Bhandara,Cold,General Physician,13,4.5,434
10642,Dr. Kiran Jadhav,Raigad,Measles,Pediatrician,34,3.5,572
10643,Dr. Rahul Gupta,Savner,Arthritis,Orthopedic,7,3.9,287
10644,Dr. Priya Patil,Karad,Dengue,Infectious Disease,16,4.4,223
10645,Dr. Kiran Deshmukh,Shegaon,Typhoid,General Physician,2,4.1,1262
10646,Dr. Anil Kulkarni,Achalpur,Asthma,Pulmonologist,14,4.7,1370
10647,Dr. Vikas Patil,Achalpur,Flu,General Physician,27,4.9,1258
10648,Dr. Vikas Shinde,Parli,Jaundice,Hepatologist,6,3.8,316
10649,Dr. Priya Joshi,Virar,Measles,Pediatrician,9,4.9,291
10650,Dr. Vikas Gupta,Alibaug,Dengue,Infectious Disease,5,3.8,980
10651,Dr. Sneha Sharma,Kolhapur,Diabetes,Endocrinologist,27,4.7,1241
10652,Dr. Neha Patil,Udgir,Flu,General Physician,9,5.0,1069
10653,Dr. Rahul Gupta,Kopargaon,Arthritis,Orthopedic,1,4.0,1401
10654,Dr. Amit Joshi,Yavatmal,Asthma,Pulmonologist,5,4.2,968
10655,Dr. Vikas Shinde,Mumbai,Diabetes,Endocrinologist,9,3.9,238
10656,Dr. Kiran Gupta,Dombivli,Migraine,Neurologist,22,4.5,425
10657,Dr. Amit Sharma,Ahmednagar,Chickenpox,Dermatologist,34,4.5,556
10658,Dr. Vikas Deshmukh,Nagpur,Arthritis,Orthopedic,14,3.5,1282
10659,Dr. Anil Shinde,Chiplun,Measles,Pediatrician,2,3.5,858
10660,Dr. Rohit Shinde,Mira Road,Migraine,Neurologist,28,3.8,355
10661,Dr. Rohit Patil,Malegaon,COVID-19,Pulmonologist,20,3.8,353
10662,Dr. Anil Kulkarni,Dhule,Dengue,Infectious Disease,32,3.5,606
10663,Dr. Anil Kulkarni,Parbhani,Diabetes,Endocrinologist,13,4.8,584
10664,Dr. Rahul Sharma,Sangli,Typhoid,General Physician,22,4.6,426
10665,Dr. Kiran Sharma,Karad,Measles,Pediatrician,35,4.4,429
10666,Dr. Sneha Kulkarni,Washim,Flu,General Physician,9,4.5,495
10667,Dr. Amit Patil,Malkapur,Diabetes,Endocrinologist,8,4.4,513
10668,Dr. Neha Sharma,Phaltan,Dengue,Infectious Disease,27,4.1,452
10669,Dr. Sneha Joshi,Warora,Cold,General Physician,7,4.4,379
10670,Dr. Amit Sharma,Panvel,Diabetes,Endocrinologist,3,4.4,846
10671,Dr. Kiran Shinde,Warora,Arthritis,Orthopedic,17,3.6,588
10672,Dr. Rohit Jadhav,Arvi,Flu,General Physician,23,4.8,1256
10673,Dr. Anil Joshi,Parli,Malaria,Infectious Disease,5,4.2,297
10674,Dr. Anil Sharma,Alibaug,Arthritis,Orthopedic,5,5.0,1039
10675,Dr. Vikas Shinde,Shirdi,Typhoid,General Physician,10,4.2,377
10676,Dr. Rahul Jadhav,Panvel,Jaundice,Hepatologist,10,4.6,789
10677,Dr. Amit Joshi,Beed,Arthritis,Orthopedic,11,4.9,430
10678,Dr. Anil Joshi,Pune,COVID-19,Pulmonologist,23,4.6,460
10679,Dr. Rohit Shinde,Akola,Measles,Pediatrician,1,3.5,948
10680,Dr. Anil Jadhav,Ulhasnagar,Chickenpox,Dermatologist,16,3.8,664
10681,Dr. Amit Jadhav,Parli,Migraine,Neurologist,11,4.4,1278
10682,Dr. Rohit Kulkarni,Phaltan,Flu,General Physician,16,4.8,764
10683,Dr. Priya Sharma,Panvel,Measles,Pediatrician,4,4.1,574
10684,Dr. Rohit Deshmukh,Parbhani,Malaria,Infectious Disease,4,4.0,892
10685,Dr. Amit Sharma,Ulhasnagar,Dengue,Infectious Disease,20,4.6,728
10686,Dr. Amit Deshmukh,Mira Road,Diabetes,Endocrinologist,30,4.8,550
10687,Dr. Anil Sharma,Malkapur,Dengue,Infectious Disease,21,3.7,1133
10688,Dr. Vikas Jadhav,Malegaon,Food Poisoning,Gastroenterologist,7,4.3,405
10689,Dr. Anil Patil,Achalpur,Malaria,Infectious Disease,25,4.5,876
10690,Dr. Vikas Gupta,Nagpur,Food Poisoning,Gastroenterologist,10,4.9,1445
10691,Dr. Amit Shinde,Bhandara,Food Poisoning,Gastroenterologist,10,5.0,1063
10692,Dr. Pooja Gupta,Jalna,Cold,General Physician,6,3.7,686
10693,Dr. Priya Gupta,Shirdi,Chickenpox,Dermatologist,28,4.0,1258
10694,Dr. Anil Deshmukh,Latur,Measles,Pediatrician,10,4.9,1086
10695,Dr. Rahul Deshmukh,Gondia,Malaria,Infectious Disease,14,3.8,1397
10696,Dr. Neha Kulkarni,Sillod,Cold,General Physician,18,4.4,1199
10697,Dr. Neha Jadhav,Bhandara,COVID-19,Pulmonologist,4,4.6,1032
10698,Dr. Neha Sharma,Loha,Asthma,Pulmonologist,32,3.6,1258
10699,Dr. Vikas Sharma,Buldhana,Diabetes,Endocrinologist,26,4.3,1018
10700,Dr. Neha Joshi,Bhandara,Arthritis,Orthopedic,28,4.3,1057
10701,Dr. Priya Deshmukh,Osmanabad,Dengue,Infectious Disease,8,4.7,1376
10702,Dr. Rahul Sharma,Dombivli,Measles,Pediatrician,15,3.7,1421
10703,Dr. Rohit Patil,Hingoli,Diabetes,Endocrinologist,6,3.6,995
10704,Dr. Amit Patil,Phaltan,Arthritis,Orthopedic,28,4.1,1373
10705,Dr. Pooja Deshmukh,Sillod,Malaria,Infectious Disease,31,4.2,1348
10706,Dr. Pooja Kulkarni,Ratnagiri,Migraine,Neurologist,14,4.5,340
10707,Dr. Neha Deshmukh,Malkapur,Food Poisoning,Gastroenterologist,26,3.9,997
10708,Dr. Pooja Jadhav,Sindhudurg,Measles,Pediatrician,9,4.1,553
10709,Dr. Pooja Jadhav,Nashik,Measles,Pediatrician,35,4.6,294
10710,Dr. Priya Deshmukh,Mumbai,COVID-19,Pulmonologist,7,4.1,731
10711,Dr. Priya Patil,Digras,Chickenpox,Dermatologist,34,4.5,1281
10712,Dr. Sneha Sharma,Savner,Typhoid,General Physician,22,4.4,650
10713,Dr. Sneha Jadhav,Alibaug,Malaria,Infectious Disease,21,3.9,1276
10714,Dr. Sneha Sharma,Warora,Jaundice,Hepatologist,11,4.6,1365
10715,Dr. Amit Gupta,Buldhana,COVID-19,Pulmonologist,21,3.7,465
10716,Dr. Pooja Deshmukh,Kalyan,Cold,General Physician,18,4.4,1179
10717,Dr. Sneha Jadhav,Baramati,Diabetes,Endocrinologist,5,4.1,633
10718,Dr. Priya Patil,Achalpur,Diabetes,Endocrinologist,11,4.8,1304
10719,Dr. Pooja Patil,Udgir,Migraine,Neurologist,2,4.3,565
10720,Dr. Anil Joshi,Kolhapur,Food Poisoning,Gastroenterologist,13,4.0,263
10721,Dr. Priya Kulkarni,Aurangabad,Migraine,Neurologist,11,3.9,335
10722,Dr. Amit Jadhav,Washim,Typhoid,General Physician,11,4.4,804
10723,Dr. Sneha Shinde,Virar,Malaria,Infectious Disease,11,4.9,773
10724,Dr. Kiran Deshmukh,Digras,Jaundice,Hepatologist,15,3.9,486
10725,Dr. Vikas Gupta,Chiplun,COVID-19,Pulmonologist,2,4.2,1474
10726,Dr. Vikas Sharma,Malkapur,Jaundice,Hepatologist,12,3.8,444
10727,Dr. Vikas Patil,Latur,Typhoid,General Physician,27,3.5,1279
10728,Dr. Anil Jadhav,Malkapur,Food Poisoning,Gastroenterologist,22,4.3,1059
10729,Dr. Vikas Joshi,Raigad,Arthritis,Orthopedic,23,3.7,395
10730,Dr. Neha Shinde,Gadchiroli,Dengue,Infectious Disease,9,4.7,334
10731,Dr. Vikas Joshi,Shegaon,Jaundice,Hepatologist,7,3.6,1363
10732,Dr. Anil Gupta,Jalna,Cold,General Physician,4,4.6,915
10733,Dr. Pooja Joshi,Aurangabad,Arthritis,Orthopedic,14,4.2,1053
10734,Dr. Pooja Deshmukh,Chandrapur,COVID-19,Pulmonologist,29,4.4,290
10735,Dr. Kiran Joshi,Jalgaon,Arthritis,Orthopedic,29,4.0,1210
10736,Dr. Vikas Gupta,Beed,Asthma,Pulmonologist,28,4.2,993
10737,Dr. Pooja Deshmukh,Gondia,Migraine,Neurologist,28,4.6,1064
10738,Dr. Priya Kulkarni,Parli,Dengue,Infectious Disease,16,3.5,1041
10739,Dr. Pooja Sharma,Hingoli,COVID-19,Pulmonologist,8,4.7,1457
10740,Dr. Rahul Sharma,Digras,Malaria,Infectious Disease,20,4.6,576
10741,Dr. Kiran Gupta,Raigad,Malaria,Infectious Disease,11,4.7,239
10742,Dr. Anil Sharma,Malkapur,Diabetes,Endocrinologist,16,3.6,334
10743,Dr. Vikas Sharma,Buldhana,Arthritis,Orthopedic,6,4.5,599
10744,Dr. Sneha Jadhav,Beed,Dengue,Infectious Disease,25,4.5,869
10745,Dr. Sneha Shinde,Ballarpur,Typhoid,General Physician,28,4.3,277
10746,Dr. Amit Jadhav,Ballarpur,Measles,Pediatrician,3,4.8,283
10747,Dr. Vikas Deshmukh,Amravati,COVID-19,Pulmonologist,11,4.7,997
10748,Dr. Anil Sharma,Solapur,Measles,Pediatrician,26,4.1,302
10749,Dr. Rohit Sharma,Solapur,Arthritis,Orthopedic,19,4.3,477
10750,Dr. Priya Jadhav,Arvi,Asthma,Pulmonologist,25,4.8,325
10751,Dr. Rohit Jadhav,Wardha,Flu,General Physician,8,4.4,848
10752,Dr. Kiran Kulkarni,Sangli,Dengue,Infectious Disease,33,4.4,415
10753,Dr. Priya Patil,Palghar,Measles,Pediatrician,6,3.7,347
10754,Dr. Vikas Patil,Dombivli,Dengue,Infectious Disease,13,4.0,1123
10755,Dr. Anil Shinde,Sangli,Cold,General Physician,24,4.2,1152
10756,Dr. Rahul Patil,Palghar,Migraine,Neurologist,3,4.3,966
10757,Dr. Amit Joshi,Gondia,Cold,General Physician,24,4.7,815
10758,Dr. Vikas Gupta,Arvi,Jaundice,Hepatologist,1,4.1,441
10759,Dr. Pooja Sharma,Manmad,Flu,General Physician,34,4.9,397
10760,Dr. Pooja Joshi,Nashik,Migraine,Neurologist,3,4.1,1305
10761,Dr. Anil Kulkarni,Akola,Migraine,Neurologist,14,3.8,1350
10762,Dr. Amit Joshi,Latur,Malaria,Infectious Disease,32,4.5,1152
10763,Dr. Kiran Kulkarni,Chiplun,Jaundice,Hepatologist,7,4.3,1460
10764,Dr. Amit Kulkarni,Akola,Malaria,Infectious Disease,34,4.3,575
10765,Dr. Neha Shinde,Parbhani,Cold,General Physician,18,4.6,1491
10766,Dr. Vikas Shinde,Nanded,Food Poisoning,Gastroenterologist,25,4.7,747
10767,Dr. Priya Jadhav,Savner,Dengue,Infectious Disease,22,4.5,248
10768,Dr. Vikas Shinde,Shegaon,Arthritis,Orthopedic,24,3.5,436
10769,Dr. Priya Joshi,Sangli,Malaria,Infectious Disease,18,3.5,1051
10770,Dr. Kiran Jadhav,Palghar,Diabetes,Endocrinologist,6,4.4,858
10771,Dr. Neha Joshi,Ratnagiri,Dengue,Infectious Disease,8,4.9,829
10772,Dr. Rohit Kulkarni,Akola,Asthma,Pulmonologist,5,4.6,1221
10773,Dr. Amit Gupta,Sangli,Dengue,Infectious Disease,22,4.2,1034
10774,Dr. Pooja Deshmukh,Kalyan,Jaundice,Hepatologist,23,4.5,591
10775,Dr. Rahul Shinde,Malkapur,Dengue,Infectious Disease,32,3.8,1221
10776,Dr. Vikas Kulkarni,Osmanabad,Arthritis,Orthopedic,27,3.9,1282
10777,Dr. Sneha Deshmukh,Dhule,Malaria,Infectious Disease,35,3.8,1262
10778,Dr. Neha Gupta,Nashik,Cold,General Physician,19,4.0,726
10779,Dr. Vikas Sharma,Udgir,Flu,General Physician,7,3.9,1170
10780,Dr. Amit Gupta,Selu,Jaundice,Hepatologist,14,3.9,1188
10781,Dr. Neha Joshi,Ahmednagar,Jaundice,Hepatologist,12,5.0,226
10782,Dr. Rohit Patil,Nashik,Chickenpox,Dermatologist,34,4.6,544
10783,Dr. Sneha Shinde,Panvel,Flu,General Physician,20,4.9,308
10784,Dr. Amit Sharma,Raigad,Diabetes,Endocrinologist,25,4.1,504
10785,Dr. Pooja Jadhav,Digras,Asthma,Pulmonologist,14,3.8,791
10786,Dr. Priya Deshmukh,Hingoli,Asthma,Pulmonologist,32,4.9,718
10787,Dr. Vikas Jadhav,Mumbai,Malaria,Infectious Disease,21,4.2,1279
10788,Dr. Vikas Gupta,Vasai,Cold,General Physician,14,4.8,880
10789,Dr. Pooja Gupta,Latur,Diabetes,Endocrinologist,33,3.7,601
10790,Dr. Amit Jadhav,Achalpur,COVID-19,Pulmonologist,27,4.9,1464
10791,Dr. Priya Shinde,Dhule,Jaundice,Hepatologist,32,4.5,1233
10792,Dr. Sneha Deshmukh,Gadchiroli,Malaria,Infectious Disease,34,4.8,731
10793,Dr. Neha Shinde,Kalyan,Asthma,Pulmonologist,13,3.6,1049
10794,Dr. Pooja Kulkarni,Malegaon,Migraine,Neurologist,29,3.6,593
10795,Dr. Rohit Jadhav,Jalgaon,Chickenpox,Dermatologist,19,3.9,319
10796,Dr. Rahul Deshmukh,Karad,Asthma,Pulmonologist,1,4.1,1160
10797,Dr. Rohit Kulkarni,Vasai,Arthritis,Orthopedic,23,3.6,508
10798,Dr. Neha Jadhav,Sangli,Malaria,Infectious Disease,7,3.6,1404
10799,Dr. Amit Kulkarni,Parli,Jaundice,Hepatologist,5,4.2,1372
10800,Dr. Vikas Gupta,Sangli,Typhoid,General Physician,26,3.6,264
10801,Dr. Neha Sharma,Dhule,Arthritis,Orthopedic,22,3.8,1104
10802,Dr. Rohit Gupta,Savner,Flu,General Physician,27,3.6,269
10803,Dr. Kiran Shinde,Gadchiroli,Cold,General Physician,10,4.5,294
10804,Dr. Vikas Shinde,Jalgaon,Asthma,Pulmonologist,32,4.1,762
10805,Dr. Sneha Sharma,Beed,Asthma,Pulmonologist,32,3.5,628
10806,Dr. Priya Jadhav,Gondia,Dengue,Infectious Disease,32,4.4,1050
10807,Dr. Rohit Patil,Virar,Jaundice,Hepatologist,13,4.2,884
10808,Dr. Neha Patil,Palghar,Arthritis,Orthopedic,11,4.5,220
10809,Dr. Rahul Deshmukh,Shirdi,Typhoid,General Physician,27,4.3,955
10810,Dr. Rohit Patil,Arvi,Migraine,Neurologist,23,4.1,596
10811,Dr. Amit Shinde,Ichalkaranji,Dengue,Infectious Disease,11,4.2,1314
10812,Dr. Anil Patil,Malkapur,Food Poisoning,Gastroenterologist,9,4.6,1154
10813,Dr. Vikas Jadhav,Solapur,Diabetes,Endocrinologist,2,4.8,770
10814,Dr. Pooja Deshmukh,Loha,Arthritis,Orthopedic,26,4.8,227
10815,Dr. Sneha Patil,Gondia,Measles,Pediatrician,5,4.9,662
10816,Dr. Amit Patil,Jalgaon,COVID-19,Pulmonologist,16,3.8,1043
10817,Dr. Kiran Deshmukh,Nashik,Flu,General Physician,31,4.1,962
10818,Dr. Vikas Jadhav,Solapur,Food Poisoning,Gastroenterologist,18,4.1,357
10819,Dr. Rahul Kulkarni,Vasai,Arthritis,Orthopedic,22,4.2,410
10820,Dr. Rohit Gupta,Vasai,Flu,General Physician,3,4.8,669
10821,Dr. Anil Patil,Yavatmal,Dengue,Infectious Disease,2,4.9,1278
10822,Dr. Anil Joshi,Selu,Migraine,Neurologist,35,4.0,1490
10823,Dr. Vikas Patil,Jalna,Dengue,Infectious Disease,24,4.3,671
10824,Dr. Anil Shinde,Chandrapur,Cold,General Physician,1,4.5,260
10825,Dr. Neha Shinde,Jalna,Malaria,Infectious Disease,2,3.7,1205
10826,Dr. Kiran Sharma,Jalgaon,Malaria,Infectious Disease,2,4.8,1420
10827,Dr. Vikas Joshi,Nanded,Asthma,Pulmonologist,7,4.8,953
10828,Dr. Neha Gupta,Loha,Malaria,Infectious Disease,2,5.0,832
10829,Dr. Priya Joshi,Hingoli,Malaria,Infectious Disease,24,4.8,816
10830,Dr. Vikas Joshi,Latur,Flu,General Physician,25,4.2,1287
10831,Dr. Vikas Deshmukh,Malkapur,Arthritis,Orthopedic,16,4.4,1244
10832,Dr. Anil Joshi,Malkapur,Food Poisoning,Gastroenterologist,32,4.8,720
10833,Dr. Amit Joshi,Gondia,Chickenpox,Dermatologist,12,3.8,980
10834,Dr. Kiran Kulkarni,Buldhana,Malaria,Infectious Disease,5,4.1,1168
10835,Dr. Pooja Jadhav,Bhandara,Jaundice,Hepatologist,18,4.7,1011
10836,Dr. Kiran Patil,Malkapur,Malaria,Infectious Disease,13,3.8,996
10837,Dr. Sneha Gupta,Loha,Jaundice,Hepatologist,18,4.4,423
10838,Dr. Rahul Gupta,Bhandara,Chickenpox,Dermatologist,14,4.1,1103
10839,Dr. Pooja Sharma,Kolhapur,Asthma,Pulmonologist,25,4.6,1402
10840,Dr. Neha Deshmukh,Baramati,Flu,General Physician,24,4.6,230
10841,Dr. Kiran Jadhav,Alibaug,Arthritis,Orthopedic,3,4.8,494
10842,Dr. Rohit Patil,Pune,Chickenpox,Dermatologist,31,4.8,1068
10843,Dr. Rahul Sharma,Nashik,Cold,General Physician,29,3.8,1034
10844,Dr. Vikas Gupta,Ahmednagar,Flu,General Physician,28,3.9,618
10845,Dr. Rahul Sharma,Washim,Cold,General Physician,14,4.2,474
10846,Dr. Rohit Patil,Kolhapur,Dengue,Infectious Disease,31,5.0,253
10847,Dr. Neha Jadhav,Sangli,Flu,General Physician,35,4.5,305
10848,Dr. Amit Sharma,Osmanabad,Jaundice,Hepatologist,18,4.2,706
10849,Dr. Amit Kulkarni,Hingoli,Migraine,Neurologist,5,4.9,1330
10850,Dr. Kiran Kulkarni,Manmad,Food Poisoning,Gastroenterologist,28,4.3,751
10851,Dr. Pooja Patil,Chiplun,Dengue,Infectious Disease,34,4.9,684
10852,Dr. Neha Joshi,Shirdi,Measles,Pediatrician,33,4.3,538
10853,Dr. Amit Deshmukh,Pandharpur,Diabetes,Endocrinologist,28,4.9,1408
10854,Dr. Rahul Jadhav,Dhule,Measles,Pediatrician,25,4.9,1446
10855,Dr. Neha Deshmukh,Malegaon,Typhoid,General Physician,19,4.5,1470
10856,Dr. Rahul Joshi,Washim,Arthritis,Orthopedic,23,3.7,274
10857,Dr. Kiran Sharma,Kolhapur,Asthma,Pulmonologist,10,5.0,1351
10858,Dr. Vikas Shinde,Sillod,Dengue,Infectious Disease,2,4.6,233
10859,Dr. Neha Deshmukh,Satara,Cold,General Physician,27,4.2,824
10860,Dr. Amit Sharma,Sillod,Diabetes,Endocrinologist,25,4.3,312
10861,Dr. Priya Kulkarni,Sangli,Flu,General Physician,23,4.0,1247
10862,Dr. Priya Sharma,Chiplun,Typhoid,General Physician,28,4.9,506
10863,Dr. Rohit Gupta,Raigad,Malaria,Infectious Disease,19,4.9,1296
10864,Dr. Vikas Sharma,Ulhasnagar,Typhoid,General Physician,33,4.6,253
10865,Dr. Kiran Joshi,Yavatmal,Arthritis,Orthopedic,23,4.8,712
10866,Dr. Rahul Jadhav,Washim,Typhoid,General Physician,10,4.9,410
10867,Dr. Vikas Gupta,Karad,Flu,General Physician,5,4.6,346
10868,Dr. Rohit Sharma,Udgir,Measles,Pediatrician,22,4.1,410
10869,Dr. Anil Deshmukh,Osmanabad,Typhoid,General Physician,30,3.6,1022
10870,Dr. Neha Deshmukh,Latur,Typhoid,General Physician,22,3.5,486
10871,Dr. Rahul Gupta,Loha,Asthma,Pulmonologist,8,4.8,1262
10872,Dr. Rohit Shinde,Latur,Jaundice,Hepatologist,26,3.5,375
10873,Dr. Neha Kulkarni,Chiplun,Migraine,Neurologist,20,4.3,789
10874,Dr. Neha Kulkarni,Pandharpur,Jaundice,Hepatologist,26,4.4,1085
10875,Dr. Vikas Kulkarni,Digras,Typhoid,General Physician,34,4.9,582
10876,Dr. Vikas Kulkarni,Wardha,Flu,General Physician,16,3.8,1249
10877,Dr. Sneha Joshi,Selu,Migraine,Neurologist,8,3.7,1133
10878,Dr. Vikas Jadhav,Palghar,COVID-19,Pulmonologist,22,4.5,268
10879,Dr. Neha Shinde,Dhule,Cold,General Physician,16,4.6,391
10880,Dr. Pooja Joshi,Savner,Malaria,Infectious Disease,21,4.3,1188
10881,Dr. Rahul Deshmukh,Sindhudurg,Dengue,Infectious Disease,35,4.3,1408
10882,Dr. Sneha Patil,Jalgaon,Food Poisoning,Gastroenterologist,31,3.6,762
10883,Dr. Neha Shinde,Manmad,Cold,General Physician,31,4.3,1429
10884,Dr. Rahul Jadhav,Raigad,Typhoid,General Physician,32,4.2,485
10885,Dr. Sneha Deshmukh,Jalna,Flu,General Physician,17,4.0,1237
10886,Dr. Rohit Jadhav,Wardha,Food Poisoning,Gastroenterologist,1,4.4,523
10887,Dr. Priya Deshmukh,Digras,Migraine,Neurologist,24,4.8,597
10888,Dr. Rahul Gupta,Arvi,Migraine,Neurologist,4,4.7,912
10889,Dr. Rahul Gupta,Pandharpur,Asthma,Pulmonologist,33,3.7,1297
10890,Dr. Rahul Shinde,Ballarpur,Cold,General Physician,4,4.4,649
10891,Dr. Amit Gupta,Gadchiroli,Migraine,Neurologist,34,4.3,706
10892,Dr. Pooja Joshi,Parli,Flu,General Physician,26,4.0,582
10893,Dr. Sneha Sharma,Pandharpur,Diabetes,Endocrinologist,34,4.4,670
10894,Dr. Rohit Jadhav,Achalpur,COVID-19,Pulmonologist,12,4.1,1361
10895,Dr. Priya Gupta,Dombivli,Cold,General Physician,24,3.7,429
10896,Dr. Priya Joshi,Solapur,Malaria,Infectious Disease,35,4.8,1318
10897,Dr. Kiran Gupta,Shirdi,Typhoid,General Physician,10,4.3,239
10898,Dr. Pooja Shinde,Nanded,Measles,Pediatrician,1,4.7,950
10899,Dr. Anil Patil,Amravati,Chickenpox,Dermatologist,18,4.4,616
10900,Dr. Priya Deshmukh,Karad,COVID-19,Pulmonologist,11,4.0,573
10901,Dr. Priya Gupta,Sangli,Jaundice,Hepatologist,17,4.3,1256
10902,Dr. Sneha Shinde,Loha,COVID-19,Pulmonologist,24,3.5,968
10903,Dr. Sneha Patil,Kalyan,Cold,General Physician,27,4.4,1358
10904,Dr. Anil Kulkarni,Phaltan,Food Poisoning,Gastroenterologist,29,4.7,930
10905,Dr. Priya Joshi,Ratnagiri,Cold,General Physician,3,4.1,202
10906,Dr. Neha Deshmukh,Virar,Asthma,Pulmonologist,13,3.7,706
10907,Dr. Priya Joshi,Shegaon,Typhoid,General Physician,4,4.4,677
10908,Dr. Amit Gupta,Sindhudurg,Malaria,Infectious Disease,18,4.8,827
10909,Dr. Anil Joshi,Gondia,Diabetes,Endocrinologist,22,3.6,249
10910,Dr. Rohit Sharma,Panvel,Jaundice,Hepatologist,25,4.8,581
10911,Dr. Neha Gupta,Vasai,Dengue,Infectious Disease,4,3.9,631
10912,Dr. Rahul Sharma,Sangli,Dengue,Infectious Disease,25,4.4,851
10913,Dr. Neha Patil,Jalgaon,Jaundice,Hepatologist,34,4.3,649
10914,Dr. Neha Sharma,Chandrapur,Malaria,Infectious Disease,2,3.6,1417
10915,Dr. Kiran Joshi,Ulhasnagar,Cold,General Physician,17,4.9,1452
10916,Dr. Rahul Sharma,Alibaug,Asthma,Pulmonologist,20,3.5,275
10917,Dr. Neha Patil,Jalna,Migraine,Neurologist,26,4.0,1401
10918,Dr. Amit Jadhav,Kopargaon,Asthma,Pulmonologist,26,4.1,423
10919,Dr. Kiran Shinde,Ichalkaranji,Migraine,Neurologist,12,4.9,1219
10920,Dr. Vikas Patil,Ichalkaranji,Typhoid,General Physician,31,4.7,435
10921,Dr. Amit Patil,Ulhasnagar,Jaundice,Hepatologist,17,4.5,449
10922,Dr. Neha Patil,Mira Road,Malaria,Infectious Disease,20,4.3,321
10923,Dr. Priya Shinde,Nashik,Jaundice,Hepatologist,29,3.9,410
10924,Dr. Kiran Joshi,Ulhasnagar,Typhoid,General Physician,1,3.9,1234
10925,Dr. Rohit Gupta,Selu,Asthma,Pulmonologist,30,3.9,993
10926,Dr. Anil Gupta,Satara,Malaria,Infectious Disease,35,4.3,713
10927,Dr. Kiran Gupta,Nagpur,Cold,General Physician,27,4.3,1421
10928,Dr. Sneha Joshi,Shirdi,Chickenpox,Dermatologist,23,4.5,209
10929,Dr. Rahul Gupta,Pandharpur,COVID-19,Pulmonologist,21,4.9,440
10930,Dr. Vikas Deshmukh,Sangli,Arthritis,Orthopedic,12,4.2,864
10931,Dr. Rohit Kulkarni,Arvi,Flu,General Physician,4,3.9,1388
10932,Dr. Vikas Shinde,Ichalkaranji,Jaundice,Hepatologist,20,3.8,1101
10933,Dr. Anil Jadhav,Dhule,Food Poisoning,Gastroenterologist,31,4.9,719
10934,Dr. Anil Sharma,Solapur,Diabetes,Endocrinologist,24,3.9,280
10935,Dr. Amit Kulkarni,Pune,Measles,Pediatrician,12,3.5,1382
10936,Dr. Kiran Deshmukh,Jalgaon,COVID-19,Pulmonologist,25,4.3,560
10937,Dr. Anil Jadhav,Nashik,Food Poisoning,Gastroenterologist,11,4.7,843
10938,Dr. Neha Gupta,Gondia,Measles,Pediatrician,7,4.8,387
10939,Dr. Anil Shinde,Loha,Cold,General Physician,10,4.5,909
10940,Dr. Neha Sharma,Raigad,Diabetes,Endocrinologist,24,4.1,513
10941,Dr. Anil Patil,Ratnagiri,Typhoid,General Physician,7,4.3,894
10942,Dr. Priya Patil,Selu,Food Poisoning,Gastroenterologist,9,4.5,784
10943,Dr. Vikas Jadhav,Arvi,Measles,Pediatrician,31,3.7,306
10944,Dr. Sneha Shinde,Ulhasnagar,Diabetes,Endocrinologist,21,4.1,592
10945,Dr. Pooja Shinde,Mira Road,Diabetes,Endocrinologist,5,4.3,897
10946,Dr. Anil Jadhav,Digras,Typhoid,General Physician,29,4.6,605
10947,Dr. Amit Deshmukh,Malkapur,Chickenpox,Dermatologist,14,3.8,715
10948,Dr. Anil Gupta,Ballarpur,COVID-19,Pulmonologist,25,4.6,1063
10949,Dr. Rahul Deshmukh,Thane,Dengue,Infectious Disease,25,4.1,691
10950,Dr. Neha Deshmukh,Savner,Food Poisoning,Gastroenterologist,15,5.0,343
10951,Dr. Rohit Sharma,Yavatmal,Malaria,Infectious Disease,13,3.6,1105
10952,Dr. Amit Deshmukh,Malegaon,Jaundice,Hepatologist,30,4.3,805
10953,Dr. Amit Jadhav,Udgir,Migraine,Neurologist,21,3.7,1460
10954,Dr. Kiran Sharma,Selu,COVID-19,Pulmonologist,15,3.8,970
10955,Dr. Amit Jadhav,Alibaug,Dengue,Infectious Disease,32,4.9,292
10956,Dr. Pooja Kulkarni,Udgir,Cold,General Physician,1,4.7,741
10957,Dr. Priya Gupta,Solapur,Arthritis,Orthopedic,2,4.9,594
10958,Dr. Kiran Jadhav,Ratnagiri,Typhoid,General Physician,7,4.5,705
10959,Dr. Pooja Patil,Dombivli,Dengue,Infectious Disease,3,3.7,1263
10960,Dr. Kiran Deshmukh,Virar,Migraine,Neurologist,7,5.0,474
10961,Dr. Neha Sharma,Buldhana,Cold,General Physician,10,3.6,750
10962,Dr. Amit Joshi,Sangli,COVID-19,Pulmonologist,17,3.5,895
10963,Dr. Vikas Shinde,Jalna,Dengue,Infectious Disease,3,4.2,1416
10964,Dr. Rohit Joshi,Jalna,Malaria,Infectious Disease,26,4.4,1251
10965,Dr. Amit Gupta,Sillod,Food Poisoning,Gastroenterologist,30,4.5,1363
10966,Dr. Pooja Deshmukh,Karad,Malaria,Infectious Disease,34,4.9,1350
10967,Dr. Kiran Deshmukh,Bhandara,COVID-19,Pulmonologist,11,4.6,251
10968,Dr. Rahul Deshmukh,Thane,Asthma,Pulmonologist,10,4.1,574
10969,Dr. Pooja Patil,Solapur,Cold,General Physician,7,4.6,1495
10970,Dr. Sneha Deshmukh,Palghar,Dengue,Infectious Disease,8,4.5,1225
10971,Dr. Pooja Jadhav,Amravati,Chickenpox,Dermatologist,12,3.5,1021
10972,Dr. Anil Shinde,Loha,Arthritis,Orthopedic,25,3.6,839
10973,Dr. Kiran Sharma,Chiplun,Asthma,Pulmonologist,27,4.9,522
10974,Dr. Pooja Patil,Sangli,Diabetes,Endocrinologist,19,3.6,1270
10975,Dr. Amit Gupta,Arvi,Chickenpox,Dermatologist,29,4.6,1005
10976,Dr. Rohit Shinde,Latur,Arthritis,Orthopedic,21,4.8,1233
10977,Dr. Sneha Shinde,Chiplun,Jaundice,Hepatologist,20,3.7,1295
10978,Dr. Anil Kulkarni,Latur,COVID-19,Pulmonologist,19,4.8,1201
10979,Dr. Vikas Gupta,Sangli,Arthritis,Orthopedic,33,4.8,1334
10980,Dr. Vikas Shinde,Baramati,Chickenpox,Dermatologist,9,4.8,1135
10981,Dr. Neha Deshmukh,Malkapur,Asthma,Pulmonologist,25,4.0,1245
10982,Dr. Amit Jadhav,Raigad,Chickenpox,Dermatologist,28,4.2,1321
10983,Dr. Vikas Shinde,Dhule,Food Poisoning,Gastroenterologist,24,4.8,1448
10984,Dr. Rahul Joshi,Thane,Flu,General Physician,28,4.3,1472
10985,Dr. Kiran Kulkarni,Amravati,Typhoid,General Physician,24,4.0,1279
10986,Dr. Rahul Sharma,Amravati,Flu,General Physician,15,3.7,1082
10987,Dr. Pooja Gupta,Sangli,Migraine,Neurologist,9,3.6,838
10988,Dr. Amit Joshi,Parli,Dengue,Infectious Disease,6,3.9,929
10989,Dr. Vikas Gupta,Mumbai,Flu,General Physician,28,4.8,209
10990,Dr. Anil Jadhav,Parbhani,Dengue,Infectious Disease,17,4.2,1230
10991,Dr. Pooja Deshmukh,Thane,Cold,General Physician,30,4.2,1179
10992,Dr. Pooja Joshi,Parbhani,Measles,Pediatrician,23,3.9,1266
10993,Dr. Priya Sharma,Yavatmal,Malaria,Infectious Disease,16,4.8,617
10994,Dr. Amit Joshi,Jalna,Cold,General Physician,5,3.7,520
10995,Dr. Neha Joshi,Kopargaon,Typhoid,General Physician,9,4.2,269
10996,Dr. Vikas Gupta,Chandrapur,Food Poisoning,Gastroenterologist,1,3.7,549
10997,Dr. Priya Sharma,Yavatmal,Flu,General Physician,33,4.2,593
10998,Dr. Sneha Kulkarni,Ulhasnagar,Diabetes,Endocrinologist,26,4.1,608
10999,Dr. Kiran Sharma,Achalpur,Typhoid,General Physician,12,4.1,561
11000,Dr. Rahul Patil,Digras,Cold,General Physician,5,4.7,862
